Date,Close,High,Low,Open,Volume,Daily_Return,MA7,MA30,MA90,Price_Difference,High_Low_Spread,Lag_1,Lag_3,Lag_7,Volatility_7,Volatility_30,Momentum_7,Trend_Label
2021-10-27,145.31,146.17,144.96,145.81,56094900,-0.0031556561706798923,145.45428571428573,141.449,142.22466666666665,-0.5,1.2099999999999795,145.77,145.15,143.06,0.0066484908937609975,0.011677816353679342,2.25,0
2021-10-28,148.94,149.53,146.16,146.26,100077900,0.0249810749432248,145.9857142857143,141.572,142.42844444444444,2.680000000000007,3.3700000000000045,145.31,145.1,145.22,0.010023856426131409,0.01252770894484059,3.719999999999999,1
2021-10-29,146.24,146.37,142.93,143.72,124953200,-0.018128105277292795,146.0614285714286,141.69366666666664,142.60533333333333,2.5200000000000102,3.4399999999999977,148.94,145.77,145.71,0.012984353664943818,0.012517952812112211,0.5300000000000011,0
2021-11-01,145.42,146.14,144.28,145.45,74588300,-0.005607221006564699,145.99,141.88966666666664,142.77622222222223,-0.030000000000001137,1.8599999999999852,146.24,145.31,145.92,0.013179237900850712,0.011862544276116957,-0.5,0
2021-11-02,146.45,147.96,145.11,145.12,69122000,0.0070829321963966525,146.17571428571426,142.10399999999998,142.9617777777778,1.329999999999984,2.8499999999999943,145.42,148.94,145.15,0.013247279481574966,0.011902251276823003,1.299999999999983,1
2021-11-03,147.89,148.36,146.26,146.81,54511500,0.009832707408671888,146.5742857142857,142.28766666666667,143.14522222222223,1.079999999999984,2.1000000000000227,146.45,146.24,145.1,0.013584566065981357,0.011657760200426906,2.789999999999992,1
2021-11-04,147.37,148.8,147.06,147.97,60394600,-0.003516126851037811,146.80285714285716,142.422,143.30611111111114,-0.5999999999999943,1.740000000000009,147.89,145.42,145.77,0.01375036904163735,0.011644038751584693,1.5999999999999943,0
2021-11-05,147.9,148.8,146.7,148.49,65463900,0.0035963900386781645,147.17285714285714,142.571,143.46611111111113,-0.5900000000000034,2.1000000000000227,147.37,146.45,145.31,0.013593709520219906,0.011653462081072666,2.5900000000000034,1
2021-11-08,147.08,148.18,146.8,148.02,55020900,-0.005544286680189271,146.90714285714284,142.74333333333334,143.61366666666666,-0.9399999999999977,1.3799999999999955,147.9,147.89,148.94,0.009499121257957929,0.01151440576567967,-1.8599999999999852,0
2021-11-09,147.44,148.04,146.7,146.84,56787900,0.0024476475387543188,147.07857142857142,143.04033333333334,143.73600000000002,0.5999999999999943,1.3400000000000034,147.08,147.37,146.24,0.006198059994753295,0.010495482000259643,1.1999999999999886,1
2021-11-10,144.61,146.77,144.54,146.67,65187100,-0.0191942485078675,146.96285714285713,143.213,143.80466666666666,-2.059999999999974,2.230000000000018,147.44,147.9,145.42,0.009774893311422266,0.011154583806903866,-0.8099999999999739,0
2021-11-11,144.56,146.09,144.38,145.63,41000000,-0.000345757554802651,146.69285714285715,143.42733333333334,143.84511111111112,-1.0699999999999932,1.710000000000008,144.61,147.08,146.45,0.009166248851225767,0.01097943640180413,-1.8899999999999864,0
2021-11-12,146.64,147.04,144.18,145.11,63804000,0.014388489208632983,146.51428571428573,143.67333333333335,143.9231111111111,1.5299999999999727,2.859999999999985,144.56,147.44,147.89,0.010231193881098841,0.011165131578160474,-1.25,1
2021-11-15,146.65,148.48,146.09,147.01,59222800,6.819421713051915e-05,146.4114285714286,144.034,143.9808888888889,-0.3599999999999852,2.3899999999999864,146.64,144.61,147.37,0.010183604523388678,0.010000161844902324,-0.7199999999999989,1
2021-11-16,147.62,148.1,146.0,146.59,59256200,0.006614387998636201,146.37142857142857,144.36299999999997,144.05611111111114,1.0300000000000011,2.0999999999999943,146.65,144.56,147.9,0.010453883426706615,0.009793303509949239,-0.28000000000000114,1
2021-11-17,150.06,151.53,147.61,147.62,88807000,0.016528925619834694,146.79714285714286,144.74433333333334,144.1461111111111,2.4399999999999977,3.9199999999999875,147.62,146.64,147.08,0.01182115351758203,0.01010817012252007,2.9799999999999898,1
2021-11-18,154.34,155.12,149.63,150.27,137827700,0.02852192456350794,147.78285714285715,145.22633333333334,144.24566666666666,4.069999999999993,5.490000000000009,150.06,146.65,147.44,0.015253663852288117,0.011105434153717546,6.900000000000006,1
2021-11-19,156.96,157.42,153.03,154.12,117305600,0.01697550861733837,149.54714285714286,145.80833333333334,144.38155555555556,2.8400000000000034,4.389999999999986,154.34,147.62,144.61,0.010388404139723625,0.011314864596394634,12.349999999999994,1
2021-11-22,157.42,161.99,157.4,158.06,117467900,0.0029306829765544055,151.3842857142857,146.40866666666665,144.5452222222222,-0.6400000000000148,4.590000000000003,156.96,150.06,144.56,0.009806319698956005,0.011283031165552045,12.859999999999985,1
2021-11-23,157.8,158.18,155.5,157.52,96041900,0.0024139245330963275,152.97857142857146,147.064,144.75577777777778,0.28000000000000114,2.680000000000007,157.42,154.34,146.64,0.010405334180280819,0.011009975231275766,11.160000000000025,1
2021-11-24,158.32,158.51,156.07,157.16,69463600,0.003295310519645005,154.6457142857143,147.756,144.93200000000002,1.1599999999999966,2.4399999999999977,157.8,156.96,146.65,0.009922304089514798,0.010890089472972595,11.669999999999987,1
2021-11-26,153.3,156.86,152.86,156.0,76959800,-0.03170793329964617,155.45714285714286,148.188,145.06055555555554,-2.6999999999999886,4.0,158.32,157.42,147.62,0.019099387885463896,0.012373377085911665,5.680000000000007,0
2021-11-29,156.66,157.59,155.24,155.81,88748200,0.021917808219177985,156.4,148.69700000000003,145.21133333333333,0.8499999999999943,2.3499999999999943,153.3,157.8,150.06,0.0197136697492787,0.012825227094072368,6.599999999999994,1
2021-11-30,161.6,161.82,156.34,156.41,174048100,0.03153325673432911,157.43714285714285,149.315,145.39788888888887,5.189999999999998,5.47999999999999,156.66,158.32,154.34,0.02030257705122212,0.01373865982829739,7.259999999999991,1
2021-12-01,161.09,166.49,160.85,163.73,152052500,-0.0031559405940593498,158.02714285714288,149.844,145.5741111111111,-2.6399999999999864,5.640000000000015,161.6,153.3,156.96,0.02003938783349833,0.01364144852171511,4.1299999999999955,0
2021-12-02,160.1,160.53,154.27,155.19,136739200,-0.006145632876032088,158.41,150.32366666666667,145.76344444444445,4.909999999999997,6.259999999999991,161.09,156.66,157.42,0.02040212418827388,0.01375599197996035,2.680000000000007,0
2021-12-03,158.22,161.27,156.15,160.35,118023100,-0.011742660836976861,158.47,150.73366666666664,145.95122222222224,-2.1299999999999955,5.1200000000000045,160.1,161.6,157.8,0.02111211520855877,0.014023286971205804,0.4199999999999875,0
2021-12-06,161.62,164.13,160.61,160.62,107497000,0.021489065857666575,158.94142857142856,151.28266666666664,146.16966666666667,1.0,3.519999999999982,158.22,161.09,158.32,0.022572841512457944,0.014339841620910822,3.3000000000000114,1
2021-12-07,167.35,167.74,164.58,165.3,120405400,0.0354535329785917,160.94857142857146,152.02433333333332,146.44933333333333,2.049999999999983,3.1599999999999966,161.62,160.1,153.3,0.019315857187775613,0.015439932552027918,14.049999999999983,1
2021-12-08,171.16,172.03,166.88,168.28,116998900,0.022766656707499267,163.01999999999998,152.87066666666666,146.775,2.8799999999999955,5.150000000000006,167.35,158.22,156.66,0.0193854399321319,0.015781025890280714,14.5,1
2021-12-09,170.66,172.8,170.03,171.0,108923700,-0.0029212432811404534,164.31428571428572,153.71566666666664,147.07522222222224,-0.3400000000000034,2.7700000000000102,171.16,161.62,161.6,0.018199341994670725,0.015776656720286428,9.060000000000002,0
2021-12-10,175.44,175.61,170.78,171.29,115402700,0.02800890659791399,166.3642857142857,154.59900000000002,147.433,4.150000000000006,4.8300000000000125,170.66,167.35,161.09,0.01882697275428481,0.015914698788065316,14.349999999999994,1
2021-12-13,171.81,178.06,171.6,177.07,153237000,-0.020690834473324187,168.03714285714287,155.45133333333334,147.74922222222222,-5.259999999999991,6.460000000000008,175.44,171.16,160.1,0.021786924202819965,0.01605270752845516,11.710000000000008,0
2021-12-14,170.43,173.77,168.36,171.33,139380400,-0.008032128514056198,169.78142857142856,156.285,148.05777777777777,-0.9000000000000057,5.409999999999997,171.81,170.66,158.22,0.021197335929575793,0.01611659337242233,12.210000000000008,0
2021-12-15,175.29,175.49,168.46,171.19,131063300,0.028516106319309894,171.73428571428573,157.24633333333335,148.42088888888887,4.099999999999994,7.030000000000001,170.43,175.44,161.62,0.02193764207338717,0.01665839328367858,13.669999999999987,1
2021-12-16,168.41,177.09,166.93,175.27,150185800,-0.039249244109760946,171.88571428571427,157.93033333333332,148.71277777777777,-6.860000000000014,10.159999999999997,175.29,171.81,167.35,0.02629187024088604,0.01858265959724784,1.0600000000000023,0
2021-12-17,167.31,169.59,165.9,166.13,195432700,-0.006531678641410809,171.33571428571432,158.595,148.98966666666666,1.1800000000000068,3.6899999999999977,168.41,170.43,171.16,0.02456145495687838,0.01863563770193624,-3.8499999999999943,0
2021-12-20,165.95,166.77,163.72,164.52,107499100,-0.008128623513238979,170.66285714285712,159.19666666666666,149.21855555555555,1.4299999999999784,3.0500000000000114,167.31,175.29,170.66,0.02463791716651582,0.018775645646908236,-4.710000000000008,0
2021-12-21,169.12,169.33,165.34,167.72,91185900,0.01910213919855388,169.76,159.93133333333333,149.48044444444446,1.4000000000000057,3.990000000000009,165.95,168.41,175.44,0.022893898765544617,0.01888181512258475,-6.319999999999993,1
2021-12-22,171.71,171.93,168.3,169.17,92135300,0.01531456953642386,169.74571428571429,160.74033333333333,149.74911111111112,2.5400000000000205,3.6299999999999955,169.12,167.31,171.81,0.02282619599788445,0.018971578566990152,-0.09999999999999432,1
2021-12-23,172.34,172.9,171.35,171.92,68356600,0.00366897676314714,170.01857142857145,161.66466666666668,150.03488888888887,0.4200000000000159,1.5500000000000114,171.71,165.95,170.43,0.022554691610375814,0.01840586954220497,1.9099999999999966,1
2021-12-27,176.3,176.39,173.11,173.13,74919600,0.022977834513171685,170.16285714285715,162.72266666666667,150.40622222222223,3.170000000000016,3.2799999999999727,172.34,169.12,175.29,0.021536013273869198,0.018618694841472924,1.0100000000000193,1
2021-12-28,175.28,177.27,174.54,176.13,79144300,-0.005785592739648384,171.1442857142857,163.67733333333334,150.76255555555554,-0.8499999999999943,2.730000000000018,176.3,171.71,168.41,0.013212342494544132,0.018699535418740504,6.8700000000000045,0
2021-12-29,175.37,176.59,174.16,175.32,62348900,0.0005134641716111559,172.2957142857143,164.63466666666667,151.1037777777778,0.05000000000001137,2.430000000000007,175.28,172.34,167.31,0.012356827220852296,0.018694731274589146,8.060000000000002,1
2021-12-30,174.21,176.53,174.11,175.46,59773000,-0.006614586303244549,173.47571428571428,165.52100000000002,151.41555555555556,-1.25,2.4199999999999875,175.37,176.3,165.95,0.012061507468907478,0.018838825487598035,8.26000000000002,0
2021-12-31,173.6,175.22,173.3,174.11,64062300,-0.003501521152631959,174.11571428571432,166.30566666666667,151.72155555555557,-0.5100000000000193,1.9199999999999875,174.21,175.28,169.12,0.011290500706457977,0.018796977508566612,4.47999999999999,0
2022-01-03,177.94,178.79,173.74,173.85,104487900,0.02500000000000002,175.00571428571428,167.09233333333333,152.08944444444447,4.090000000000003,5.049999999999983,173.6,175.37,171.71,0.013344039622295252,0.018655728552577803,6.22999999999999,1
2022-01-04,175.68,178.85,175.11,178.55,99310400,-0.01270091041924239,175.4828571428571,167.71633333333332,152.4411111111111,-2.8700000000000045,3.7399999999999807,177.94,174.21,172.34,0.014986302504406105,0.018780945617051938,3.3400000000000034,0
2022-01-05,171.01,176.14,170.73,175.59,94537600,-0.026582422586521038,174.72714285714284,168.16933333333336,152.72933333333333,-4.5800000000000125,5.409999999999997,175.68,173.6,176.3,0.0155826652174239,0.019590772970810095,-5.2900000000000205,0
2022-01-06,168.15,171.38,167.8,168.84,96904000,-0.01672416817729949,173.70857142857145,168.51433333333335,152.93677777777776,-0.6899999999999977,3.579999999999984,171.01,177.94,175.28,0.016295784089486978,0.019917679773775232,-7.1299999999999955,0
2022-01-07,168.32,170.25,167.21,169.02,86709100,0.0010110020814747991,172.70142857142858,168.84766666666664,153.16011111111112,-0.700000000000017,3.039999999999992,168.15,175.68,175.37,0.016328969515881944,0.019918155083544713,-7.050000000000011,1
2022-01-10,168.34,168.64,164.41,165.3,106765600,0.0001188212927757262,171.86285714285714,169.34900000000002,153.37633333333335,3.039999999999992,4.22999999999999,168.32,171.01,174.21,0.016465953442386567,0.018867804642728973,-5.8700000000000045,1
2022-01-11,171.16,171.26,167.0,168.47,76138300,0.016751811809433248,171.5142857142857,169.8323333333333,153.61144444444446,2.6899999999999977,4.259999999999991,168.34,168.15,173.6,0.018392403038894542,0.018714945862922844,-2.4399999999999977,1
2022-01-12,171.6,173.22,170.91,172.18,74805200,0.0025706940874035858,170.60857142857142,170.16566666666668,153.84444444444443,-0.5800000000000125,2.3100000000000023,171.16,168.32,177.94,0.014464371619090526,0.017929444116858526,-6.340000000000003,1
2022-01-13,168.34,172.67,167.95,171.85,84505800,-0.018997668997668946,169.55999999999997,170.40733333333336,154.01533333333333,-3.509999999999991,4.719999999999999,171.6,168.34,175.68,0.015194714167907089,0.018320386570126586,-7.340000000000003,0
2022-01-14,169.2,169.89,167.26,167.51,80440800,0.0051087085659972985,169.30142857142854,170.71066666666667,154.2128888888889,1.6899999999999977,2.6299999999999955,168.34,171.16,171.01,0.012518168181602075,0.01827082495828058,-1.8100000000000023,1
2022-01-18,166.0,168.68,165.62,167.67,90956700,-0.018912529550827357,168.99428571428572,170.97,154.38611111111112,-1.6699999999999875,3.0600000000000023,169.2,171.6,168.15,0.012981885123021238,0.018502291262450496,-2.1500000000000057,0
2022-01-19,162.51,167.25,162.23,166.2,94815000,-0.021024096385542222,168.16428571428574,170.99966666666668,154.5758888888889,-3.6899999999999977,5.02000000000001,166.0,168.34,168.32,0.014748196300494903,0.0185675899057618,-5.810000000000002,0
2022-01-20,160.83,165.89,160.51,163.25,91420500,-0.010337825364592816,167.09142857142857,170.78233333333336,154.74077777777777,-2.4199999999999875,5.3799999999999955,162.51,169.2,168.34,0.014683126369612212,0.017429602517163714,-7.509999999999991,0
2022-01-21,158.78,162.61,158.67,160.74,122848900,-0.012746378163278066,165.32285714285715,170.36966666666666,154.89833333333334,-1.960000000000008,3.940000000000026,160.83,166.0,171.16,0.010592327379982643,0.016946634119668548,-12.379999999999995,0
2022-01-24,158.01,158.67,151.24,156.44,162294600,-0.004849477264139125,163.3814285714286,169.948,155.03755555555554,1.5699999999999932,7.429999999999978,158.78,162.51,171.6,0.009350804526409899,0.016952489422386866,-13.590000000000003,0
2022-01-25,156.21,159.12,153.51,155.42,115798400,-0.011391684070628334,161.64857142857142,169.307,155.15933333333334,0.7900000000000205,5.610000000000014,158.01,160.83,168.34,0.008783451259515006,0.01601363717777702,-12.129999999999995,0
2022-01-26,156.12,160.71,154.29,159.84,108275300,-0.000576147493758424,159.78,168.78400000000002,155.30966666666666,-3.719999999999999,6.420000000000016,156.21,158.78,169.2,0.0072118799347510405,0.01569733387478749,-13.079999999999984,0
2022-01-27,155.66,160.18,154.74,158.82,121954600,-0.002946451447604458,158.30285714285716,168.29166666666666,155.48877777777778,-3.1599999999999966,5.439999999999998,156.12,158.01,166.0,0.006962388376758547,0.015669308870034065,-10.340000000000003,0
2022-01-28,166.52,166.54,159.16,162.0,179935700,0.0697674418604652,158.8757142857143,167.99933333333334,155.7832222222222,4.52000000000001,7.3799999999999955,155.66,156.21,162.51,0.0294267892034697,0.019789414473431546,4.010000000000019,1
2022-01-31,170.87,171.09,165.72,166.35,115541600,0.026122988229642048,160.31,168.08133333333336,156.09977777777777,4.52000000000001,5.3700000000000045,166.52,156.12,160.83,0.029723201156357282,0.019078432666903893,10.039999999999992,1
2022-02-01,170.71,170.93,168.46,170.12,86213900,-0.000936384385790347,162.01428571428573,168.19466666666668,156.40388888888887,0.5900000000000034,2.469999999999999,170.87,155.66,158.78,0.02859321173861352,0.019033040073746822,11.930000000000007,0
2022-02-02,171.91,171.95,169.45,170.84,84914300,0.007029465174857879,164.0,168.39333333333335,156.72033333333334,1.0699999999999932,2.5,170.71,166.52,158.01,0.02785669708909648,0.018987821347249537,13.900000000000006,1
2022-02-03,169.03,172.3,168.27,170.58,89418100,-0.016752952126112476,165.83142857142857,168.39033333333333,157.02166666666668,-1.5500000000000114,4.030000000000001,171.91,170.87,156.21,0.028682544206901184,0.018960159488069412,12.819999999999993,0
2022-02-04,168.75,170.42,167.08,168.05,82465400,-0.001656510678577774,167.6357142857143,168.29166666666666,157.35744444444444,0.6999999999999886,3.339999999999975,169.03,170.71,156.12,0.02876223396111084,0.018744125835846646,12.629999999999995,0
2022-02-07,168.04,170.28,167.34,169.21,77251200,-0.004207407407407455,169.4042857142857,168.14833333333334,157.67533333333333,-1.170000000000016,2.9399999999999977,168.75,171.91,155.66,0.028871664678933307,0.018740136921965474,12.379999999999995,0
2022-02-08,171.14,171.65,167.81,168.1,74829200,0.01844798857414898,170.06428571428572,167.97633333333334,158.04211111111113,3.039999999999992,3.8400000000000034,168.04,169.03,166.52,0.0145014877705796,0.018560368012643762,4.619999999999976,1
2022-02-09,172.56,172.92,171.21,172.33,71285000,0.008297300455767301,170.30571428571426,167.88566666666665,158.4121111111111,0.22999999999998977,1.7099999999999795,171.14,168.75,170.87,0.011147838386389065,0.018608653574255184,1.6899999999999977,1
2022-02-10,168.49,171.77,167.93,170.46,90865900,-0.02358599907278624,169.98857142857145,167.65633333333335,158.775,-1.9699999999999989,3.8400000000000034,172.56,168.04,170.71,0.014685188030407545,0.019083872688563337,-2.219999999999999,0
2022-02-11,165.08,169.43,164.49,168.69,98670700,-0.020238589827289433,169.01285714285714,167.352,159.07866666666666,-3.609999999999985,4.939999999999998,168.49,171.14,171.91,0.015551359979288817,0.01937797141091971,-6.829999999999984,0
2022-02-14,165.31,166.0,163.04,163.84,86185500,0.0013932638720619685,168.48142857142855,167.07566666666665,159.37522222222222,1.4699999999999989,2.960000000000008,165.08,172.56,169.03,0.01489473008094996,0.019382143619023195,-3.719999999999999,1
2022-02-15,169.14,169.3,166.65,167.36,62527400,0.023168592341661024,168.53714285714287,166.78233333333336,159.70033333333333,1.7799999999999727,2.6500000000000057,165.31,168.49,168.75,0.01793491988941965,0.01929866187877674,0.38999999999998636,1
2022-02-16,168.91,169.68,166.46,168.22,61177400,-0.0013598202672341834,168.6614285714286,166.55666666666667,160.0271111111111,0.6899999999999977,3.219999999999999,169.14,165.08,168.04,0.017843261568206557,0.019182670896977214,0.8700000000000045,0
2022-02-17,165.31,168.28,164.91,167.42,69589300,-0.02131312533301755,167.82857142857142,166.36666666666667,160.3148888888889,-2.109999999999985,3.3700000000000045,168.91,165.31,171.14,0.01764426113338776,0.01896451029037734,-5.829999999999984,0
2022-02-18,163.77,166.94,162.68,166.23,82772700,-0.009315830863226618,166.57285714285715,166.22066666666666,160.59966666666665,-2.4599999999999795,4.259999999999991,165.31,169.14,172.56,0.0166946225882562,0.018799663501993365,-8.789999999999992,0
2022-02-22,160.85,163.17,158.73,161.5,91162800,-0.01782988337302324,165.48142857142858,165.9716666666667,160.85844444444444,-0.6500000000000057,4.439999999999998,163.77,168.91,168.49,0.015881976808183783,0.019053113279324456,-7.640000000000015,0
2022-02-23,156.69,162.64,156.38,162.04,90009200,-0.025862604911408123,164.28285714285715,165.58333333333334,161.04011111111112,-5.349999999999994,6.259999999999991,160.85,165.31,165.08,0.016808101410186377,0.019568040944049025,-8.390000000000015,0
2022-02-24,159.3,159.41,148.79,149.36,141147500,0.016657093624353907,163.42428571428573,165.18800000000002,161.23911111111113,9.939999999999998,10.620000000000005,156.69,163.77,165.31,0.018974738816376804,0.019564884023756786,-6.009999999999991,1
2022-02-25,161.37,161.63,157.47,160.38,91974200,0.012994350282485832,162.31428571428572,164.847,161.44255555555557,0.9900000000000091,4.159999999999997,159.3,160.85,169.14,0.016699782114775387,0.01974443264257774,-7.769999999999982,1
2022-02-28,161.63,161.93,159.0,159.62,95056600,0.001611204065191739,161.27428571428572,164.62333333333333,161.62488888888888,2.009999999999991,2.930000000000007,161.37,156.69,168.91,0.016891098581482106,0.019484478755921363,-7.280000000000001,1
2022-03-01,159.75,163.08,158.55,161.22,83474400,-0.011631504052465479,160.48000000000002,164.30833333333334,161.7808888888889,-1.4699999999999989,4.530000000000001,161.63,159.3,165.31,0.015804090059937523,0.019537956013077607,-5.560000000000002,0
2022-03-02,163.04,163.83,159.51,160.92,79724800,0.020594679186228433,160.37571428571428,164.20966666666666,161.9711111111111,2.1200000000000045,4.320000000000022,159.75,161.37,163.77,0.018227281901481946,0.01967106216793558,-0.7300000000000182,1
2022-03-03,162.72,165.34,162.05,164.91,76678400,-0.0019627085377820976,160.64285714285714,164.21666666666667,162.16633333333334,-2.1899999999999977,3.289999999999992,163.04,161.63,160.85,0.016628788394251828,0.019286546335723395,1.8700000000000045,0
2022-03-04,159.72,162.05,158.68,161.02,83737200,-0.018436578171091445,161.07571428571427,164.17966666666663,162.3287777777778,-1.3000000000000114,3.3700000000000045,162.72,159.75,156.69,0.014696622557082956,0.019494968395529947,3.030000000000001,0
2022-03-07,155.94,161.54,155.68,159.91,96418800,-0.023666416228399708,160.5957142857143,164.085,162.4417777777778,-3.969999999999999,5.859999999999985,159.72,163.04,159.3,0.016200425524123332,0.01983910347251001,-3.3600000000000136,0
2022-03-08,154.12,159.44,152.51,155.47,131148300,-0.011671155572656106,159.55999999999997,163.95533333333333,162.53966666666668,-1.3499999999999943,6.930000000000007,155.94,162.72,161.37,0.014780194740748848,0.019930571339919458,-7.25,0
2022-03-09,159.51,159.96,156.04,158.07,91454900,0.03497274850765628,159.25714285714284,164.06533333333334,162.6571111111111,1.4399999999999977,3.920000000000016,154.12,159.72,161.63,0.021612905187670204,0.020844906526508188,-2.1200000000000045,1
2022-03-10,155.17,157.0,152.69,156.82,105342000,-0.027208325496834076,158.60285714285715,164.03366666666668,162.75633333333332,-1.6500000000000057,4.310000000000002,159.51,155.94,159.75,0.023524895789015076,0.02146789125578513,-4.5800000000000125,0
2022-03-11,151.46,155.92,151.24,155.57,96970100,-0.023909260810723594,156.9485714285714,163.8936666666667,162.82344444444445,-4.109999999999985,4.679999999999978,155.17,154.12,163.04,0.021744631076592198,0.02190435882438776,-11.579999999999984,0
2022-03-14,147.44,150.87,146.93,148.25,108732100,-0.026541661164664002,154.76571428571427,163.25766666666667,162.83444444444444,-0.8100000000000023,3.9399999999999977,151.46,159.51,162.72,0.022160341843844567,0.017917882133967212,-15.280000000000001,0
2022-03-15,151.81,152.28,147.2,147.71,92964300,0.02963917525773199,153.6357142857143,162.62233333333333,162.87800000000001,4.099999999999994,5.0800000000000125,147.44,155.17,159.72,0.027324750368656666,0.018131227838581235,-7.909999999999997,1
2022-03-16,156.22,156.62,151.2,153.73,102300200,0.029049469731901697,153.6757142857143,162.13933333333333,162.97633333333332,2.490000000000009,5.420000000000016,151.81,151.46,155.94,0.029141571905452256,0.01909412196024468,0.28000000000000114,1
2022-03-17,157.23,157.6,154.3,155.26,75615400,0.006465241326334598,154.11999999999998,161.65,163.07999999999998,1.9699999999999989,3.299999999999983,156.22,147.44,154.12,0.028669200848402666,0.019084405556185655,3.109999999999985,1
2022-03-18,160.52,161.01,156.39,157.12,123511700,0.02092475990587051,154.2642857142857,161.36633333333333,163.22933333333333,3.4000000000000057,4.6200000000000045,157.23,151.81,159.51,0.02648356792323666,0.01937179513265062,1.0100000000000193,1
2022-03-21,161.89,162.84,159.57,160.06,95811400,0.008534762023423723,155.2242857142857,161.13766666666666,163.38988888888886,1.829999999999984,3.2700000000000102,160.52,156.22,155.17,0.023353565509681186,0.019458833275619924,6.719999999999999,1
2022-03-22,165.25,165.84,161.43,162.01,81532000,0.02075483352893949,157.1942857142857,161.04466666666667,163.61922222222222,3.240000000000009,4.409999999999997,161.89,157.23,151.46,0.019505966871871127,0.019855445799499504,13.789999999999992,1
2022-03-23,166.62,168.99,164.11,164.44,98062700,0.008290468986384294,159.93428571428572,160.89399999999998,163.86433333333332,2.180000000000007,4.8799999999999955,165.25,160.52,147.44,0.009914953350666379,0.01960860096298476,19.180000000000007,1
2022-03-24,170.39,170.46,166.62,167.45,90131400,0.022626335373904582,162.5885714285714,160.8216666666667,164.1282222222222,2.9399999999999977,3.8400000000000034,166.62,161.89,151.81,0.008794444336052934,0.020005964116940222,18.579999999999984,1
2022-03-25,171.03,171.58,169.1,170.21,80546200,0.0037560889723576196,164.7042857142857,160.90633333333332,164.39911111111113,0.8199999999999932,2.480000000000018,170.39,165.25,156.22,0.008019339540825577,0.01952214184329343,14.810000000000002,1
2022-03-28,171.89,172.02,168.37,168.53,90371900,0.005028357598082121,166.79857142857142,161.13333333333333,164.66877777777776,3.359999999999985,3.6500000000000057,171.03,166.62,157.23,0.008231571483348764,0.019129506582543365,14.659999999999997,1
2022-03-29,175.18,175.23,172.62,172.96,100589400,0.019140147768922106,168.89285714285714,161.46233333333333,164.94788888888888,2.219999999999999,2.609999999999985,171.89,170.39,160.52,0.007962875441580686,0.019397811202657805,14.659999999999997,1
2022-03-30,174.02,175.82,172.97,174.78,92633200,-0.006621760474940042,170.62571428571428,161.625,165.16655555555556,-0.7599999999999909,2.8499999999999943,175.18,171.03,161.89,0.010803380914349884,0.019042213127556447,12.130000000000024,0
2022-03-31,170.92,174.27,170.72,174.08,103049300,-0.01781404436271706,171.43571428571428,161.692,165.3216666666667,-3.160000000000025,3.5500000000000114,174.02,171.89,165.25,0.0140148864022973,0.01935067851449375,5.6699999999999875,0
2022-04-01,170.63,171.19,168.31,170.35,78751300,-0.0016967002106248073,172.00857142857143,161.86933333333334,165.46844444444443,0.28000000000000114,2.8799999999999955,170.92,175.18,166.62,0.014121943033315865,0.018912002615940376,4.009999999999991,0
2022-04-04,174.67,174.72,170.76,170.88,76468400,0.02367696184727183,172.61999999999998,162.23266666666666,165.65588888888888,3.789999999999992,3.960000000000008,170.63,174.02,170.39,0.014362773258046255,0.019234202665634484,4.280000000000001,1
2022-04-05,171.36,174.53,170.74,173.75,73401800,-0.01895002003778539,172.66714285714286,162.583,165.80077777777777,-2.3899999999999864,3.789999999999992,174.67,170.92,171.03,0.016704827388925633,0.019275726975153368,0.3300000000000125,0
2022-04-06,168.2,169.96,166.54,168.72,89058800,-0.01844070961718035,172.14000000000001,162.96666666666667,165.96633333333335,-0.5200000000000102,3.420000000000016,171.36,170.63,171.89,0.017930069722316536,0.018946741261928687,-3.6899999999999977,0
2022-04-07,168.5,169.7,166.26,167.55,77594700,0.0017835909631391878,171.18571428571428,163.27333333333334,166.09788888888892,0.9499999999999886,3.4399999999999977,168.2,174.67,175.18,0.015384205145583198,0.018758228572820806,-6.680000000000007,1
2022-04-08,166.5,168.15,165.63,168.15,76575500,-0.011869436201780416,170.11142857142858,163.44433333333333,166.15233333333333,-1.6500000000000057,2.5200000000000102,168.5,171.36,174.02,0.015578166618268047,0.01880689875115167,-7.52000000000001,0
2022-04-11,162.25,165.46,162.01,165.15,72246700,-0.025525525525525526,168.87285714285713,163.465,166.16522222222224,-2.9000000000000057,3.450000000000017,166.5,168.2,170.92,0.016764882897503396,0.019429445262943944,-8.669999999999987,0
2022-04-12,164.12,166.28,163.12,164.47,79265200,0.011525423728813588,167.94285714285712,163.61066666666665,166.20988888888888,-0.3499999999999943,3.1599999999999966,162.25,168.5,170.63,0.018184687654604525,0.01939864999198499,-6.509999999999991,1
2022-04-13,166.8,167.43,163.25,163.86,70618900,0.016329514989032456,166.81857142857143,163.736,166.30522222222223,2.9399999999999977,4.180000000000007,164.12,166.5,174.67,0.016345681189293335,0.019265883281223008,-7.869999999999976,1
2022-04-14,161.8,167.65,161.55,167.02,75329400,-0.029976019184652276,165.45285714285714,163.70533333333333,166.3072222222222,-5.219999999999999,6.099999999999994,166.8,162.25,171.36,0.01817944011779815,0.02007334754685224,-9.560000000000002,0
2022-04-18,161.58,163.08,160.12,160.46,69023900,-0.0013597033374536393,164.50714285714284,163.76733333333334,166.2431111111111,1.1200000000000045,2.960000000000008,161.8,164.12,168.2,0.01768804843376112,0.019772207986638774,-6.619999999999976,0
2022-04-19,163.86,164.28,160.45,161.54,67723800,0.014110657259561833,163.84428571428572,164.03133333333332,166.162,2.3200000000000216,3.8300000000000125,161.58,166.8,168.5,0.019101077737106974,0.019374059053811243,-4.639999999999986,1
2022-04-20,163.7,165.31,162.59,165.2,67929800,-0.0009764433052607409,163.4442857142857,164.35066666666665,166.08466666666666,-1.5,2.719999999999999,163.86,161.8,166.5,0.01877731989932055,0.019214725458403713,-2.8000000000000114,0
2022-04-21,162.91,167.91,162.41,165.34,87227800,-0.004825901038484986,163.53857142857143,164.464,165.94544444444443,-2.430000000000007,5.5,163.7,161.58,162.25,0.015916045838726144,0.018221559130253015,0.6599999999999966,0
2022-04-22,158.37,164.33,158.09,162.94,84882400,-0.027868148057209455,162.71714285714285,164.57066666666665,165.79611111111112,-4.569999999999993,6.240000000000009,162.91,163.86,164.12,0.018240812008813622,0.018256975681696628,-5.75,0
2022-04-25,159.44,159.72,155.11,157.72,96046400,0.006756330113026413,161.6657142857143,164.83666666666664,165.674,1.7199999999999989,4.609999999999985,158.37,163.7,166.8,0.01667193807846531,0.017672504631146346,-7.360000000000014,1
2022-04-26,153.49,158.91,153.41,158.82,95623200,-0.03731811339688904,160.47857142857146,165.03833333333333,165.4317777777778,-5.329999999999984,5.5,159.44,162.91,161.8,0.01853603424863724,0.01836572414937511,-8.310000000000002,0
2022-04-27,153.26,156.42,152.1,152.62,88063200,-0.0014984689556324072,159.29,165.08666666666664,165.26344444444445,0.6399999999999864,4.319999999999993,153.49,158.37,161.58,0.01852862723279605,0.017584147072413216,-8.320000000000022,0
2022-04-28,160.18,161.05,155.57,155.89,130216800,0.04515202923137163,158.7642857142857,165.21866666666668,165.18422222222222,4.2900000000000205,5.480000000000018,153.26,159.44,163.86,0.026519236818706885,0.01869723721668745,-3.680000000000007,1
2022-04-29,154.32,162.69,153.93,158.42,131747600,-0.0365838431764266,157.42428571428573,165.12166666666664,165.055,-4.099999999999994,8.759999999999991,160.18,153.49,163.7,0.029344387659460586,0.019878288819743756,-9.379999999999995,0
2022-05-02,154.62,154.89,150.03,153.4,123055300,0.0019440124416797006,156.24,164.925,164.89388888888888,1.2199999999999989,4.859999999999985,154.32,153.26,162.91,0.02957808763147754,0.019473060153770608,-8.289999999999992,1
2022-05-03,156.11,157.32,153.02,154.81,88966500,0.009636528262837984,155.91714285714286,164.73233333333334,164.72055555555556,1.3000000000000114,4.299999999999983,154.62,160.18,158.37,0.02855985228224919,0.019492815959572012,-2.259999999999991,1
2022-05-04,162.51,162.96,155.9,156.3,108256500,0.04099673307283311,156.3557142857143,164.641,164.61133333333333,6.2099999999999795,7.060000000000002,156.11,154.32,159.44,0.032858582763767415,0.020592113654750274,3.069999999999993,1
2022-05-05,153.46,160.62,151.68,160.39,130525300,-0.05568888068426548,156.35142857142858,164.2023333333333,164.35755555555556,-6.929999999999978,8.939999999999998,162.51,154.62,153.49,0.03709383609942283,0.022854866180068698,-0.030000000000001137,0
2022-05-06,154.18,156.3,151.15,152.94,116124600,0.00469177635866023,156.4828571428571,163.66199999999998,164.12311111111111,1.240000000000009,5.150000000000006,153.46,156.11,153.26,0.037110215968017314,0.02240551538740724,0.9200000000000159,1
2022-05-09,149.07,152.76,148.51,151.88,131577900,-0.03314307951744723,154.8957142857143,162.92999999999998,163.83088888888886,-2.8100000000000023,4.25,154.18,162.51,160.18,0.03335179598272256,0.023021479978455814,-11.110000000000014,0
2022-05-10,151.47,153.66,149.92,152.46,115366700,0.016099818877037674,154.48857142857145,162.2493333333333,163.57822222222222,-0.9900000000000091,3.740000000000009,149.07,153.46,154.32,0.03220804221294632,0.02326385392847972,-2.8499999999999943,1
2022-05-11,143.62,152.39,142.94,150.48,142689800,-0.05182544398230669,152.91714285714286,161.19733333333335,163.2451111111111,-6.859999999999985,9.449999999999989,151.47,154.18,154.62,0.03709372911041857,0.0244151706729711,-11.0,0
2022-05-12,139.75,143.32,136.07,139.96,182602000,-0.02694610778443117,150.57999999999998,160.05499999999998,162.82077777777778,-0.21000000000000796,7.25,143.62,149.07,156.11,0.03645564230340566,0.024704409278342804,-16.360000000000014,0
2022-05-13,144.21,145.19,140.29,141.74,113990900,0.031914132379248714,147.96571428571428,159.16466666666665,162.47111111111113,2.469999999999999,4.900000000000006,139.75,151.47,162.51,0.034218622138852545,0.02560478691894733,-18.299999999999983,1
2022-05-16,142.68,144.62,141.34,142.69,86643800,-0.010609527771999175,146.4257142857143,158.233,162.15633333333332,-0.009999999999990905,3.280000000000001,144.21,143.62,153.46,0.029513699103170588,0.025612892572709656,-10.780000000000001,0
2022-05-17,146.3,146.82,143.79,145.93,78336300,0.025371460611157866,145.3,157.28733333333332,161.91355555555558,0.37000000000000455,3.030000000000001,142.68,139.75,154.18,0.03214414665306132,0.025681518835262058,-7.8799999999999955,1
2022-05-18,138.05,144.46,137.15,143.96,109742900,-0.05639097744360902,143.7257142857143,156.17700000000002,161.57722222222222,-5.909999999999997,7.310000000000002,146.3,144.21,149.07,0.03623385660064494,0.027217962976395966,-11.019999999999982,0
2022-05-19,134.65,138.87,133.91,137.13,136095600,-0.02462875769648682,141.32285714285715,155.05866666666668,161.20288888888888,-2.4799999999999898,4.960000000000008,138.05,142.68,151.47,0.0345094373125868,0.027332290745677588,-16.819999999999993,0
2022-05-20,134.88,137.93,130.0,136.35,137426100,0.001708132194578461,140.0742857142857,153.93800000000002,160.79977777777776,-1.4699999999999989,7.930000000000007,134.65,146.3,143.62,0.031046133671442253,0.0273314557172865,-8.740000000000009,1
2022-05-23,140.29,140.44,134.94,135.08,117726300,0.04010972716488728,140.15142857142857,153.06433333333334,160.4518888888889,5.2099999999999795,5.5,134.88,138.05,139.75,0.034556789996214685,0.02863056254732165,0.539999999999992,1
2022-05-24,137.6,139.18,134.63,138.04,104132700,-0.019174566968422537,139.20714285714286,152.24266666666665,160.11033333333333,-0.4399999999999977,4.550000000000011,140.29,134.65,144.21,0.0322759368226695,0.028498986491986986,-6.610000000000014,0
2022-05-25,137.75,139.0,135.62,135.71,92482700,0.0010901162790698088,138.50285714285715,151.36366666666666,159.76088888888887,2.039999999999992,3.3799999999999955,137.6,134.88,142.68,0.0323142924431991,0.028352600064483476,-4.930000000000007,1
2022-05-26,140.95,141.5,134.44,134.69,90601500,0.02323049001814874,137.73857142857142,150.502,159.48255555555556,6.259999999999991,7.060000000000002,137.75,140.29,146.3,0.031992312347888505,0.0285624476851636,-5.350000000000023,1
2022-05-27,146.7,146.73,142.4,142.53,90978500,0.04079460801702732,138.9742857142857,149.99866666666668,159.30688888888886,4.1699999999999875,4.329999999999984,140.95,137.6,138.05,0.026525628578955227,0.0293570776179112,8.649999999999977,1
2022-05-31,145.91,147.7,143.95,146.14,103718400,-0.005385139740967908,140.58285714285714,149.47633333333334,159.1411111111111,-0.22999999999998977,3.75,146.7,137.75,134.65,0.02325251578746395,0.029359272794903035,11.259999999999991,0
2022-06-01,145.78,148.75,144.77,146.95,74286600,-0.000890960180933421,142.14000000000001,148.87366666666668,158.99666666666664,-1.1699999999999875,3.9799999999999898,145.91,140.95,134.88,0.02345974665898604,0.02918546824563492,10.900000000000006,0
2022-06-02,148.23,148.29,143.97,144.92,72348100,0.016806146247770534,143.2742857142857,148.35800000000003,158.888,3.3100000000000023,4.319999999999993,145.78,146.7,140.29,0.020122066760735448,0.02941762701947179,7.939999999999998,1
2022-06-03,142.52,145.06,141.62,144.01,88570300,-0.03852121702759212,143.97714285714284,147.6783333333333,158.7358888888889,-1.4899999999999807,3.4399999999999977,148.23,145.91,137.6,0.02518029444966966,0.03012903295169495,4.920000000000016,0
2022-06-06,143.26,145.65,142.05,144.14,71598400,0.005192253718776176,144.7642857142857,147.17466666666667,158.59300000000002,-0.8799999999999955,3.5999999999999943,142.52,145.78,137.75,0.02511354132272629,0.02982925751475101,5.509999999999991,1
2022-06-07,145.78,146.07,141.26,141.51,67808200,0.017590395085857954,145.4542857142857,146.71933333333334,158.48322222222222,4.27000000000001,4.810000000000002,143.26,148.23,140.95,0.02454857722316741,0.030015244716613057,4.8300000000000125,1
2022-06-08,145.05,146.92,144.56,145.66,53950200,-0.005007545616682602,145.21857142857144,146.43800000000002,158.24466666666666,-0.6099999999999852,2.359999999999985,145.78,142.52,146.7,0.018897405222113264,0.02929544529188833,-1.6499999999999773,0
2022-06-09,139.83,145.04,139.73,144.19,69473000,-0.035987590486039285,144.35,145.99033333333333,157.89977777777779,-4.359999999999985,5.310000000000002,145.05,143.26,145.91,0.023042231408941016,0.02996583763649731,-6.079999999999984,0
2022-06-10,134.43,137.99,134.36,137.52,91437900,-0.038618322248444574,142.72857142857143,145.132,157.49666666666667,-3.0900000000000034,3.6299999999999955,139.83,145.78,145.78,0.02592591511358414,0.02925582539156139,-11.349999999999994,0
2022-06-13,129.28,132.54,128.85,130.26,122207100,-0.03830990106375069,140.02142857142857,144.29733333333334,157.02300000000002,-0.9799999999999898,3.6899999999999977,134.43,145.05,148.23,0.02431479430065068,0.02932087669878048,-18.94999999999999,0
2022-06-14,130.15,131.26,128.89,130.51,84784300,0.0067295792079208275,138.25428571428571,143.48166666666668,156.591,-0.3599999999999852,2.3700000000000045,129.28,139.83,142.52,0.024304414447307573,0.029375542224152958,-12.370000000000005,1
2022-06-15,132.76,134.64,129.56,131.65,91533000,0.020053784095274568,136.75428571428571,142.70333333333332,156.19111111111113,1.1099999999999852,5.079999999999984,130.15,134.43,143.26,0.02665607195998731,0.02961882235904409,-10.5,1
2022-06-16,127.5,129.78,126.5,129.48,108123900,-0.0396203675805965,134.14285714285714,141.53633333333335,155.74066666666667,-1.9799999999999898,3.280000000000001,132.76,129.28,145.78,0.02534367162102582,0.028955329364728558,-18.28,0
2022-06-17,128.97,130.46,127.26,127.51,134520300,0.011529411764705873,131.84571428571428,140.72,155.27211111111112,1.4599999999999937,3.200000000000003,127.5,130.15,145.05,0.0275088383863038,0.027682203320130005,-16.080000000000013,1
2022-06-21,133.2,134.36,130.7,130.79,81000500,0.032798325191905016,130.89857142857142,140.02066666666667,154.8347777777778,2.4099999999999966,3.660000000000025,128.97,132.76,139.83,0.031331448225594104,0.028499267527750102,-6.630000000000024,1
2022-06-22,132.69,135.05,131.27,132.14,73409200,-0.0038288288288287607,130.65,139.47466666666665,154.437,0.5500000000000114,3.780000000000001,133.2,127.5,134.43,0.027964214692355594,0.02798000863550904,-1.740000000000009,0
2022-06-23,135.55,135.86,132.96,134.13,72433800,0.021553998040545735,131.5457142857143,138.944,154.1088888888889,1.420000000000016,2.9000000000000057,132.69,128.97,129.28,0.0236610719934702,0.02812901595388075,6.27000000000001,1
2022-06-24,138.87,139.12,137.02,137.15,89116800,0.024492807082257418,132.79142857142858,138.78566666666669,153.8151111111111,1.7199999999999989,2.0999999999999943,135.55,133.2,130.15,0.02455887943531194,0.027019127506474987,8.719999999999999,1
2022-06-27,138.87,140.67,138.2,139.89,70207900,0.0,133.6642857142857,138.75633333333334,153.4787777777778,-1.0199999999999818,2.469999999999999,138.87,132.69,132.76,0.024300183932798262,0.026562810401611202,6.110000000000014,0
2022-06-28,134.74,140.6,134.62,139.33,67083400,-0.02974004464607183,134.69857142857146,138.4406666666667,153.0991111111111,-4.590000000000003,5.97999999999999,138.87,135.55,127.5,0.02125745618432238,0.026403736243466036,7.240000000000009,0
2022-06-29,136.49,137.9,133.98,134.75,66242400,0.01298797684429271,135.77285714285716,138.23433333333332,152.7788888888889,1.740000000000009,3.920000000000016,134.74,138.87,128.97,0.02130359970190416,0.02648736729264402,7.52000000000001,1
2022-06-30,134.03,135.65,131.14,134.55,98964500,-0.018023298410139995,135.89142857142858,137.82533333333333,152.44844444444445,-0.5200000000000102,4.510000000000019,136.49,138.87,133.2,0.020204026981996238,0.026172930697558286,0.8300000000000125,0
2022-07-01,136.2,136.3,132.99,133.36,71051600,0.016190405133179046,136.39285714285714,137.76366666666667,152.17455555555554,2.839999999999975,3.3100000000000023,134.03,134.74,132.69,0.020804096579138315,0.024316193588173135,3.509999999999991,1
2022-07-05,138.77,138.82,134.24,135.06,73353800,0.018869309838472993,136.85285714285715,137.90099999999998,151.97544444444443,3.710000000000008,4.579999999999984,136.2,136.49,135.55,0.020446571391669097,0.024102935353030222,3.219999999999999,1
2022-07-06,140.11,141.28,138.3,138.57,74064300,0.009656265763493575,137.03,138.07533333333333,151.76222222222222,1.5400000000000205,2.9799999999999898,138.77,134.03,138.87,0.018597957230975893,0.024151354393143594,1.240000000000009,1
2022-07-07,143.47,143.67,140.46,140.47,66253700,0.02398115766183702,137.68714285714285,138.18133333333333,151.56333333333333,3.0,3.2099999999999795,140.11,136.2,138.87,0.02041295643730552,0.023432261742452876,4.599999999999994,1
2022-07-08,144.15,144.65,142.15,142.4,64547800,0.00473966682930234,139.03142857142856,138.39966666666666,151.3691111111111,1.75,2.5,143.47,138.77,134.74,0.013748430356658474,0.023126536834669534,9.409999999999997,1
2022-07-11,142.02,143.75,140.95,142.8,63141600,-0.014776274713839719,139.82142857142858,138.542,151.17211111111112,-0.7800000000000011,2.8000000000000114,144.15,140.11,136.49,0.01641264448876205,0.02332418894418762,5.530000000000001,0
2022-07-12,142.99,145.53,142.2,142.89,77588800,0.006830023940290092,141.10142857142858,138.61,150.94933333333333,0.10000000000002274,3.3300000000000125,142.02,143.47,134.03,0.01265737810746725,0.022981719901354662,8.960000000000008,1
2022-07-13,142.63,143.57,139.32,140.18,71185600,-0.002517658577522999,142.02,138.4743333333333,150.72611111111112,2.4499999999999886,4.25,142.99,144.15,136.2,0.012945549198543497,0.02170333331742248,6.430000000000007,0
2022-07-14,145.55,146.02,140.43,141.24,78140700,0.020472551356657195,142.98857142857145,138.46233333333333,150.56866666666667,4.310000000000002,5.590000000000003,142.63,142.02,138.77,0.0132085904052609,0.02202227216321844,6.780000000000001,1
2022-07-15,147.21,147.89,145.28,146.83,76259900,0.011405015458605266,144.00285714285715,138.51000000000002,150.47166666666666,0.37999999999999545,2.609999999999985,145.55,142.99,140.11,0.013285453296194,0.022116367394968257,7.099999999999994,1
2022-07-18,144.18,148.59,143.81,147.77,81420900,-0.02058284083961688,144.1042857142857,138.375,150.36122222222224,-3.5900000000000034,4.780000000000001,147.21,142.63,143.47,0.01450408415765147,0.022222760296553727,0.710000000000008,0
2022-07-19,148.03,148.25,144.02,145.01,82982400,0.026702732695242017,144.65857142857143,138.55866666666668,150.23366666666666,3.0200000000000102,4.22999999999999,144.18,145.55,144.15,0.017554276099966862,0.021574248022095417,3.8799999999999955,1
2022-07-20,150.03,150.69,147.41,148.15,64823400,0.013510774842937242,145.80285714285714,138.78433333333334,150.17655555555558,1.8799999999999955,3.280000000000001,148.03,147.21,142.02,0.015685894384394234,0.021676658330977143,8.009999999999991,1
2022-07-21,152.29,152.51,148.95,151.46,65086600,0.01506365393587943,147.1314285714286,139.00133333333332,150.18577777777776,0.8299999999999841,3.5600000000000023,150.03,144.18,142.99,0.01589311920107938,0.021617895189904684,9.299999999999983,1
2022-07-22,151.06,153.2,150.39,152.33,66675400,-0.008076695777792303,148.33571428571426,139.20166666666668,150.226,-1.2700000000000102,2.8100000000000023,152.29,148.03,142.63,0.016692135053430496,0.02165788532384289,8.430000000000007,0
2022-07-25,149.94,151.99,149.28,150.98,53623900,-0.007414272474513468,148.96285714285713,139.53866666666667,150.2052222222222,-1.039999999999992,2.710000000000008,151.06,150.03,145.55,0.0166462404297913,0.020548555963596355,4.389999999999986,0
2022-07-26,148.62,150.08,147.83,149.26,55138700,-0.00880352140856338,149.16428571428574,140.01166666666668,150.1207777777778,-0.6399999999999864,2.25,149.94,152.29,147.21,0.016972524321472435,0.019163874999977026,1.4099999999999966,0
2022-07-27,153.7,154.23,149.17,149.58,78620700,0.03418113309110472,150.52428571428572,140.82566666666668,150.08155555555555,4.119999999999976,5.060000000000002,148.62,151.06,144.18,0.01771030578949963,0.018255132120273455,9.519999999999982,1
2022-07-28,154.25,154.54,151.37,153.89,81378700,0.0035783994795056044,151.41285714285712,141.629,150.01188888888888,0.36000000000001364,3.1699999999999875,153.7,149.94,148.03,0.01599917740776817,0.018259530295344346,6.219999999999999,1
2022-07-29,159.31,160.41,156.36,158.07,101786900,0.03280388978930309,152.73857142857145,142.514,149.98322222222225,1.240000000000009,4.049999999999983,154.25,148.62,150.03,0.018905406445265026,0.018743727460781966,9.280000000000001,1
2022-08-01,158.33,160.37,157.72,157.84,67829400,-0.006151528466511768,153.60142857142858,143.54166666666666,149.90633333333335,0.4900000000000091,2.6500000000000057,159.31,153.7,152.29,0.019420275357975417,0.01681524979519655,6.0400000000000205,0
2022-08-02,156.86,159.21,156.49,156.95,59907000,-0.009284405987494465,154.43,144.47133333333332,149.79788888888888,-0.08999999999997499,2.719999999999999,158.33,154.25,151.06,0.019568189736408878,0.017065710324780273,5.800000000000011,0
2022-08-03,162.86,163.31,157.59,157.67,82507500,0.038250669386714266,156.2757142857143,145.46,149.71422222222222,5.190000000000026,5.719999999999999,156.86,159.31,149.94,0.021985103853567983,0.017379521655200184,12.920000000000016,1
2022-08-04,162.55,163.9,161.19,162.74,55474100,-0.0019034753776249677,158.2657142857143,146.45533333333333,149.62,-0.18999999999999773,2.710000000000008,162.86,158.33,148.62,0.021026390135639908,0.017342169549828534,13.930000000000007,0
2022-08-05,162.32,162.81,160.01,160.22,56697000,-0.0014149492463858392,159.49714285714285,147.34766666666667,149.5136666666667,2.0999999999999943,2.8000000000000114,162.55,156.86,153.7,0.019302939909487792,0.01718069610410836,8.620000000000005,0
2022-08-08,161.85,164.74,161.19,163.32,60276900,-0.0028955150320354784,160.58285714285714,148.11366666666666,149.36555555555555,-1.4699999999999989,3.5500000000000114,162.32,162.86,154.25,0.019700129912435586,0.01689871970298752,7.599999999999994,0
2022-08-09,161.9,162.78,160.26,161.02,63135500,0.0003089280197714635,160.95285714285714,148.88133333333334,149.2308888888889,0.8799999999999955,2.5200000000000102,161.85,162.55,159.31,0.016126642332607095,0.016895501080199164,2.5900000000000034,1
2022-08-10,166.14,166.24,163.84,164.61,70170500,0.02618900555898691,162.06857142857143,149.928,149.17777777777778,1.5299999999999727,2.4000000000000057,161.9,162.32,158.33,0.0178080979214426,0.015959517932458946,7.809999999999974,1
2022-08-11,165.4,167.86,165.11,166.94,57149200,-0.004454074876609972,163.28857142857143,150.89166666666668,149.11966666666666,-1.539999999999992,2.75,166.14,161.85,156.86,0.01715180032661053,0.01605613818006776,8.539999999999992,0
2022-08-12,168.95,169.02,166.3,166.71,68039400,0.021463119709794334,164.15857142857143,152.05566666666667,149.05611111111114,2.2399999999999807,2.719999999999999,165.4,161.9,162.86,0.01279186924262001,0.015583966245930794,6.089999999999975,1
2022-08-15,170.02,170.21,168.21,168.38,54091700,0.006333234684818122,165.22571428571428,153.18300000000002,149.04122222222225,1.6400000000000148,2.0,168.95,166.14,162.55,0.012388319959752129,0.015506079475147852,7.469999999999999,1
2022-08-16,169.86,170.53,168.52,169.62,56377100,-0.0009410657569697481,166.30285714285716,154.21933333333334,149.05966666666666,0.2400000000000091,2.009999999999991,170.02,165.4,162.32,0.012339028580981482,0.015428400640242783,7.5400000000000205,0
2022-08-17,171.35,172.92,169.41,169.61,79542000,0.008771929824561289,167.66,155.26066666666665,149.09133333333332,1.7399999999999807,3.509999999999991,169.86,168.95,161.85,0.011613711691430533,0.015423747823582344,9.5,1
2022-08-18,170.96,171.7,169.95,170.57,62290100,-0.0022760431864603816,168.95428571428573,156.177,149.14088888888887,0.3900000000000148,1.75,171.35,170.02,161.9,0.011944272579152723,0.01516059594175252,9.060000000000002,0
2022-08-19,168.38,170.56,168.17,169.86,70346300,-0.015091249415067924,169.27428571428572,156.98466666666667,149.209,-1.4800000000000182,2.390000000000015,170.96,169.86,166.14,0.011576872797278308,0.015640835675848962,2.240000000000009,0
2022-08-22,164.5,166.75,164.08,166.58,69026800,-0.02304311675971015,169.1457142857143,157.73399999999998,149.2132222222222,-2.0800000000000125,2.6699999999999875,168.38,171.35,165.4,0.014940162437192378,0.016073740689801025,-0.9000000000000057,0
2022-08-23,164.17,165.62,163.6,164.02,54147100,-0.0020060790273556993,168.46285714285713,158.44,149.184,0.14999999999997726,2.0200000000000102,164.5,170.96,168.95,0.011342029261218576,0.016120580500245094,-4.780000000000001,0
2022-08-24,164.46,165.03,163.2,164.26,53841500,0.0017664615946885575,167.66857142857143,159.16766666666666,149.21355555555556,0.20000000000001705,1.8300000000000125,164.17,168.38,170.02,0.0107627246053267,0.01607298334529058,-5.560000000000002,1
2022-08-25,166.92,167.02,165.27,165.69,51218200,0.01495804450930305,167.24857142857144,159.88,149.27288888888887,1.2299999999999898,1.75,164.46,164.5,169.86,0.013107553094588872,0.01591933514984707,-2.940000000000026,1
2022-08-26,160.62,167.92,160.56,167.45,78961000,-0.03774263120057503,165.71571428571428,160.32699999999997,149.2368888888889,-6.829999999999984,7.359999999999985,166.92,164.17,171.35,0.017533089810181507,0.017641120847173505,-10.72999999999999,0
2022-08-29,158.42,159.92,156.89,158.2,73314000,-0.013696924417880818,163.92428571428573,160.80166666666668,149.17822222222225,0.21999999999999886,3.030000000000001,160.62,164.46,170.96,0.017326535298195757,0.017365537638980154,-12.54000000000002,0
2022-08-30,156.0,159.58,154.83,159.16,77906200,-0.015275849008963437,162.15571428571428,161.06733333333332,149.10144444444447,-3.1599999999999966,4.75,158.42,166.92,168.38,0.017334482756207754,0.017103187543307617,-12.379999999999995,0
2022-08-31,154.34,157.64,154.26,157.37,87991100,-0.01064102564102562,160.7042857142857,161.21099999999998,149.05666666666667,-3.030000000000001,3.3799999999999955,156.0,160.62,164.5,0.016477661623985052,0.017105761160484356,-10.159999999999997,0
2022-09-01,155.07,155.52,151.84,153.77,74229900,0.0047298172865102356,159.4042857142857,161.30366666666666,149.0081111111111,1.299999999999983,3.680000000000007,154.34,158.42,164.17,0.017134246957019553,0.016917580499024535,-9.099999999999994,1
2022-09-02,152.96,157.42,152.13,156.82,76957800,-0.013606758238214904,157.76142857142855,161.367,149.0022222222222,-3.859999999999985,5.289999999999992,155.07,156.0,164.46,0.016654399766816024,0.017046604998799623,-11.5,0
2022-09-06,151.7,154.21,150.87,153.6,73714800,-0.008237447698744895,155.58714285714285,161.42566666666664,148.9848888888889,-1.9000000000000057,3.3400000000000034,152.96,154.34,166.92,0.012643201674799043,0.017060534288498665,-15.219999999999999,0
2022-09-07,153.1,153.8,150.8,151.98,87449600,0.009228740936058048,154.51285714285714,161.575,148.90622222222223,1.1200000000000045,3.0,151.7,155.07,160.62,0.009767420784236874,0.017038035643059196,-7.52000000000001,1
2022-09-08,151.63,153.5,149.88,151.81,84923800,-0.009601567602873931,153.54285714285714,161.506,148.87633333333332,-0.18000000000000682,3.6200000000000045,153.1,152.96,158.42,0.009400200505467542,0.015949749052908285,-6.789999999999992,0
2022-09-09,154.49,154.93,151.92,152.62,68028800,0.018861702829255516,153.32714285714286,161.514,148.87488888888888,1.8700000000000045,3.0100000000000193,151.63,151.7,156.0,0.012311638427690515,0.016318681233768735,-1.509999999999991,1
2022-09-12,160.44,161.25,156.38,156.67,104956000,0.038513819664703144,154.1985714285714,161.55166666666668,148.923,3.7700000000000102,4.8700000000000045,154.49,153.1,154.34,0.01854953621631537,0.016740161730551064,6.099999999999994,1
2022-09-13,151.02,157.6,150.56,156.97,122656600,-0.058713537771129316,153.62000000000003,161.308,148.79533333333333,-5.949999999999989,7.039999999999992,160.44,151.63,155.07,0.03065249835708711,0.01989891749163756,-4.049999999999983,0
2022-09-14,152.47,154.22,150.8,151.95,87965400,0.009601377301019657,153.54999999999998,161.1616666666667,148.78433333333334,0.5200000000000102,3.4199999999999875,151.02,154.49,152.96,0.030615198333925727,0.019938980865048396,-0.4900000000000091,1
2022-09-15,149.58,152.4,148.61,151.82,90481100,-0.018954548435757765,153.24714285714285,160.719,148.73322222222222,-2.2399999999999807,3.789999999999992,152.47,160.44,151.7,0.031352010262326736,0.018782192679711585,-2.119999999999976,0
2022-09-16,147.94,148.58,145.65,148.44,162278800,-0.010964032624682542,152.51000000000002,160.232,148.72066666666666,-0.5,2.930000000000007,149.58,151.02,153.1,0.031119794318481324,0.018842375739705975,-5.159999999999997,0
2022-09-19,151.65,151.73,146.37,146.58,81474200,0.025077734216574343,152.51285714285714,159.87633333333332,148.72266666666667,5.069999999999993,5.359999999999985,147.94,152.47,151.63,0.03287665940252779,0.01952576011112056,0.020000000000010232,1
2022-09-20,154.03,155.18,150.28,150.59,107689800,0.015694032311242962,152.44714285714284,159.61566666666667,148.83833333333334,3.4399999999999977,4.900000000000006,151.65,149.58,154.49,0.03260227832604656,0.01979207317231447,-0.46000000000000796,1
2022-09-21,150.9,155.83,150.79,154.46,101696800,-0.020320716743491497,151.08428571428573,159.24899999999997,148.96222222222224,-3.5600000000000023,5.0400000000000205,154.03,147.94,160.44,0.028333878599825345,0.02008477002344049,-9.539999999999992,0
2022-09-22,149.94,151.64,148.15,149.59,86652500,-0.006361829025844983,150.93,158.709,149.0258888888889,0.3499999999999943,3.4899999999999807,150.9,151.65,151.02,0.017770434503687337,0.019367702262764734,-1.0800000000000125,0
2022-09-23,147.67,148.7,145.84,148.42,96029900,-0.01513938908896899,150.24428571428572,158.118,149.08133333333336,-0.75,2.859999999999985,149.94,154.03,152.47,0.017796426412070302,0.01948884550292255,-4.800000000000011,0
2022-09-26,148.01,150.95,146.9,146.92,93339400,0.0023024310963635367,150.01999999999998,157.42000000000002,149.10033333333334,1.0900000000000034,4.049999999999983,147.67,150.9,149.58,0.016682515976306,0.018945996019877037,-1.5700000000000216,1
2022-09-27,148.98,151.89,147.2,149.94,84442700,0.006553611242483609,150.16857142857143,156.71866666666665,149.2217777777778,-0.960000000000008,4.689999999999998,148.01,149.94,147.94,0.016316389450780844,0.0189502734689579,1.039999999999992,1
2022-09-28,147.1,147.88,142.19,144.94,146691400,-0.012619143509195836,149.51857142857142,155.96,149.36011111111114,2.1599999999999966,5.689999999999998,148.98,147.67,151.65,0.012966386479297182,0.01900050551523047,-4.550000000000011,0
2022-09-29,139.87,144.03,138.1,143.42,128138200,-0.04915023793337859,147.49571428571429,154.91066666666669,149.41555555555556,-3.549999999999983,5.930000000000007,147.1,148.01,154.03,0.0183654334549496,0.020479378282764443,-14.159999999999997,0
2022-09-30,135.67,140.48,135.47,138.69,124925300,-0.03002788303424621,145.32,153.73433333333335,149.36422222222222,-3.0200000000000102,5.009999999999991,139.87,148.98,150.9,0.019305740912788496,0.020902610568330753,-15.230000000000018,0
2022-10-03,139.84,140.45,135.17,135.68,114311700,0.03073634554433564,143.87714285714284,152.78300000000002,149.3891111111111,4.159999999999997,5.280000000000001,135.67,147.1,149.94,0.02598379176101289,0.021973101424529986,-10.099999999999994,1
2022-10-04,143.42,143.54,141.62,142.37,87830100,0.02560068649885572,143.26999999999998,152.08033333333333,149.45211111111112,1.049999999999983,1.9199999999999875,139.84,139.87,147.67,0.028936481241989057,0.022456647140167874,-4.25,1
2022-10-05,143.72,144.68,140.39,141.43,79471000,0.0020917584716218895,142.65714285714284,151.39866666666666,149.48288888888888,2.289999999999992,4.2900000000000205,143.42,135.67,148.01,0.02892918434147116,0.022483618990689597,-4.289999999999992,1
2022-10-06,142.77,144.84,142.56,143.14,68402200,-0.006610075146117372,141.76999999999998,150.67566666666667,149.43922222222224,-0.3699999999999761,2.280000000000001,143.72,139.84,148.98,0.028567238589132044,0.022459251799244764,-6.2099999999999795,0
2022-10-07,137.52,140.48,136.9,139.93,85925600,-0.03677243118302164,140.40142857142857,149.69566666666665,149.346,-2.4099999999999966,3.579999999999984,142.77,143.42,147.1,0.030903780532618788,0.022898766290770995,-9.579999999999984,0
2022-10-10,137.85,139.29,136.03,137.85,74899000,0.0023996509598602682,140.11285714285714,148.93666666666667,149.25788888888889,0.0,3.259999999999991,137.52,143.72,139.87,0.02544672655430864,0.022151567547418635,-2.0200000000000102,1
2022-10-11,136.43,138.76,135.69,137.34,77033700,-0.010301051867972344,140.22142857142856,148.2036666666667,149.1267777777778,-0.9099999999999966,3.069999999999993,137.85,142.77,135.67,0.022748536794364872,0.02211340910094755,0.7600000000000193,0
2022-10-12,135.81,137.79,135.63,136.58,70433700,-0.004544455031884516,139.6457142857143,147.53066666666666,149.05222222222224,-0.7700000000000102,2.1599999999999966,136.43,137.52,139.84,0.01859707629196003,0.022023551575550988,-4.030000000000001,0
2022-10-13,140.37,140.96,131.91,132.52,113224000,0.03357631985862604,139.21,147.065,149.0201111111111,7.849999999999994,9.050000000000011,135.81,137.85,143.42,0.02082510155098437,0.0230454664948632,-3.049999999999983,1
2022-10-14,135.85,141.87,135.66,141.67,88598000,-0.032200612666524256,138.0857142857143,146.42433333333335,148.90977777777778,-5.819999999999993,6.210000000000008,140.37,136.43,143.72,0.023341990221639956,0.023603526792013888,-7.8700000000000045,0
2022-10-17,139.8,140.28,137.7,138.49,85250900,0.02907618697092394,137.66142857142856,145.98566666666667,148.85144444444447,1.3100000000000023,2.5800000000000125,135.85,135.81,142.77,0.02721548593777382,0.02428902575820387,-2.969999999999999,1
2022-10-18,141.12,144.01,138.03,142.83,99136600,0.00944206008583686,138.1757142857143,145.633,148.86577777777777,-1.710000000000008,5.97999999999999,139.8,140.37,137.52,0.022817097480190698,0.024364569359533586,3.5999999999999943,1
2022-10-19,141.22,142.29,138.91,139.09,61758300,0.0007086167800453111,138.65714285714287,145.237,148.94122222222222,2.1299999999999955,3.3799999999999955,141.12,135.85,137.85,0.022844826345091263,0.024277252680629788,3.3700000000000045,1
2022-10-20,140.76,143.22,140.04,140.4,64522000,-0.0032573289902280696,139.2757142857143,144.87466666666666,149.06877777777777,0.3599999999999852,3.180000000000007,141.22,139.8,136.43,0.022274392831872547,0.02423997470223999,4.329999999999984,0
2022-10-21,144.57,145.14,140.04,140.25,86548600,0.027067348678601895,140.52714285714288,144.54399999999998,149.229,4.319999999999993,5.099999999999994,140.76,141.12,135.81,0.02327326026909044,0.024530269257896718,8.759999999999991,1
2022-10-24,146.71,147.48,143.33,144.49,75981900,0.014802517811440928,141.43285714285713,144.0863333333333,149.384,2.219999999999999,4.149999999999977,144.57,141.22,140.37,0.020963332380623968,0.02354486741751177,6.340000000000003,1
2022-10-25,149.55,149.7,146.62,147.34,74732300,0.019357916979074387,143.39000000000001,144.03733333333332,149.629,2.210000000000008,3.079999999999984,146.71,140.76,135.85,0.012399982323544795,0.021353673270195484,13.700000000000017,1
2022-10-26,146.61,149.21,145.33,148.19,88194300,-0.01965897693079236,144.36285714285714,143.842,149.825,-1.579999999999984,3.8799999999999955,149.55,144.57,139.8,0.015693488900023474,0.02156228811772699,6.810000000000002,0
2022-10-27,142.15,146.32,141.49,145.36,109180200,-0.030420844417161228,144.51,143.59433333333334,149.92444444444442,-3.210000000000008,4.829999999999984,146.61,146.71,141.12,0.02097195132963571,0.021987490470953937,1.0300000000000011,0
2022-10-28,152.89,154.62,145.11,145.49,164762400,0.07555399226169525,146.17714285714285,143.75933333333336,150.1488888888889,7.399999999999977,9.509999999999991,142.15,149.55,141.22,0.03503019855127043,0.026005115451631054,11.669999999999987,1
2022-10-31,150.53,151.41,149.14,150.35,97943200,-0.015435934331872493,147.57285714285715,143.722,150.3153333333333,0.18000000000000682,2.2700000000000102,152.89,146.61,140.76,0.036192799557363944,0.02578531322560639,9.77000000000001,0
2022-11-01,147.89,152.6,146.4,152.24,80379300,-0.01753803228592317,148.04714285714286,143.51733333333334,150.41555555555558,-4.350000000000023,6.199999999999989,150.53,142.15,144.57,0.03664801413862386,0.02580484006135553,3.319999999999993,0
2022-11-02,142.37,149.38,142.34,146.22,93604600,-0.03732503888024871,147.42714285714285,143.23300000000003,150.45444444444445,-3.8499999999999943,7.039999999999992,147.89,152.89,146.71,0.03924579602416822,0.026422396710288253,-4.340000000000003,0
2022-11-03,136.34,140.18,136.21,139.46,97918500,-0.04235442860153123,145.54,142.77966666666669,150.47222222222223,-3.1200000000000045,3.969999999999999,142.37,150.53,149.55,0.040140315176416676,0.027443351973942726,-13.210000000000008,0
2022-11-04,136.07,140.29,132.14,139.72,140814800,-0.001980343259498388,144.03428571428572,142.393,150.46755555555555,-3.6500000000000057,8.150000000000006,136.34,147.89,146.61,0.040167594445420465,0.027344358663911578,-10.54000000000002,0
2022-11-07,136.6,136.83,133.41,134.82,83374600,0.0038950540163151404,143.24142857142857,142.01266666666663,150.4961111111111,1.7800000000000011,3.420000000000016,136.07,142.37,142.15,0.039335212301315994,0.027355274965208794,-5.550000000000011,1
2022-11-08,137.17,139.07,135.2,138.07,89908500,0.004172767203513859,140.99571428571429,141.619,150.5068888888889,-0.9000000000000057,3.8700000000000045,136.6,136.34,152.89,0.01891684868470396,0.027332113982234035,-15.719999999999999,1
2022-11-09,132.62,136.24,132.34,136.19,74917800,-0.03317051833491276,138.43714285714285,141.13633333333334,150.43855555555558,-3.569999999999993,3.9000000000000057,137.17,136.07,150.53,0.020100560373786165,0.027849963856831455,-17.909999999999997,0
2022-11-10,144.42,144.42,137.17,138.88,118854000,0.08897602171618144,137.94142857142856,141.28799999999998,150.48644444444443,5.539999999999992,7.25,132.62,136.6,147.89,0.04508396409731422,0.03118778016675663,-3.469999999999999,1
2022-11-11,147.2,147.51,141.96,143.39,93979700,0.019249411438858895,138.63142857142856,141.67233333333334,150.5278888888889,3.8100000000000023,5.549999999999983,144.42,137.17,142.37,0.042823336568465306,0.03076323426875681,4.829999999999984,1
2022-11-14,145.81,147.77,144.97,146.48,73374100,-0.009442934782608603,139.9842857142857,141.87133333333333,150.54633333333334,-0.6699999999999875,2.8000000000000114,147.2,132.62,136.34,0.03825098696452765,0.030394185651984745,9.469999999999999,0
2022-11-15,147.54,151.03,146.08,149.68,89868300,0.01186475550373767,141.62285714285713,142.00866666666667,150.60766666666666,-2.140000000000015,4.949999999999989,145.81,144.42,136.07,0.03786966743533497,0.03012605882188158,11.469999999999999,1
2022-11-16,146.31,147.37,144.83,146.64,64218300,-0.008336722244814897,143.01,142.095,150.64455555555557,-0.3299999999999841,2.539999999999992,147.54,147.2,136.6,0.03859314821393532,0.030177613294381476,9.710000000000008,0
2022-11-17,148.2,148.95,143.71,143.99,80389400,0.012917777322124162,144.58571428571426,142.27599999999998,150.70644444444446,4.2099999999999795,5.239999999999981,146.31,145.81,137.17,0.038496625522411156,0.03021779487592828,11.030000000000001,1
2022-11-18,148.77,150.15,147.47,149.77,74829600,0.003846153846153992,146.89285714285714,142.65099999999998,150.7422222222222,-1.0,2.680000000000007,148.2,147.54,132.62,0.03352323572912691,0.029332611259892002,16.150000000000006,1
2022-11-21,145.54,147.86,145.25,147.65,58724100,-0.021711366538952868,147.05285714285714,142.9073333333333,150.72366666666665,-2.1100000000000136,2.6100000000000136,148.77,146.31,144.42,0.01479289538691461,0.029678788125318843,1.1200000000000045,0
2022-11-22,147.67,147.91,144.48,145.66,51804100,0.0146351518482891,147.11999999999998,143.28199999999998,150.76244444444444,2.009999999999991,3.430000000000007,145.54,148.2,147.2,0.013932228271753866,0.02966498925582391,0.46999999999999886,1
2022-11-23,148.55,149.3,146.85,146.96,58301400,0.005959233425882196,147.51142857142855,143.70666666666665,150.76822222222222,1.5900000000000034,2.450000000000017,147.67,148.77,145.81,0.013294692484927616,0.02963412590291033,2.740000000000009,1
2022-11-25,145.64,146.4,144.66,145.83,35195900,-0.019589363850555534,147.24,143.88233333333335,150.71944444444443,-0.19000000000002615,1.740000000000009,148.55,145.54,147.54,0.014913360653559339,0.029356249786048158,-1.9000000000000057,0
2022-11-28,141.81,144.19,140.99,142.72,69246000,-0.02629772040648163,146.59714285714287,144.081,150.603,-0.9099999999999966,3.1999999999999886,145.64,147.67,146.31,0.017547178091350483,0.029140621422132727,-4.5,0
2022-11-29,138.81,142.39,138.01,141.88,83763800,-0.02115506663845991,145.25571428571428,144.04799999999997,150.46688888888886,-3.069999999999993,4.3799999999999955,141.81,148.55,148.2,0.016672565816152198,0.028963892093170057,-9.389999999999986,0
2022-11-30,145.56,146.24,138.2,139.04,111380900,0.04862762048843743,144.79714285714286,144.196,150.41822222222223,6.52000000000001,8.04000000000002,138.81,145.64,148.77,0.02755020274478386,0.030251897523676477,-3.210000000000008,1
2022-12-01,145.83,146.64,144.16,145.74,71250400,0.0018549051937346128,144.83857142857144,144.34966666666668,150.38722222222222,0.09000000000000341,2.4799999999999898,145.56,141.81,145.54,0.026262491588886838,0.030251632716410622,0.29000000000002046,1
2022-12-02,145.34,145.53,143.22,143.52,65447400,-0.003360076801755531,144.5057142857143,144.50233333333333,150.29433333333333,1.8199999999999932,2.3100000000000023,145.83,138.81,147.67,0.025527425605622062,0.03025219611286018,-2.329999999999984,0
2022-12-05,144.18,148.4,143.34,145.3,68826400,-0.007981285262143915,143.88142857142856,144.48933333333335,150.18244444444446,-1.1200000000000045,5.060000000000002,145.34,145.56,148.55,0.025346656579644824,0.029905559335657368,-4.3700000000000045,0
2022-12-06,140.52,144.84,139.55,144.62,64727200,-0.025384935497295022,143.15,144.28300000000002,149.97366666666665,-4.099999999999994,5.289999999999992,144.18,145.83,145.64,0.026026815574950905,0.03013421014023868,-5.119999999999976,0
2022-12-07,138.59,140.98,137.66,139.82,69721100,-0.01373469968687736,142.69,143.9176666666667,149.75433333333334,-1.2299999999999898,3.319999999999993,140.52,145.34,141.81,0.024697662411800447,0.02996823496091863,-3.219999999999999,0
2022-12-08,140.27,141.12,138.75,139.98,62128300,0.012122086730644396,142.89857142857142,143.70633333333333,149.57000000000002,0.29000000000002046,2.3700000000000045,138.59,144.18,138.81,0.023811734924524167,0.029888141944636026,1.460000000000008,1
2022-12-09,139.79,143.14,138.55,139.96,76097000,-0.003421971911314024,142.07428571428574,143.62766666666667,149.31366666666665,-0.17000000000001592,4.589999999999975,140.27,140.52,145.56,0.011850635442890755,0.029375389358386093,-5.77000000000001,0
2022-12-12,142.08,142.09,138.71,140.32,70462700,0.01638171543028844,141.53857142857143,143.2673333333333,149.08622222222223,1.7600000000000193,3.3799999999999955,139.79,138.59,145.83,0.014393452486730693,0.02589754561832899,-3.75,1
2022-12-13,143.04,147.47,141.83,147.0,93886200,0.006756756756756612,141.21,143.01766666666666,148.87199999999999,-3.960000000000008,5.639999999999986,142.08,140.27,145.34,0.014922746096291347,0.02582103057986078,-2.3000000000000114,1
2022-12-14,140.82,144.21,138.8,142.92,82291200,-0.015520134228187913,140.73,142.782,148.63833333333335,-2.0999999999999943,5.409999999999997,143.04,139.79,144.18,0.015664770309277428,0.025780094882698574,-3.3600000000000136,0
2022-12-15,134.22,139.43,133.76,138.76,98931900,-0.04686834256497653,139.82999999999998,142.5103333333333,148.33077777777777,-4.539999999999992,5.670000000000016,140.82,142.08,140.52,0.021674357439667967,0.026293500823160624,-6.300000000000011,0
2022-12-16,132.27,135.35,131.5,134.41,160156900,-0.014528386231560041,138.92714285714285,142.37466666666666,147.95444444444445,-2.1399999999999864,3.8499999999999943,134.22,143.04,138.59,0.021721595832172143,0.025278760492648576,-6.319999999999993,0
2022-12-19,130.16,132.94,129.13,132.86,79592600,-0.01595221894609521,137.48285714285717,142.17766666666665,147.5628888888889,-2.700000000000017,3.8100000000000023,132.27,140.82,140.27,0.02026621241022328,0.02543126703707701,-10.110000000000014,0
2022-12-20,130.09,131.03,127.72,129.2,77432800,-0.0005377996312230576,136.09714285714284,141.9606666666667,147.1311111111111,0.8900000000000148,3.3100000000000023,130.16,134.22,139.79,0.02046129886539443,0.02541367564255449,-9.699999999999989,0
2022-12-21,133.19,134.53,130.53,130.76,85928000,0.023829656391728758,134.82714285714286,141.828,146.72188888888888,2.430000000000007,4.0,130.09,132.27,142.08,0.022185152221071806,0.02581050679996259,-8.890000000000015,1
2022-12-22,130.02,132.31,128.13,132.11,77852100,-0.023800585629551674,132.96714285714285,141.74133333333333,146.27922222222224,-2.0900000000000034,4.180000000000007,133.19,130.16,143.04,0.021571749394578833,0.02545788922104846,-13.019999999999982,0
2022-12-23,129.66,130.21,127.48,128.74,63814900,-0.0027688047992617567,131.37285714285716,141.24933333333334,145.816,0.9199999999999875,2.730000000000004,130.02,130.09,140.82,0.02189293410093485,0.019064803741726845,-11.159999999999997,0
2022-12-27,127.86,129.22,126.57,129.19,69007800,-0.013882461823229964,130.46428571428572,140.60466666666667,145.3371111111111,-1.3299999999999983,2.6500000000000057,129.66,133.19,134.22,0.01568605296645945,0.01866220974362585,-6.359999999999999,0
2022-12-28,123.94,128.84,123.77,127.51,85438400,-0.030658532770217437,129.27428571428572,139.8756666666667,144.84333333333333,-3.5700000000000074,5.070000000000007,127.86,130.02,132.27,0.01802063290375107,0.01924812518655471,-8.330000000000013,0
2022-12-29,127.45,128.3,125.6,125.85,75703700,0.028320154913667947,128.88714285714283,139.20600000000002,144.43166666666667,1.6000000000000085,2.700000000000017,123.94,129.66,130.16,0.022444981230306384,0.019972697170252917,-2.7099999999999937,1
2022-12-30,127.76,127.78,125.3,126.27,77034200,0.002432326402510806,128.55428571428573,138.58766666666668,144.0271111111111,1.490000000000009,2.480000000000004,127.45,127.86,130.09,0.02252249359711196,0.020001364400716013,-2.3299999999999983,1
2023-01-03,122.98,128.72,122.1,128.11,112117500,-0.037413901064495936,127.09571428571428,137.74699999999999,143.56622222222222,-5.13000000000001,6.6200000000000045,127.76,123.94,133.19,0.022548041713494026,0.02060769940877167,-10.209999999999994,0
2023-01-04,124.25,126.51,122.99,124.77,89113600,0.010326882419905642,126.27142857142857,136.9296666666667,143.0921111111111,-0.519999999999996,3.5200000000000102,122.98,127.45,130.02,0.023031168132837107,0.020747892065815263,-5.77000000000001,1
2023-01-05,122.93,125.64,122.68,125.01,80962700,-0.010623742454728316,125.31000000000002,136.17600000000002,142.67333333333335,-2.0799999999999983,2.9599999999999937,124.25,127.76,129.66,0.023025500287338727,0.020552097812984886,-6.72999999999999,0
2023-01-06,127.46,128.12,122.81,123.91,87754700,0.036850239973968815,125.25285714285714,135.50233333333333,142.32933333333332,3.549999999999997,5.310000000000002,122.93,122.98,127.86,0.02806260160575901,0.02166901809877266,-0.4000000000000057,1
2023-01-09,127.98,131.18,127.72,128.29,70790800,0.004079711281970895,125.83,134.8166666666667,142.018,-0.30999999999998806,3.460000000000008,127.46,124.25,123.94,0.024620358219331638,0.021639932217136327,4.040000000000006,1
2023-01-10,128.55,129.07,125.98,128.09,63896200,0.00445382090951717,125.98714285714287,134.24699999999999,141.73144444444443,0.46000000000000796,3.089999999999989,127.98,122.93,127.45,0.022379518524037367,0.021515497856269925,1.1000000000000085,1
2023-01-11,131.26,131.28,128.28,129.06,69458900,0.021081291326332005,126.48714285714287,133.89533333333333,141.4668888888889,2.1999999999999886,3.0,128.55,127.46,127.76,0.023593905608644192,0.021555752953115504,3.499999999999986,1
2023-01-12,131.18,132.02,129.25,131.65,71379600,-0.0006094773731524005,127.65857142857143,133.641,141.2248888888889,-0.46999999999999886,2.7700000000000102,131.26,127.98,122.98,0.015517351016186044,0.02126204249303563,8.200000000000003,0
2023-01-13,132.51,132.67,129.46,129.83,57809700,0.01013874066168611,128.83857142857144,133.20600000000002,141.01166666666666,2.6799999999999784,3.2099999999999795,131.18,128.55,124.25,0.015515571187861994,0.019182257189439122,8.259999999999991,1
2023-01-17,133.67,135.0,131.89,132.58,63646600,0.00875405629763789,130.37285714285713,132.80066666666667,140.79577777777777,1.089999999999975,3.1100000000000136,132.51,131.26,122.93,0.012862085215822522,0.0192829071369618,10.73999999999998,1
2023-01-18,132.95,136.3,132.78,134.54,69672800,-0.005386399341662295,131.15714285714287,132.38766666666666,140.5882222222222,-1.5900000000000034,3.5200000000000102,133.67,131.18,127.46,0.008480717308607394,0.019288784181849965,5.489999999999995,0
2023-01-19,133.01,133.98,131.54,131.84,58280400,0.0004512974802557524,131.87571428571428,132.01533333333333,140.34955555555555,1.1699999999999875,2.4399999999999977,132.95,132.51,127.98,0.008730079583810068,0.019271882776167547,5.029999999999987,1
2023-01-20,135.57,135.72,131.98,133.02,80223600,0.019246673182467502,132.8785714285714,131.85033333333334,140.07322222222223,2.549999999999983,3.740000000000009,133.01,133.67,128.55,0.010101822473022486,0.01916704684500946,7.019999999999982,1
2023-01-23,138.76,140.93,135.6,135.81,81760300,0.0235302795603747,133.95,131.856,139.937,2.9499999999999886,5.3300000000000125,135.57,132.95,131.26,0.010670203941227458,0.01951866054610613,7.5,1
2023-01-24,140.15,140.77,137.96,137.97,66435100,0.010017296050735189,135.23142857142858,131.852,139.8001111111111,2.180000000000007,2.8100000000000023,138.76,133.01,131.18,0.009971235582094964,0.01947816683522817,8.969999999999999,1
2023-01-25,139.49,140.05,136.49,138.54,65799300,-0.004709240099892947,136.22857142857143,131.842,139.688,0.950000000000017,3.5600000000000023,140.15,135.57,132.51,0.011310923318074251,0.01948773601780405,6.980000000000018,0
2023-01-26,141.56,141.84,139.53,140.78,54105100,0.014839773460463066,137.3557142857143,131.82466666666667,139.61711111111111,0.7800000000000011,2.3100000000000023,139.49,138.76,133.67,0.011659524428670246,0.019445335749138506,7.890000000000015,1
2023-01-27,143.49,144.77,140.69,140.77,70555800,0.013633794857304371,138.86142857142858,131.83966666666666,139.52644444444445,2.719999999999999,4.0800000000000125,141.56,140.15,132.95,0.0100475312266769,0.019567138054104618,10.54000000000002,1
2023-01-30,140.61,143.12,140.47,142.54,64015300,-0.02007108509303781,139.94714285714286,131.83266666666665,139.37733333333333,-1.9299999999999784,2.6500000000000057,143.49,139.49,133.01,0.015273863963143373,0.019711054841482473,7.600000000000023,0
2023-01-31,141.88,141.93,139.91,140.32,65874500,0.009032074532394437,140.84857142857143,132.08800000000002,139.2771111111111,1.5600000000000023,2.0200000000000102,140.61,141.56,135.57,0.014496208321558833,0.01764834732882711,6.310000000000002,1
2023-02-01,143.0,144.16,138.96,141.57,77663600,0.007893994925289008,141.45428571428573,132.44566666666665,139.2,1.4300000000000068,5.199999999999989,141.88,143.49,138.76,0.01252516409948489,0.017397127022631152,4.240000000000009,1
2023-02-02,148.3,148.66,145.7,146.41,118339000,0.037062937062937146,142.61857142857144,133.05033333333333,139.207,1.8900000000000148,2.960000000000008,143.0,140.61,140.15,0.017669932997371834,0.018109881390322803,8.150000000000006,1
2023-02-03,151.92,154.75,145.36,145.56,154357300,0.024409979770734835,144.3942857142857,133.778,139.25044444444444,6.359999999999985,9.389999999999986,148.3,141.88,139.49,0.017540397151773298,0.018439551408056257,12.429999999999978,1
2023-02-06,149.2,150.54,148.26,150.02,69858300,-0.017904160084254866,145.4857142857143,134.31166666666667,139.2528888888889,-0.8200000000000216,2.280000000000001,151.92,143.0,141.56,0.020837586674068237,0.018571006917585488,7.639999999999986,0
2023-02-07,152.07,152.64,148.13,148.13,83322600,0.019235924932975903,146.71142857142857,135.04666666666665,139.30811111111112,3.9399999999999977,4.509999999999991,149.2,148.3,143.49,0.021206768537614693,0.01800647584554706,8.579999999999984,1
2023-02-08,149.38,152.0,148.65,151.31,64120100,-0.017689222068784097,147.96428571428572,135.704,139.41377777777777,-1.9300000000000068,3.3499999999999943,152.07,151.92,140.61,0.02068417879591746,0.018440481026868523,8.769999999999982,0
2023-02-09,148.35,151.75,147.91,151.21,56007100,-0.006895166688981129,148.88857142857142,136.387,139.55466666666666,-2.8600000000000136,3.8400000000000034,149.38,149.2,141.88,0.02152156120540294,0.018238155977751913,6.469999999999999,0
2023-02-10,148.72,149.04,146.95,147.19,57450700,0.002494101786316175,149.7057142857143,137.21300000000002,139.65333333333334,1.5300000000000011,2.0900000000000034,148.35,152.07,143.0,0.021563672264481432,0.016954224352070328,5.719999999999999,1
2023-02-13,151.51,151.92,148.63,148.66,62199000,0.018760086067778323,150.16428571428568,138.015,139.74322222222222,2.8499999999999943,3.289999999999992,148.72,149.38,148.3,0.01795033074903332,0.01661113094361138,3.2099999999999795,1
2023-02-14,150.87,151.43,148.57,149.81,61707600,-0.00422414362088302,150.0142857142857,138.78533333333334,139.82266666666666,1.0600000000000023,2.8600000000000136,151.51,148.35,151.92,0.015392124176827313,0.01670344244859524,-1.049999999999983,0
2023-02-15,152.97,153.14,150.56,150.78,65573800,0.013919268244183696,150.55285714285714,139.785,139.936,2.1899999999999977,2.579999999999984,150.87,148.72,149.2,0.014180940467964042,0.014636816468757344,3.7700000000000102,1
2023-02-16,151.38,153.96,151.02,151.18,68167900,-0.010394194940184372,150.45428571428573,140.68933333333334,140.09,0.19999999999998863,2.9399999999999977,152.97,151.51,152.07,0.013139778605356206,0.014979005648697632,-0.6899999999999977,0
2023-02-17,150.23,150.68,148.56,150.04,59144100,-0.007596776324481475,150.57571428571427,141.5993333333333,140.22755555555554,0.18999999999999773,2.1200000000000045,151.38,150.87,149.38,0.011385609974508222,0.014867984183881968,0.8499999999999943,0
2023-02-21,146.22,149.0,146.16,147.92,58867200,-0.02669240497903209,150.27142857142854,142.22466666666665,140.33633333333333,-1.6999999999999886,2.8400000000000034,150.23,152.97,148.35,0.01538960263239546,0.014967210912560635,-2.1299999999999955,0
2023-02-22,146.65,147.67,144.93,146.61,51011300,0.0029407741758993764,149.97571428571428,142.847,140.45677777777777,0.03999999999999204,2.7399999999999807,146.22,151.38,148.72,0.015412068174044082,0.014970270694826022,-2.069999999999993,1
2023-02-23,147.13,148.06,145.0,147.81,48394200,0.0032730992158199095,149.34999999999997,143.46633333333332,140.5318888888889,-0.6800000000000068,3.0600000000000023,146.65,150.23,151.51,0.012851101378084867,0.014972376471406533,-4.3799999999999955,1
2023-02-24,144.48,144.95,143.51,144.88,55469600,-0.018011282539251043,148.43714285714285,143.907,140.62777777777777,-0.4000000000000057,1.4399999999999977,147.13,146.22,150.87,0.01388623534355165,0.015189721362905457,-6.390000000000015,0
2023-02-27,145.67,146.9,145.21,145.47,44998500,0.008236434108527117,147.3942857142857,144.39,140.69299999999998,0.19999999999998863,1.6899999999999977,144.48,146.65,152.97,0.012631566076092095,0.015196768845299736,-7.300000000000011,1
2023-02-28,145.17,146.82,144.6,144.82,50547000,-0.0034324157341937256,146.50714285714284,144.812,140.738,0.3499999999999943,2.219999999999999,145.67,147.13,151.38,0.012583845826619085,0.015197709122943898,-6.210000000000008,0
2023-03-01,143.1,144.99,142.81,144.6,55479000,-0.014259144451332873,145.48857142857142,145.12633333333332,140.7588888888889,-1.5,2.180000000000007,145.17,144.48,150.23,0.012979518828638353,0.015483590356666178,-7.1299999999999955,0
2023-03-02,143.69,144.48,141.71,142.19,52238100,0.004122990915443769,145.12714285714284,145.48433333333335,140.79144444444447,1.5,2.769999999999982,143.1,145.67,146.22,0.010014929540584416,0.015416084773113271,-2.530000000000001,1
2023-03-03,148.74,148.82,145.09,145.79,70732300,0.035145104043426904,145.4257142857143,146.00866666666667,140.83777777777777,2.950000000000017,3.7299999999999898,143.69,145.17,146.65,0.017501315326359696,0.016503926508244532,2.0900000000000034,1
2023-03-06,151.49,153.93,151.13,151.45,87558000,0.018488637891622965,146.04857142857142,146.53933333333333,140.8908888888889,0.040000000000020464,2.8000000000000114,148.74,143.1,147.13,0.018575454162304213,0.016480126093659887,4.360000000000014,1
2023-03-07,149.3,151.69,148.83,151.37,56182000,-0.014456399762360536,146.73714285714283,146.89066666666668,140.8881111111111,-2.069999999999993,2.859999999999985,151.49,143.69,144.48,0.017899234461122945,0.016373954896797098,4.820000000000022,0
2023-03-08,150.55,151.14,149.52,150.49,47204800,0.008372404554588077,147.43428571428572,147.23733333333334,140.9318888888889,0.060000000000002274,1.6199999999999761,149.3,148.74,145.67,0.017903614130365345,0.016350902966721655,4.880000000000024,1
2023-03-09,148.3,152.19,147.95,151.23,53833600,-0.014945200929923613,147.8814285714286,147.531,141.00022222222222,-2.9299999999999784,4.240000000000009,150.55,151.49,145.17,0.019268521947061978,0.016611625519523384,3.130000000000024,0
2023-03-10,146.24,148.65,145.37,147.93,68572400,-0.013890761968981808,148.32999999999998,147.687,140.92633333333333,-1.6899999999999977,3.280000000000001,148.3,149.3,143.1,0.019213283004650337,0.01668440382756029,3.140000000000015,0
2023-03-13,148.18,150.81,145.46,145.57,84457100,0.013265864332603922,148.97142857142856,147.8433333333333,140.90022222222223,2.6100000000000136,5.349999999999994,146.24,150.55,143.69,0.019588638192123434,0.01667509565095584,4.490000000000009,1
2023-03-14,150.27,151.07,147.82,148.98,73695900,0.014104467539479035,149.19,148.16533333333334,140.92666666666668,1.2900000000000205,3.25,148.18,148.3,148.74,0.015248230909276725,0.016335284091134352,1.5300000000000011,1
2023-03-15,150.67,150.92,147.64,148.89,77167900,0.0026618752911424584,149.07285714285715,148.45833333333334,141.0188888888889,1.7800000000000011,3.280000000000001,150.27,146.24,151.49,0.01337901852032624,0.01628670035416076,-0.8200000000000216,1
2023-03-16,153.48,154.08,149.34,149.85,76161100,0.018650029866595887,149.67000000000002,148.80766666666665,141.20933333333335,3.6299999999999955,4.740000000000009,150.67,148.18,149.3,0.013555328295108818,0.016534398484890172,4.179999999999978,1
2023-03-17,152.65,154.36,151.94,153.71,98944600,-0.005407870732342873,149.97,148.95266666666666,141.39355555555557,-1.0600000000000023,2.420000000000016,153.48,150.27,150.55,0.013817890875844669,0.015239824903030559,2.0999999999999943,0
2023-03-20,155.01,155.42,151.81,152.71,73641400,0.015460203078938651,150.92857142857142,149.05566666666667,141.5981111111111,2.299999999999983,3.609999999999985,152.65,150.67,148.3,0.012273029776449602,0.01484991291945813,6.7099999999999795,1
2023-03-21,156.86,156.98,154.16,154.93,73938300,0.011934713889426636,152.44571428571427,149.311,141.81688888888888,1.9300000000000068,2.819999999999993,155.01,153.48,146.24,0.008436814556036683,0.014551766946556117,10.620000000000005,1
2023-03-22,155.43,159.68,155.41,156.88,75701800,-0.009116409537166944,153.48142857142855,149.42300000000003,142.07033333333337,-1.4499999999999886,4.27000000000001,156.86,152.65,148.18,0.010913017520836668,0.01429692289683314,7.25,0
2023-03-23,156.52,159.1,155.29,156.42,67622100,0.007012803191147162,154.3742857142857,149.661,142.2047777777778,0.10000000000002274,3.8100000000000023,155.43,155.01,150.27,0.010451963372423786,0.013899538414251166,6.25,1
2023-03-24,157.82,157.9,155.45,156.45,59196500,0.008305647840531453,155.3957142857143,149.97666666666663,142.32277777777776,1.3700000000000045,2.450000000000017,156.52,156.86,150.67,0.01037931730991803,0.013854256819397923,7.150000000000006,1
2023-03-27,155.88,158.33,155.47,157.51,52390300,-0.012292485109618539,155.73857142857145,150.21533333333335,142.4346666666667,-1.6299999999999955,2.8600000000000136,157.82,155.43,153.48,0.011007401799574814,0.014102665121880884,2.4000000000000057,0
2023-03-28,155.26,156.08,153.61,155.57,45992200,-0.003977418527072136,156.11142857142858,150.34033333333335,142.52044444444445,-0.3100000000000023,2.469999999999999,155.88,156.52,152.65,0.01085328593621467,0.01375902043451902,2.609999999999985,0
2023-03-29,158.33,158.6,156.93,156.95,51305700,0.019773283524410806,156.58571428571426,150.589,142.654,1.3800000000000239,1.6699999999999875,155.26,157.82,155.01,0.011794899689507496,0.014142673179404918,3.3200000000000216,1
2023-03-30,159.89,160.0,158.82,159.08,49501700,0.009852839007136826,157.01857142857145,150.81966666666668,142.78388888888887,0.8099999999999739,1.1800000000000068,158.33,155.88,156.86,0.011558631958984433,0.014040705389063613,3.0299999999999727,1
2023-03-31,162.4,162.49,159.45,159.97,68749800,0.015698292576146224,158.0142857142857,151.18699999999998,142.93533333333335,2.430000000000007,3.0400000000000205,159.89,155.26,155.43,0.011092834316145678,0.014082055313118609,6.969999999999999,1
2023-04-03,163.65,163.76,161.73,161.78,56976200,0.00769704433497537,159.03285714285715,151.63433333333336,143.13655555555556,1.8700000000000045,2.030000000000001,162.4,158.33,156.52,0.011102771698188811,0.013982631846747348,7.1299999999999955,1
2023-04-04,163.11,164.31,162.6,164.07,46278300,-0.003299725022914708,159.78857142857143,152.19733333333335,143.30811111111112,-0.9599999999999795,1.710000000000008,163.65,159.89,157.82,0.011631097546769987,0.01288146110596036,5.2900000000000205,0
2023-04-05,161.27,162.54,159.34,162.24,51511700,-0.011280730795168925,160.55857142857144,152.68466666666666,143.44944444444445,-0.9699999999999989,3.1999999999999886,163.11,162.4,155.88,0.011387332384077629,0.013169967968677372,5.390000000000015,0
2023-04-06,162.16,162.45,159.54,159.96,45390100,0.005518695355614722,161.5442857142857,153.1856666666667,143.63299999999998,2.1999999999999886,2.9099999999999966,161.27,163.65,155.26,0.010694828273998435,0.013176447324312246,6.900000000000006,1
2023-04-10,159.57,159.57,157.65,158.97,47716900,-0.015971879625061688,161.72142857142856,153.68866666666665,143.83033333333333,0.5999999999999943,1.9199999999999875,162.16,163.11,158.33,0.011667758479687956,0.013067350014416373,1.2399999999999807,0
2023-04-11,158.36,159.89,158.07,159.88,47644200,-0.007582878987278182,161.50285714285715,154.11166666666665,144.04755555555556,-1.5199999999999818,1.8199999999999932,159.57,161.27,159.89,0.011363199177040885,0.013184072943142635,-1.5299999999999727,0
2023-04-12,157.67,159.6,157.35,158.77,50133100,-0.004357160899217139,160.82714285714286,154.5283333333333,144.1821111111111,-1.1000000000000227,2.25,158.36,162.16,162.4,0.008534083553024503,0.0132003914346818,-4.730000000000018,0
2023-04-13,163.05,163.28,158.97,159.18,68445600,0.03412190017124389,160.74142857142857,155.19333333333333,144.37344444444443,3.8700000000000045,4.310000000000002,157.67,159.57,163.65,0.01664996085558863,0.013972047835923339,-0.5999999999999943,1
2023-04-14,162.7,163.79,161.33,162.09,49386500,-0.0021465808034346686,160.68285714285713,155.82699999999997,144.56633333333335,0.6099999999999852,2.4599999999999795,163.05,158.36,163.11,0.01662225623998273,0.014023955222506112,-0.410000000000025,0
2023-04-17,162.72,162.88,161.54,162.58,41516200,0.00012292562999391662,160.89000000000001,156.293,144.77233333333334,0.13999999999998636,1.3400000000000034,162.7,157.67,161.27,0.015903424610746317,0.012764080719502913,1.4499999999999886,1
2023-04-18,163.94,164.87,163.13,163.58,49923000,0.0074975417895771805,161.1442857142857,156.708,145.03255555555555,0.3599999999999852,1.740000000000009,162.72,163.05,162.16,0.01600637448830752,0.012460601677606872,1.7800000000000011,1
2023-04-19,165.08,165.61,163.03,163.28,47720200,0.006953763572038641,161.93142857142857,157.23399999999998,145.3268888888889,1.8000000000000114,2.5800000000000125,163.94,162.7,159.57,0.014017031121757747,0.012049810296790498,5.510000000000019,1
2023-04-20,164.12,165.32,163.05,163.57,52456400,-0.005815362248606784,162.75428571428571,157.68633333333335,145.5918888888889,0.5500000000000114,2.269999999999982,165.08,162.72,158.36,0.013767456087004994,0.012127090842803008,5.759999999999991,0
2023-04-21,162.51,163.92,161.99,162.54,58337300,-0.009809895198635227,163.44571428571427,158.16,145.84433333333334,-0.030000000000001137,1.9299999999999784,164.12,163.94,157.67,0.01453118169751521,0.011899876939725015,4.840000000000003,0
2023-04-24,162.82,163.08,161.4,162.49,41949600,0.00190757491846657,163.41285714285715,158.71266666666668,146.0747777777778,0.3299999999999841,1.6800000000000068,162.51,165.08,163.05,0.006359303735831167,0.011462536127458478,-0.2300000000000182,1
2023-04-25,161.28,163.78,161.24,162.68,48714100,-0.00945829750644879,163.21,159.14933333333335,146.27744444444443,-1.4000000000000057,2.539999999999992,162.82,164.12,162.7,0.007270531556917477,0.011555597715615486,-1.4199999999999875,0
2023-04-26,161.27,162.77,160.33,160.58,45498800,-6.200396825391186e-05,163.00285714285715,159.516,146.50466666666668,0.6899999999999977,2.4399999999999977,161.28,162.51,162.72,0.007265135145353511,0.011369556260850757,-1.4499999999999886,0
2023-04-27,165.85,166.0,162.68,162.68,64902300,0.028399578346871606,163.2757142857143,160.022,146.85611111111112,3.1699999999999875,3.319999999999993,161.27,162.82,163.94,0.013273260060364086,0.01231980868951436,1.9099999999999966,1
2023-04-28,167.1,167.27,165.33,165.93,55275900,0.007536930961712391,163.56428571428572,160.47600000000003,147.24311111111112,1.1699999999999875,1.9399999999999977,165.85,161.28,165.08,0.013313275710909976,0.012004692476073825,2.019999999999982,1
2023-05-01,167.01,167.86,166.08,166.71,52472900,-0.0005385996409335932,163.97714285714284,160.95466666666664,147.65255555555555,0.29999999999998295,1.7800000000000011,167.1,161.27,164.12,0.012953821054504853,0.011921018414280966,2.8899999999999864,0
2023-05-02,165.98,167.76,165.0,167.51,48425700,-0.006167295371534646,164.47285714285712,161.3203333333333,148.05133333333333,-1.5300000000000011,2.759999999999991,167.01,165.85,162.51,0.012436553725920485,0.01179919045957777,3.469999999999999,0
2023-05-03,164.91,168.32,164.62,166.93,65136000,-0.006446559826485078,164.77142857142857,161.58866666666665,148.40377777777778,-2.0200000000000102,3.6999999999999886,165.98,167.1,162.82,0.012958625963110329,0.011761426427008417,2.0900000000000034,0
2023-05-04,163.27,164.5,161.81,162.39,81235400,-0.009944818385786104,165.0557142857143,161.85,148.77322222222222,0.8800000000000239,2.6899999999999977,164.91,167.01,161.28,0.013030770431660404,0.011788724887833488,1.990000000000009,0
2023-05-05,170.93,171.65,168.17,168.38,113453200,0.046916151160654104,166.43571428571428,162.33033333333333,149.23177777777775,2.5500000000000114,3.480000000000018,163.27,165.98,161.27,0.021343027299134506,0.01437525186934561,9.659999999999997,1
2023-05-08,170.86,171.21,169.5,169.86,55962800,-0.0004095243666997787,167.15142857142857,162.76500000000001,149.70955555555557,1.0,1.710000000000008,170.93,164.91,165.85,0.019579202764915215,0.014353180247447993,5.010000000000019,0
2023-05-09,169.16,170.9,168.99,170.42,45326900,-0.009949666393538668,167.4457142857143,163.20766666666668,150.212,-1.259999999999991,1.9099999999999966,170.86,163.27,167.1,0.02022041676643847,0.014274684640604511,2.0600000000000023,0
2023-05-10,170.92,171.39,169.29,170.39,53724500,0.01040435091038065,168.00428571428571,163.72966666666667,150.695,0.5300000000000011,2.0999999999999943,169.16,170.93,167.01,0.020420425188917714,0.014279819633374775,3.9099999999999966,1
2023-05-11,171.11,171.94,169.56,171.21,49514700,0.0011116311724785055,168.73714285714286,164.15566666666666,151.17666666666668,-0.09999999999999432,2.3799999999999955,170.92,170.86,165.98,0.02002849558139358,0.013940136113841765,5.130000000000024,1
2023-05-12,170.18,171.65,168.64,171.22,45533100,-0.0054351002279235975,169.49,164.49866666666668,151.70111111111112,-1.039999999999992,3.0100000000000193,171.11,169.16,164.91,0.01993959309169736,0.013948438433687866,5.27000000000001,0
2023-05-15,169.69,170.82,169.1,170.77,37266700,-0.002879304266071272,170.40714285714287,164.74166666666667,152.206,-1.0800000000000125,1.7199999999999989,170.18,170.92,163.27,0.01924311811483765,0.013738094850385966,6.4199999999999875,0
2023-05-16,169.69,170.75,169.42,169.61,42110300,0.0,170.23000000000002,164.943,152.72555555555556,0.07999999999998408,1.3300000000000125,169.69,171.11,170.93,0.006313500688161513,0.013691215253776487,-1.240000000000009,0
2023-05-17,170.3,170.54,168.06,169.34,57951600,0.003594790500324201,170.15,165.18266666666665,153.20155555555556,0.960000000000008,2.4799999999999898,169.69,170.18,170.86,0.006555085294767395,0.013669227415936014,-0.5600000000000023,1
2023-05-18,172.63,172.82,170.19,170.61,65496700,0.013681738109218931,170.6457142857143,165.56133333333335,153.69766666666666,2.019999999999982,2.6299999999999955,170.3,169.69,169.16,0.006922449928380257,0.013622345805484874,3.469999999999999,1
2023-05-19,172.74,173.95,172.52,173.95,55809500,0.0006372009500087681,170.90571428571428,165.91400000000002,154.18866666666665,-1.2099999999999795,1.4299999999999784,172.63,169.69,170.92,0.006099121612576193,0.013612462392353432,1.8200000000000216,1
2023-05-22,171.79,172.29,171.05,171.57,43570900,-0.005499594766701499,171.00285714285715,166.32133333333334,154.639,0.21999999999999886,1.2399999999999807,172.74,170.3,171.11,0.00666075119608756,0.013260191649773946,0.6799999999999784,0
2023-05-23,169.19,170.98,168.91,170.74,50747300,-0.015134757552826093,170.86142857142858,166.68233333333333,155.06133333333332,-1.5500000000000114,2.069999999999993,171.79,172.63,170.18,0.00879048197461417,0.013528085082179111,-0.9900000000000091,0
2023-05-24,169.46,170.04,168.16,168.72,45143500,0.0015958389975767493,170.82857142857142,167.07533333333333,155.4718888888889,0.7400000000000091,1.8799999999999955,169.19,172.74,169.69,0.00877677710680237,0.013470692480367981,-0.22999999999998977,1
2023-05-25,170.6,171.5,169.32,170.03,56058300,0.006727251268735904,170.95857142857145,167.32700000000003,155.88222222222223,0.5699999999999932,2.180000000000007,169.46,171.79,169.69,0.009157361274960509,0.012112750731261807,0.9099999999999966,1
2023-05-26,173.0,173.34,170.72,170.92,54835000,0.014067995310668263,171.3442857142857,167.67033333333336,156.32722222222222,2.0800000000000125,2.6200000000000045,170.6,169.19,170.3,0.01045382974572653,0.01230104139211319,2.6999999999999886,1
2023-05-30,174.85,176.52,174.13,174.51,55964400,0.010693641618497077,171.6614285714286,168.07466666666667,156.7921111111111,0.3400000000000034,2.390000000000015,173.0,169.46,172.63,0.00996082572102311,0.012392912542658986,2.219999999999999,1
2023-05-31,174.8,176.87,174.32,174.88,99625300,-0.0002859593937659877,171.9557142857143,168.43666666666667,157.228,-0.07999999999998408,2.5500000000000114,174.85,170.6,172.74,0.00998594241793286,0.01236552895625541,2.0600000000000023,0
2023-06-01,177.6,177.63,174.48,175.24,68901800,0.016018306636155506,172.78571428571428,168.854,157.65955555555556,2.359999999999985,3.1500000000000057,174.8,173.0,171.79,0.010674913514138393,0.01259399781166447,5.810000000000002,1
2023-06-02,178.45,179.27,176.78,178.53,61996900,0.0047860360360360045,174.10857142857142,169.33166666666665,158.0851111111111,-0.0800000000000125,2.490000000000009,177.6,174.85,169.19,0.0061801920527963005,0.012500574582757778,9.259999999999991,1
2023-06-05,177.1,182.39,175.58,180.11,121946500,-0.007565144298122692,175.20000000000002,169.818,158.50300000000001,-3.0100000000000193,6.809999999999974,178.45,174.8,169.46,0.0082882076690854,0.012428578652009067,7.639999999999986,0
2023-06-06,176.73,177.63,174.98,177.48,64848400,-0.0020892151326934194,176.07571428571427,170.28166666666667,158.89377777777779,-0.75,2.6500000000000057,177.1,177.6,170.6,0.008870552623273112,0.012461443100018546,6.1299999999999955,0
2023-06-07,175.36,178.7,174.87,175.97,61944600,-0.0077519379844959895,176.41285714285715,170.751,159.2478888888889,-0.6099999999999852,3.829999999999984,176.73,178.45,173.0,0.00902208864668312,0.012407290789926643,2.3600000000000136,0
2023-06-08,178.07,178.34,175.01,175.44,50214900,0.015453923357664115,176.87285714285713,171.31100000000004,159.6641111111111,2.6299999999999955,3.3300000000000125,175.36,177.1,174.85,0.009923408298071668,0.012602831954784862,3.219999999999999,1
2023-06-09,178.46,179.71,178.13,178.99,48900000,0.002190149941034508,177.3957142857143,171.73133333333334,160.07055555555553,-0.5300000000000011,1.5800000000000125,178.07,176.73,174.8,0.00984503765200458,0.011683870285618955,3.6599999999999966,1
2023-06-12,181.25,181.35,178.47,178.76,54274900,0.015633755463409123,177.91714285714286,172.203,160.49555555555554,2.490000000000009,2.8799999999999955,178.46,175.36,177.6,0.009761041351846805,0.011895579581130886,3.6500000000000057,1
2023-06-13,180.78,181.6,179.92,180.27,54929100,-0.002593103448275856,178.25,172.662,160.85644444444443,0.5099999999999909,1.6800000000000068,181.25,178.07,178.45,0.009926896774552498,0.011921233048491974,2.3300000000000125,0
2023-06-14,181.41,181.84,179.5,180.83,57462900,0.0034848987719880266,178.86571428571432,173.17633333333333,161.18411111111112,0.5799999999999841,2.3400000000000034,180.78,178.46,177.1,0.009007472649380073,0.011802991458522856,4.310000000000002,1
2023-06-15,183.44,183.94,181.24,181.42,65433200,0.01119012182349375,179.8242857142857,173.79399999999998,161.56455555555556,2.0200000000000102,2.6999999999999886,181.41,181.25,176.73,0.009038485172373526,0.0117536329895667,6.710000000000008,1
2023-06-16,182.36,184.4,181.72,184.15,101256200,-0.005887483645878675,180.8242857142857,174.43033333333332,161.9011111111111,-1.789999999999992,2.680000000000007,183.44,180.78,175.36,0.008604309791835468,0.011614667523948132,7.0,0
2023-06-20,182.45,183.53,181.86,181.86,49799100,0.0004935292827373053,181.45000000000002,174.81433333333334,162.26855555555557,0.589999999999975,1.6699999999999875,182.36,181.41,178.07,0.007553934244427915,0.008280029610372823,4.3799999999999955,1
2023-06-21,181.42,182.85,180.07,182.34,49515700,-0.005645382296519601,181.87285714285713,175.1663333333333,162.636,-0.9200000000000159,2.780000000000001,182.45,183.44,178.46,0.00832215537101779,0.008391567360191999,2.9599999999999795,0
2023-06-22,184.41,184.46,181.13,181.2,51245300,0.016481093594973042,182.3242857142857,175.67466666666667,163.03255555555555,3.210000000000008,3.3300000000000125,181.42,182.36,181.25,0.008550067281255758,0.008476961733438195,3.1599999999999966,1
2023-06-23,184.1,184.97,182.45,182.98,53117000,-0.0016810368201290726,182.79857142857142,176.114,163.39466666666667,1.1200000000000045,2.5200000000000102,184.41,182.45,180.78,0.008465993366274339,0.00839559764371234,3.319999999999993,0
2023-06-26,182.71,185.45,182.67,184.25,48088700,-0.007550244432373636,182.9842857142857,176.5006666666667,163.74844444444446,-1.539999999999992,2.780000000000001,184.1,181.42,181.41,0.00927028949480069,0.008592101613460884,1.3000000000000114,0
2023-06-27,185.46,185.79,183.1,183.32,50730800,0.015051173991571342,183.27285714285713,177.01000000000002,164.10944444444445,2.140000000000015,2.6899999999999977,182.71,184.41,183.44,0.010055304691095928,0.008774513819099954,2.0200000000000102,1
2023-06-28,186.63,187.27,185.01,185.33,51216800,0.006308637981235778,183.88285714285715,177.57466666666667,164.5011111111111,1.299999999999983,2.2600000000000193,185.46,184.1,182.36,0.009585576053351284,0.008725787186086813,4.269999999999982,1
2023-06-29,186.97,187.44,186.33,186.47,46347300,0.0018217864223329767,184.5285714285714,178.15066666666664,164.90933333333334,0.5,1.1099999999999852,186.63,182.71,182.45,0.009532581270360111,0.008708974768609845,4.52000000000001,1
2023-06-30,191.29,191.79,188.62,188.98,85213200,0.023105311012461854,185.93857142857146,178.85033333333334,165.41011111111112,2.3100000000000023,3.1699999999999875,186.97,185.46,181.42,0.010996326722713558,0.009432189738577271,9.870000000000005,1
2023-07-03,189.8,191.2,189.11,191.1,31458200,-0.007789220555177901,186.70857142857145,179.4226666666667,165.88955555555557,-1.299999999999983,2.089999999999975,191.29,186.63,184.41,0.011558941082482259,0.009480771405465778,5.390000000000015,0
2023-07-05,188.68,190.31,187.98,188.92,46920300,-0.005900948366701815,187.36285714285717,179.954,166.35122222222222,-0.23999999999998067,2.3300000000000125,189.8,186.97,184.1,0.012016601406203203,0.009616108619111956,4.5800000000000125,0
2023-07-06,189.16,189.37,186.58,187.22,45094300,0.0025439898240406495,188.28428571428572,180.533,166.84766666666667,1.9399999999999977,2.789999999999992,188.68,191.29,182.71,0.011023202459481584,0.009482415832524469,6.449999999999989,1
2023-07-07,188.04,190.01,187.61,188.76,46815000,-0.005920913512370504,188.65285714285713,181.16133333333335,167.31844444444445,-0.7199999999999989,2.3999999999999773,189.16,189.8,185.46,0.010687351022914604,0.009003215723852395,2.579999999999984,0
2023-07-10,186.0,187.36,184.45,186.64,59922200,-0.010848755583918273,188.56285714285713,181.71266666666668,167.77211111111112,-0.6399999999999864,2.910000000000025,188.04,188.68,186.63,0.011479082134059595,0.009376099423647269,-0.6299999999999955,0
2023-07-11,185.48,186.68,184.02,186.54,46638100,-0.002795698924731238,188.34999999999997,182.20866666666663,168.243,-1.0600000000000023,2.6599999999999966,186.0,189.16,186.97,0.011460978007444797,0.009411996237465997,-1.490000000000009,0
2023-07-12,187.15,189.05,185.86,187.06,60750200,0.009003666163467846,187.75857142857143,182.68033333333332,168.72588888888887,0.09000000000000341,3.1899999999999977,185.48,188.04,191.29,0.006785779411310434,0.00924753742349748,-4.139999999999986,1
2023-07-13,187.91,188.55,187.16,187.87,41342300,0.004060913705583708,187.48857142857145,183.11566666666667,169.1611111111111,0.03999999999999204,1.3900000000000148,187.15,186.0,189.8,0.006898509262261653,0.009127481726559982,-1.8900000000000148,1
2023-07-14,188.05,188.54,187.01,187.6,41616200,0.0007450375179608045,187.39857142857142,183.55733333333333,169.56733333333332,0.45000000000001705,1.5300000000000011,187.91,185.48,188.68,0.0066292157280072655,0.009118785018455915,-0.6299999999999955,1
2023-07-17,191.31,191.63,189.16,189.25,50520200,0.0173358149428343,187.7057142857143,184.01433333333333,170.03411111111112,2.0600000000000023,2.469999999999999,188.05,187.15,189.16,0.009487310743116149,0.00918914408759402,2.1500000000000057,1
2023-07-18,191.05,191.64,189.76,190.68,48288200,-0.0013590507553185452,188.1357142857143,184.4343333333333,170.4841111111111,0.37000000000000455,1.8799999999999955,191.31,187.91,188.04,0.009025684818588715,0.009205420195276096,3.0100000000000193,0
2023-07-19,192.4,195.49,189.99,190.43,80507300,0.007066213033237343,189.05,184.94433333333333,170.9741111111111,1.9699999999999989,5.5,191.05,188.05,186.0,0.006982607949968841,0.009050052669798457,6.400000000000006,1
2023-07-20,190.46,193.75,189.84,192.39,59581200,-0.010083160083160072,189.76142857142858,185.402,171.46544444444444,-1.9299999999999784,3.9099999999999966,192.4,191.31,185.48,0.008657552429852135,0.009312996321150038,4.980000000000018,0
2023-07-21,189.29,192.27,188.59,191.42,71951700,-0.006143022156883418,190.06714285714287,185.86633333333333,171.92222222222222,-2.1299999999999955,3.680000000000007,190.46,191.05,187.15,0.009032012385152397,0.009256151120095688,2.1399999999999864,0
2023-07-24,190.09,192.22,189.59,190.74,45377800,0.0042263194040890245,190.3785714285714,186.26699999999997,172.36466666666666,-0.6500000000000057,2.6299999999999955,189.29,192.4,187.91,0.009039552503656454,0.008939765117315118,2.180000000000007,1
2023-07-25,190.94,191.75,190.25,190.66,37283200,0.004471566100268264,190.79142857142855,186.683,172.8121111111111,0.28000000000000114,1.5,190.09,190.46,188.05,0.00908465656991331,0.00894921732545035,2.8899999999999864,1
2023-07-26,191.81,192.94,190.65,190.99,47471900,0.00455640515345137,190.86285714285714,187.03499999999997,173.238,0.8199999999999932,2.289999999999992,190.94,189.29,191.31,0.0064386064223922205,0.008601623074218141,0.5,1
2023-07-27,190.55,194.47,189.89,193.31,47460200,-0.006569000573484129,190.79142857142855,187.36066666666665,173.65911111111112,-2.759999999999991,4.5800000000000125,191.81,190.09,191.05,0.006955005610718861,0.008703659790750681,-0.5,0
2023-07-28,193.12,193.91,191.46,191.98,48291400,0.013487273681448402,190.8942857142857,187.751,174.08255555555556,1.1400000000000148,2.4499999999999886,190.55,190.94,192.4,0.008375139985466207,0.008958577754803168,0.7199999999999989,1
2023-07-31,193.73,193.77,192.56,193.35,38824100,0.003158657829328838,191.36142857142858,188.09400000000002,174.4922222222222,0.37999999999999545,1.210000000000008,193.12,191.81,190.46,0.006942439313242297,0.008796908872160822,3.269999999999982,1
2023-08-01,192.91,194.01,192.58,193.53,35175100,-0.0042326949878696805,191.87857142857143,188.44566666666665,174.90866666666665,-0.6200000000000045,1.4299999999999784,193.73,190.55,189.29,0.006575978748085889,0.008751738651768115,3.6200000000000045,0
2023-08-02,189.92,192.48,189.2,192.34,50389300,-0.015499455704732825,191.8542857142857,188.69466666666668,175.27977777777778,-2.420000000000016,3.280000000000001,192.91,193.12,190.09,0.009432954633256569,0.00931046245958797,-0.17000000000001592,0
2023-08-03,188.53,189.71,188.05,188.92,61235200,-0.007318871103622507,191.51,188.93166666666667,175.621,-0.38999999999998636,1.6599999999999966,189.92,193.73,190.94,0.009534870724831527,0.00935889439317198,-2.4099999999999966,0
2023-08-04,179.47,184.79,179.4,182.96,115956800,-0.04805601230573385,189.74714285714285,188.767,175.8831111111111,-3.490000000000009,5.389999999999986,188.53,192.91,191.81,0.019373520800902825,0.012608074128689598,-12.340000000000003,0
2023-08-07,176.38,180.6,174.9,179.61,97576100,-0.017217362233242342,187.72285714285712,188.50966666666667,176.11777777777777,-3.230000000000018,5.699999999999989,179.47,189.92,190.55,0.019541581905154266,0.012958575903202596,-14.170000000000016,0
2023-08-08,177.31,177.78,175.12,177.21,67823000,0.005272706656083495,185.46428571428572,188.32966666666664,176.32866666666666,0.09999999999999432,2.6599999999999966,176.38,188.53,193.12,0.018027186621902228,0.012958311003760489,-15.810000000000002,1
2023-08-09,175.73,178.43,174.56,178.37,60378500,-0.008910946929107284,182.89285714285714,188.00533333333334,176.50466666666668,-2.640000000000015,3.8700000000000045,177.31,179.47,193.73,0.01687795503186314,0.012675504718352238,-18.0,0
2023-08-10,175.51,178.25,175.14,177.0,54686900,-0.0012519205599499168,180.40714285714287,187.63466666666667,176.65033333333335,-1.490000000000009,3.1100000000000136,175.73,176.38,192.91,0.01719157288871813,0.012585293715290689,-17.400000000000006,0
2023-08-11,175.57,176.39,174.34,175.1,52036700,0.00034186086262892303,178.35714285714286,187.25466666666668,176.78277777777777,0.46999999999999886,2.049999999999983,175.51,177.31,189.92,0.017880061122525336,0.012572820649899143,-14.349999999999994,1
2023-08-14,177.22,177.45,175.09,175.75,43675600,0.009397960927265511,176.74142857142857,186.78566666666666,176.93955555555556,1.4699999999999989,2.359999999999985,175.57,175.73,188.53,0.019499808169526088,0.011857045342119241,-11.310000000000002,1
2023-08-15,175.23,177.24,174.84,176.65,43622600,-0.011228980927660587,176.1357142857143,186.3,177.09466666666668,-1.420000000000016,2.4000000000000057,177.22,175.51,179.47,0.009488558765635152,0.011926640627344462,-4.240000000000009,0
2023-08-16,174.36,176.31,174.29,174.92,46964900,-0.00496490326998788,175.84714285714284,185.82266666666663,177.2302222222222,-0.5599999999999739,2.0200000000000102,175.23,175.57,176.38,0.007411343169863328,0.011918899150772705,-2.019999999999982,0
2023-08-17,171.83,175.29,171.31,174.93,66062900,-0.014510208763477868,175.06428571428572,185.24499999999998,177.36644444444443,-3.0999999999999943,3.9799999999999898,174.36,177.22,177.31,0.008085822422362212,0.012072886938419717,-5.47999999999999,0
2023-08-18,172.31,172.91,169.81,170.15,61172200,0.0027934586509922,174.57571428571427,184.72066666666666,177.52144444444446,2.1599999999999966,3.0999999999999943,171.83,175.23,175.73,0.008217906221048212,0.012108111118279564,-3.4199999999999875,1
2023-08-21,173.64,173.93,171.57,172.88,46311900,0.007718646625268319,174.3085714285714,184.30866666666668,177.6988888888889,0.7599999999999909,2.3600000000000136,172.31,174.36,175.51,0.009142383591070136,0.012158832922051919,-1.8700000000000045,1
2023-08-22,175.02,175.46,174.05,174.85,42038900,0.007947477539737525,174.23000000000002,183.96,177.8318888888889,0.17000000000001592,1.4099999999999966,173.64,171.83,175.57,0.009823389370850488,0.01229859833114231,-0.549999999999983,1
2023-08-23,178.86,179.28,176.1,176.29,52722800,0.021940349674322953,174.46428571428572,183.68366666666668,178.01144444444444,2.5700000000000216,3.180000000000007,175.02,172.31,177.22,0.012647653240516043,0.012904471034739563,1.6400000000000148,1
2023-08-24,174.18,178.84,173.81,178.41,54945800,-0.026165716202616606,174.31428571428572,183.226,178.13877777777776,-4.22999999999999,5.030000000000001,178.86,173.64,175.23,0.015957440959277557,0.01362127853248218,-1.049999999999983,0
2023-08-25,176.38,176.91,173.62,175.16,51449600,0.01263061201056372,174.60285714285715,182.837,178.27700000000002,1.2199999999999989,3.289999999999992,174.18,175.02,174.36,0.016557174933017466,0.013887218139551597,2.019999999999982,1
2023-08-28,177.94,178.33,176.32,177.84,43820700,0.008844540197301295,175.47571428571428,182.39133333333334,178.4198888888889,0.09999999999999432,2.0100000000000193,176.38,178.86,171.83,0.015011993229317875,0.013561427141492482,6.109999999999985,1
2023-08-29,181.82,182.59,177.26,177.45,53003900,0.02180510284365514,176.8342857142857,182.0836666666667,178.61655555555555,4.3700000000000045,5.3300000000000125,177.94,174.18,172.31,0.016197810676841267,0.014259608412035473,9.509999999999991,1
2023-08-30,185.31,185.5,182.43,182.63,60813900,0.019194808051919532,178.5014285714286,181.84733333333332,178.8698888888889,2.680000000000007,3.069999999999993,181.82,176.38,173.64,0.016757277304812877,0.01467810410251976,11.670000000000016,1
2023-08-31,185.52,186.76,185.14,185.49,60794500,0.0011332361988020505,180.0014285714286,181.68266666666668,179.1221111111111,0.030000000000001137,1.6200000000000045,185.31,177.94,175.02,0.017054850115479043,0.014585151141310393,10.5,1
2023-09-01,187.09,187.55,185.93,187.12,45766500,0.008462699439413503,181.17714285714285,181.60933333333335,179.4088888888889,-0.030000000000001137,1.6200000000000045,185.52,181.82,178.86,0.016011274620611957,0.014643324591499423,8.22999999999999,1
2023-09-05,187.33,187.61,185.27,185.93,45280000,0.0012828050670800637,183.05571428571426,181.51733333333334,179.69844444444445,1.4000000000000057,2.3400000000000034,187.09,185.31,174.18,0.008036640870039753,0.014621901842684209,13.150000000000006,1
2023-09-06,180.62,186.49,179.2,186.05,81755800,-0.03581914268937174,183.6614285714286,181.17333333333332,179.86255555555556,-5.430000000000007,7.2900000000000205,187.33,185.52,176.38,0.019109707260089835,0.015950627931437516,4.240000000000009,0
2023-09-07,175.34,175.98,171.37,172.99,112488800,-0.029232643118148605,183.29,180.62433333333334,179.9541111111111,2.3499999999999943,4.609999999999985,180.62,187.09,177.94,0.022476722991094426,0.016668524103527663,-2.5999999999999943,0
2023-09-08,175.95,177.99,175.57,176.12,65551300,0.003478955172807033,182.45142857142858,180.13766666666666,180.05344444444447,-0.17000000000001592,2.420000000000016,175.34,187.33,181.82,0.020210994325993884,0.01669219773454791,-5.8700000000000045,1
2023-09-11,177.12,178.05,175.12,177.82,58953100,0.0066496163682865355,181.28142857142853,179.60433333333333,180.1772222222222,-0.6999999999999886,2.930000000000007,175.95,180.62,185.31,0.018217643559716747,0.01651183755659647,-8.189999999999998,1
2023-09-12,174.1,177.88,172.64,177.25,90370200,-0.017050587172538448,179.65,178.95,180.27933333333334,-3.1500000000000057,5.240000000000009,177.12,175.34,185.52,0.01827872126869113,0.016674116054834223,-11.420000000000016,0
2023-09-13,172.03,175.08,171.81,174.3,84267900,-0.011889718552555963,177.49857142857144,178.254,180.37666666666667,-2.2700000000000102,3.2700000000000102,174.1,175.95,187.09,0.016600138188653957,0.01674545499971764,-15.060000000000002,0
2023-09-14,173.54,173.9,171.41,171.83,60895800,0.0087775388013718,175.52857142857144,177.708,180.40566666666666,1.7099999999999795,2.490000000000009,172.03,177.12,187.33,0.017783874308185097,0.016740879083116108,-13.79000000000002,1
2023-09-15,172.82,174.29,171.65,174.28,109259500,-0.0041488993891898055,174.41428571428568,177.1843333333333,180.42744444444443,-1.460000000000008,2.6399999999999864,173.54,174.1,180.62,0.013951936837662438,0.01672178970918236,-7.800000000000011,0
2023-09-18,175.75,177.14,173.97,174.28,67257600,0.016954056243490376,174.47285714285712,177.06033333333332,180.50066666666666,1.4699999999999989,3.1699999999999875,172.82,172.03,175.34,0.012034742374656444,0.014744791954564691,0.4099999999999966,1
2023-09-19,176.83,177.39,174.92,175.3,51826900,0.006145092460882006,174.59857142857143,177.0753333333333,180.56633333333332,1.5300000000000011,2.469999999999999,175.75,173.54,175.95,0.012189769734324379,0.014450459048860546,0.8800000000000239,1
2023-09-20,173.3,177.45,173.21,177.02,58436200,-0.01996267601651304,174.05285714285716,176.94166666666666,180.59066666666666,-3.719999999999999,4.239999999999981,176.83,172.82,177.12,0.014059407025796472,0.014872509181799281,-3.819999999999993,0
2023-09-21,171.76,174.1,171.69,172.37,63149100,-0.008886324293133413,173.71857142857144,176.8093333333333,180.60822222222222,-0.6100000000000136,2.4099999999999966,173.3,175.75,174.1,0.013000755518618982,0.014872038506419527,-2.3400000000000034,0
2023-09-22,172.61,174.87,171.88,172.49,56725400,0.004948765719608889,173.8014285714286,176.71266666666668,180.64066666666668,0.12000000000000455,2.990000000000009,171.76,176.83,172.03,0.012378296412707566,0.014906486987613963,0.5800000000000125,1
2023-09-25,173.88,174.76,171.97,172.02,46172700,0.0073576270204506215,173.85,176.65633333333332,180.68722222222223,1.8599999999999852,2.789999999999992,172.61,173.3,173.54,0.0122317046765443,0.014974170306341567,0.3400000000000034,1
2023-09-26,169.81,173.01,169.52,172.64,64588900,-0.02340694731999076,173.42000000000002,176.40933333333336,180.6817777777778,-2.829999999999984,3.4899999999999807,173.88,171.76,172.82,0.01521307116345252,0.01543869965145075,-3.009999999999991,0
2023-09-27,168.3,170.88,166.94,170.46,66921800,-0.008892291384488491,172.35571428571433,176.17833333333334,180.63366666666667,-2.1599999999999966,3.9399999999999977,169.81,172.61,175.75,0.012651679354514285,0.01539274073289903,-7.449999999999989,0
2023-09-28,168.56,169.88,165.53,167.22,56294400,0.001544860368389726,171.17428571428573,175.985,180.58722222222224,1.3400000000000034,4.349999999999994,168.3,173.88,176.83,0.012012997461493563,0.015384138717633434,-8.27000000000001,1
2023-09-29,169.07,170.91,168.21,169.87,51861100,0.0030256288561935863,170.57,175.89300000000003,180.557,-0.8000000000000114,2.6999999999999886,168.56,169.81,173.3,0.010890934863299964,0.015185433882766504,-4.230000000000018,1
2023-10-02,171.58,172.12,168.79,169.08,52164500,0.014845921807535455,170.5442857142857,175.86866666666668,180.58355555555556,2.5,3.3300000000000125,169.07,168.3,171.76,0.012499852906467443,0.015431026375627863,-0.1799999999999784,1
2023-10-03,170.25,171.46,168.69,170.11,49594600,-0.007751486187201378,170.20714285714286,175.75566666666666,180.59233333333333,0.13999999999998636,2.7700000000000102,171.58,168.56,172.61,0.012569401819542036,0.01542179444639727,-2.3600000000000136,0
2023-10-04,171.49,172.03,168.83,168.95,53020300,0.007283406754772447,169.8657142857143,175.638,180.60222222222222,2.5400000000000205,3.1999999999999886,170.25,169.07,173.88,0.012560322326044357,0.015409661844388325,-2.3899999999999864,1
2023-10-05,172.72,173.26,170.52,171.62,48527900,0.007172429879293193,170.28142857142856,175.43333333333337,180.5991111111111,1.0999999999999943,2.7399999999999807,171.49,171.58,169.81,0.00849695713418171,0.014893215810596806,2.9099999999999966,1
2023-10-06,175.27,175.77,171.02,171.63,57266700,0.01476377952755912,171.27714285714288,175.46966666666668,180.6037777777778,3.640000000000015,4.75,172.72,170.25,168.3,0.00791303422971728,0.014379492669060943,6.969999999999999,1
2023-10-09,176.75,176.81,173.6,174.6,42390800,0.00844411479431728,172.44714285714286,175.482,180.62544444444444,2.1500000000000057,3.210000000000008,175.27,171.49,168.56,0.007716010882395727,0.014275727701755975,8.189999999999998,1
2023-10-10,176.16,177.47,175.73,175.87,43698000,-0.003338048090523357,173.45999999999998,175.4226666666667,180.60944444444442,0.28999999999999204,1.740000000000009,176.75,172.72,169.07,0.008566446784482122,0.014193473870952754,7.090000000000003,0
2023-10-11,177.55,177.6,175.38,175.97,47551100,0.007890554041780283,174.31285714285715,175.28033333333332,180.59944444444446,1.5800000000000125,2.219999999999999,176.16,175.27,171.58,0.007719720812949352,0.013665886157216202,5.969999999999999,1
2023-10-12,178.45,180.06,176.8,177.82,56743100,0.005068994649394408,175.4842857142857,175.05166666666668,180.61444444444444,0.6299999999999955,3.259999999999991,177.55,176.75,170.25,0.0053766290009955135,0.013191875738494226,8.199999999999989,1
2023-10-13,176.62,179.66,175.91,179.15,51427100,-0.010254973381899603,176.21714285714285,174.755,180.61322222222222,-2.530000000000001,3.75,178.45,176.16,171.49,0.008352323693098455,0.013286775666332726,5.1299999999999955,0
2023-10-16,176.49,176.84,174.3,174.54,52517000,-0.0007360434831842115,176.75571428571428,174.40166666666667,180.62577777777778,1.950000000000017,2.539999999999992,176.62,177.55,172.72,0.008425615062739858,0.013153181089244988,3.7700000000000102,0
2023-10-17,174.94,176.19,172.62,174.44,57549400,-0.008782367272933375,176.70857142857145,173.98866666666666,180.591,0.5,3.569999999999993,176.49,178.45,175.27,0.007668341459002572,0.013198598701336524,-0.3300000000000125,0
2023-10-18,173.64,175.36,172.92,173.39,54764400,-0.007431119240882653,176.2642857142857,173.756,180.53744444444445,0.25,2.440000000000026,174.94,176.62,176.75,0.006987964223792424,0.011628984940595827,-3.1100000000000136,0
2023-10-19,173.27,175.62,173.0,173.84,59302900,-0.0021308454273207566,175.85142857142858,173.68699999999998,180.44877777777776,-0.5699999999999932,2.6200000000000045,173.64,176.49,176.16,0.006979066940742777,0.010363849370924464,-2.8899999999999864,0
2023-10-20,170.72,173.23,170.48,173.12,64244000,-0.014716915796156353,174.87571428571428,173.51266666666666,180.337,-2.4000000000000057,2.75,173.27,174.94,177.55,0.006680584217924108,0.010660614224975745,-6.8300000000000125,0
2023-10-23,170.84,171.84,167.81,168.77,55980100,0.0007029053420806265,173.78857142857143,173.30333333333334,180.21955555555556,2.069999999999993,4.030000000000001,170.72,173.64,178.45,0.00564546299673642,0.010569325499774854,-7.609999999999985,1
2023-10-24,171.27,171.5,169.31,170.89,43816600,0.002516974947319169,173.02428571428572,173.20899999999997,180.08433333333335,0.3800000000000239,2.1899999999999977,170.84,173.27,176.62,0.006154704508360612,0.010149576314632086,-5.349999999999994,1
2023-10-25,168.96,170.9,168.52,169.73,57157000,-0.013487475915221592,171.94857142857146,173.10666666666665,179.93544444444444,-0.7699999999999818,2.3799999999999955,171.27,170.72,176.49,0.006757988917049159,0.010215402454220368,-7.530000000000001,0
2023-10-26,164.8,169.24,163.6,168.24,70625300,-0.0246212121212121,170.5,172.81533333333334,179.73933333333335,-3.4399999999999977,5.640000000000015,168.96,170.84,174.94,0.009756865123052195,0.010956894928627328,-10.139999999999986,0
2023-10-27,166.12,166.85,164.75,164.82,58499100,0.008009708737864036,169.4257142857143,172.592,179.56933333333333,1.3000000000000114,2.0999999999999943,164.8,171.27,173.64,0.011597992276953843,0.011085872731718143,-7.519999999999982,1
2023-10-30,168.16,169.03,166.76,166.91,51131000,0.012280279316156946,168.69571428571427,172.339,179.38877777777776,1.25,2.2700000000000102,166.12,168.96,173.27,0.013562942428537186,0.010851479387554352,-5.110000000000014,1
2023-10-31,168.64,168.76,165.8,167.23,44846000,0.002854424357754459,168.39857142857142,172.066,179.217,1.4099999999999966,2.9599999999999795,168.16,164.8,170.72,0.012899285258856856,0.010788894443340637,-2.0800000000000125,1
2023-11-01,171.8,172.05,167.99,168.86,56934900,0.018738140417457454,168.53571428571428,172.01600000000002,179.09577777777776,2.9399999999999977,4.060000000000002,168.64,166.12,170.84,0.015072182274608674,0.010821705282468227,0.960000000000008,1
2023-11-02,175.35,175.56,173.27,173.33,77334800,0.020663562281722832,169.11857142857144,172.13566666666665,178.98344444444444,2.019999999999982,2.289999999999992,171.8,168.16,171.27,0.016852362292660003,0.011339349795088932,4.079999999999984,1
2023-11-03,174.44,174.61,171.18,172.06,79829200,-0.005189620758483015,169.90142857142857,172.1966666666667,178.848,2.3799999999999955,3.430000000000007,175.35,168.64,168.96,0.015712308688870975,0.011361019465216242,5.47999999999999,0
2023-11-06,176.99,177.19,174.01,174.18,63841300,0.014618206833295181,171.64285714285714,172.30033333333333,178.73711111111112,2.8100000000000023,3.180000000000007,174.44,171.8,164.8,0.009144963936696575,0.011589080101333873,12.189999999999998,1
2023-11-07,179.55,180.16,176.73,176.94,70530000,0.01446409401661112,173.5614285714286,172.625,178.60666666666668,2.6100000000000136,3.430000000000007,176.99,175.35,166.12,0.009202863717938771,0.010920900407667475,13.430000000000007,1
2023-11-08,180.61,181.16,179.32,180.07,49340300,0.005903648008911179,175.33999999999997,173.0353333333333,178.50455555555556,0.5400000000000205,1.8400000000000034,179.55,174.44,168.16,0.009392237591857892,0.010748578402739335,12.450000000000017,1
2023-11-09,180.13,181.82,179.54,180.67,53763500,-0.0026576601517082007,176.98142857142858,173.421,178.40955555555553,-0.539999999999992,2.280000000000001,180.61,176.99,168.64,0.010306420369474998,0.010787580080624885,11.490000000000009,0
2023-11-10,184.31,184.48,181.48,181.91,66133400,0.02320546272136794,178.76857142857145,173.929,178.35566666666668,2.4000000000000057,3.0,180.13,179.55,171.8,0.011082476793869,0.011445323002899573,12.509999999999991,1
2023-11-13,182.73,183.95,182.15,183.74,43627500,-0.008572513699745063,179.82285714285715,174.30066666666664,178.29666666666668,-1.0100000000000193,1.799999999999983,184.31,180.61,175.35,0.011933601049125504,0.011404134938482524,7.3799999999999955,0
2023-11-14,185.34,186.0,184.21,185.6,60108400,0.014283368904941793,181.38000000000002,174.80366666666666,178.28933333333333,-0.2599999999999909,1.789999999999992,182.73,180.13,174.44,0.011142794400511719,0.011453001945983738,10.900000000000006,1
2023-11-15,185.91,187.38,185.68,185.75,53790500,0.0030754289414049486,182.65428571428575,175.28433333333334,178.29411111111114,0.1599999999999966,1.6999999999999886,185.34,184.31,176.99,0.01098244543274083,0.011423172580078534,8.919999999999987,1
2023-11-16,187.59,188.82,186.54,187.45,54412900,0.009036630627723129,183.80285714285714,175.78,178.299,0.14000000000001478,2.280000000000001,185.91,182.73,179.55,0.010559355609432585,0.011453046258978302,8.039999999999992,1
2023-11-17,187.57,188.25,186.46,188.12,50922700,-0.00010661549123093039,184.79714285714286,176.19,178.2952222222222,-0.5500000000000114,1.789999999999992,187.59,185.34,180.61,0.010839945641429186,0.011238077995429007,6.9599999999999795,0
2023-11-20,189.31,189.76,187.75,187.76,46505100,0.009276536759609795,186.10857142857142,176.60866666666666,178.30922222222222,1.5500000000000114,2.009999999999991,187.57,185.91,180.13,0.010272935816952732,0.011254724315823467,9.180000000000007,1
2023-11-21,188.51,189.38,187.62,189.27,38134500,-0.004225872906872386,186.70857142857145,177.02033333333335,178.27811111111112,-0.7600000000000193,1.759999999999991,189.31,187.59,184.31,0.008149614266261828,0.011271357445652382,4.199999999999989,0
2023-11-22,189.17,190.77,188.69,189.35,39617700,0.003501140523049157,187.6285714285714,177.40766666666667,178.25722222222223,-0.18000000000000682,2.0800000000000125,188.51,187.57,182.73,0.006296894325661348,0.01122498045134138,6.439999999999998,1
2023-11-24,187.84,188.76,187.13,188.73,24048300,-0.007030713115187314,187.9857142857143,177.72066666666666,178.20655555555555,-0.8899999999999864,1.6299999999999955,189.17,189.31,185.34,0.006199371011372964,0.011334300257796179,2.5,0
2023-11-27,187.67,188.54,186.79,187.79,40552600,-0.0009050255536627764,188.23714285714283,178.089,178.17555555555558,-0.12000000000000455,1.75,187.84,188.51,185.91,0.006259312290476327,0.011118658247996781,1.759999999999991,0
2023-11-28,188.27,188.94,187.28,187.66,38415400,0.0031971012948261456,188.3342857142857,178.48166666666665,178.16422222222224,0.6100000000000136,1.6599999999999966,187.67,189.17,187.59,0.0053958363030014575,0.011107435597873663,0.6800000000000068,1
2023-11-29,187.25,189.94,186.85,188.76,43014200,-0.0054177511021405965,188.28857142857143,178.892,178.13266666666667,-1.509999999999991,3.0900000000000034,188.27,187.84,187.57,0.005854140842430578,0.011009108579688634,-0.3199999999999932,0
2023-11-30,187.82,188.19,186.08,187.72,48794400,0.003044058744993288,188.07571428571427,179.36466666666666,178.09799999999998,0.09999999999999432,2.109999999999985,187.25,187.67,189.31,0.004480170047265775,0.010853939958562726,-1.490000000000009,1
2023-12-01,189.1,189.42,187.11,188.2,45704800,0.006815035672452354,188.16,179.89233333333334,178.0678888888889,0.9000000000000057,2.309999999999974,187.82,188.27,188.51,0.005104346116350572,0.010840175957598137,0.5900000000000034,1
2023-12-04,187.31,187.92,185.35,187.85,43389500,-0.009465891062929626,187.8942857142857,180.4453333333333,178.0318888888889,-0.539999999999992,2.569999999999993,189.1,187.25,189.17,0.00607618943596026,0.01058402169124438,-1.8599999999999852,0
2023-12-05,191.26,192.22,188.05,188.08,66628400,0.021088035876354647,188.38285714285712,181.126,178.01122222222222,3.1799999999999784,4.1699999999999875,187.31,187.82,187.84,0.009851222608228542,0.011064931205616316,3.4199999999999875,1
2023-12-06,190.17,192.58,189.96,192.27,41089700,-0.005699048415769128,188.74,181.756,177.97166666666666,-2.1000000000000227,2.6200000000000045,191.26,189.1,187.67,0.01029399796281217,0.011199403216469969,2.5,0
2023-12-07,192.1,192.82,191.42,191.46,47477700,0.010148814218856848,189.28714285714287,182.52733333333336,177.96266666666668,0.6399999999999864,1.4000000000000057,190.17,187.31,188.27,0.010760542086277533,0.010782716281974143,3.829999999999984,1
2023-12-08,193.52,193.8,191.5,192.03,53406400,0.007391983342009453,190.18285714285713,183.48466666666667,178.00266666666667,1.490000000000009,2.3000000000000114,192.1,191.26,187.25,0.010177644665353161,0.009299434430079046,6.27000000000001,1
2023-12-11,191.02,191.32,189.28,190.95,60943700,-0.01291856138900372,190.64000000000001,184.31466666666668,178.03033333333332,0.0700000000000216,2.039999999999992,193.52,190.17,187.82,0.012211379013301995,0.009865505349123796,3.200000000000017,0
2023-12-12,192.53,192.54,189.57,190.92,52696900,0.007904931420793586,191.13000000000002,185.127,178.17544444444445,1.6100000000000136,2.969999999999999,191.02,192.1,189.1,0.012282604231878888,0.009781767370650596,3.430000000000007,1
2023-12-13,195.74,195.78,192.67,192.91,70404200,0.016672726328364453,192.33428571428573,186.03033333333332,178.39055555555555,2.8300000000000125,3.1100000000000136,192.53,193.52,187.31,0.011959356038364129,0.010020748511004188,8.430000000000007,1
2023-12-14,195.89,197.39,193.96,195.8,66831600,0.000766322672933367,192.99571428571429,186.83333333333334,178.597,0.08999999999997499,3.4299999999999784,195.74,191.02,191.26,0.010115460953282434,0.009705089168243461,4.6299999999999955,1
2023-12-15,195.36,196.18,194.8,195.32,128538400,-0.002705600081678354,193.73714285714286,187.50033333333334,178.81511111111112,0.040000000000020464,1.3799999999999955,195.89,192.53,190.17,0.009718893215384366,0.009285896043783489,5.190000000000026,0
2023-12-18,193.7,194.43,192.21,193.9,55751900,-0.008497133497133625,193.96571428571428,188.1423333333333,179.01722222222222,-0.20000000000001705,2.219999999999999,195.36,195.74,192.1,0.01025918614083913,0.009413228219990665,1.5999999999999943,0
2023-12-19,194.74,194.75,193.7,193.96,40714100,0.005369127516778629,194.14000000000001,188.734,179.23022222222224,0.7800000000000011,1.0500000000000114,193.7,195.89,193.52,0.010083698678471486,0.009186607873648368,1.2199999999999989,1
2023-12-20,192.65,195.47,192.65,194.7,52242800,-0.010732258395809815,194.37285714285716,189.17066666666668,179.40166666666667,-2.049999999999983,2.819999999999993,194.74,195.36,191.02,0.00960535910852832,0.009275603398169484,1.6299999999999955,0
2023-12-21,192.5,194.87,191.33,193.91,46482500,-0.0007786140669608393,194.3685714285714,189.567,179.59355555555555,-1.4099999999999966,3.539999999999992,192.65,193.7,192.53,0.009153346072222518,0.009268586299976777,-0.030000000000001137,0
2023-12-22,191.43,193.22,190.81,193.0,37149600,-0.005558441558441523,193.75285714285715,189.94366666666667,179.78322222222224,-1.5699999999999932,2.4099999999999966,192.5,194.74,195.74,0.005562015191041673,0.009335562375376492,-4.310000000000002,0
2023-12-26,190.89,191.72,190.67,191.44,28919300,-0.0028208744710861433,193.03857142857143,190.16299999999998,179.995,-0.5500000000000114,1.0500000000000114,191.43,192.65,195.89,0.00529873853005798,0.00847343030298974,-5.0,0
2023-12-27,190.99,191.33,188.95,190.34,48087700,0.000523861910000643,192.41428571428568,190.43833333333336,180.20255555555556,0.6500000000000057,2.380000000000024,190.89,192.5,195.36,0.005532622270166401,0.008271859114062492,-4.3700000000000045,1
2023-12-28,191.41,192.48,191.01,191.97,34049900,0.0021990680140320826,192.08714285714288,190.64066666666668,180.4,-0.5600000000000023,1.4699999999999989,190.99,191.43,193.7,0.0053024200317471565,0.007914804791061747,-2.289999999999992,1
2023-12-29,190.38,192.22,189.58,191.73,42672100,-0.005381119063789777,191.46428571428572,190.78966666666668,180.57066666666668,-1.3499999999999943,2.6399999999999864,191.41,190.89,194.74,0.0043983941636480065,0.007992415343967907,-4.360000000000014,0
2024-01-02,183.56,186.33,181.83,185.06,82488700,-0.03582309066078366,190.1657142857143,190.65533333333332,180.6228888888889,-1.5,4.5,190.38,190.99,192.65,0.013118733229467057,0.010273636074621293,-9.090000000000003,0
2024-01-03,182.19,183.8,181.38,182.16,58414500,-0.007463499673131426,188.69285714285712,190.47600000000003,180.7118888888889,0.030000000000001137,2.420000000000016,183.56,191.41,192.5,0.01284738148680978,0.010347208806949715,-10.310000000000002,0
2024-01-04,179.87,181.04,178.86,180.11,71983600,-0.012733959053735075,187.04142857142855,190.16133333333335,180.75066666666666,-0.2400000000000091,2.1799999999999784,182.19,190.38,191.43,0.012928397962184248,0.01037975338019654,-11.560000000000002,0
2024-01-05,179.15,180.71,178.15,179.95,62379700,-0.004002890976816584,185.36428571428573,189.8493333333333,180.7641111111111,-0.799999999999983,2.5600000000000023,179.87,183.56,190.89,0.012844956623660163,0.0103779257911719,-11.73999999999998,0
2024-01-08,183.48,183.52,179.47,180.05,59144500,0.024169690203739793,184.29142857142855,189.65966666666665,180.78255555555555,3.4299999999999784,4.050000000000011,179.15,182.19,190.99,0.01787668846620423,0.011369897959779288,-7.510000000000019,1
2024-01-09,183.07,183.08,180.68,181.86,42841800,-0.0022345759755831515,183.1,189.5006666666667,180.75766666666667,1.2099999999999795,2.4000000000000057,183.48,179.87,191.41,0.017632150504598668,0.01131510595389578,-8.340000000000003,0
2024-01-10,184.11,184.31,181.86,182.29,46792900,0.005680887092369151,182.20428571428573,189.382,180.742,1.8200000000000216,2.4499999999999886,183.07,179.15,190.38,0.018205217417102668,0.011376617271947862,-6.269999999999982,1
2024-01-11,183.51,184.96,181.56,184.45,49128400,-0.0032589212970507994,182.19714285714284,189.22333333333333,180.70222222222222,-0.9399999999999977,3.4000000000000057,184.11,183.48,183.56,0.012013447104795509,0.011363850002884427,-0.05000000000001137,0
2024-01-12,183.84,184.65,183.12,183.98,40477800,0.0017982671244074575,182.43285714285716,189.10966666666667,180.66344444444442,-0.13999999999998636,1.5300000000000011,183.51,183.07,182.19,0.011552765401441706,0.01133887329118659,1.6500000000000057,1
2024-01-16,181.57,182.2,178.9,180.12,65603000,-0.012347693646649316,182.6757142857143,188.90133333333333,180.674,1.4499999999999886,3.299999999999983,183.84,184.11,179.87,0.011474968419839852,0.011517454690451944,1.6999999999999886,0
2024-01-17,180.64,180.88,178.28,179.24,47317400,-0.005121991518422684,182.8885714285714,188.61933333333334,180.7328888888889,1.3999999999999773,2.5999999999999943,181.57,183.51,179.15,0.011570199900116642,0.011441847877727415,1.4899999999999807,0
2024-01-18,186.52,187.02,183.75,184.01,78005800,0.03255093002657232,183.32285714285715,188.593,180.8503333333333,2.5100000000000193,3.2700000000000102,180.64,183.84,183.48,0.014420888879206928,0.012906090323236504,3.0400000000000205,1
2024-01-19,189.42,189.8,186.71,187.21,68903000,0.015547930516834533,184.23,188.53166666666667,180.987,2.2099999999999795,3.0900000000000034,186.52,181.57,183.07,0.015014609622019084,0.01262972383935186,6.349999999999994,1
2024-01-22,191.72,193.14,190.11,190.15,60133900,0.012142329215500009,185.31714285714287,188.58333333333334,181.18277777777777,1.5699999999999932,3.0299999999999727,189.42,180.64,184.11,0.015261574646353025,0.012783179995533661,7.609999999999985,1
2024-01-23,193.0,193.56,191.66,192.84,42355600,0.006676403087836434,186.67285714285714,188.61333333333332,181.41577777777778,0.1599999999999966,1.9000000000000057,191.72,186.52,183.51,0.01472004643034523,0.012706885002455901,9.490000000000009,1
2024-01-24,192.32,194.18,192.16,193.23,53631300,-0.003523316062176201,187.88428571428568,188.57333333333332,181.62444444444446,-0.9099999999999966,2.0200000000000102,193.0,189.42,183.84,0.015182941921998268,0.012651003283768227,8.47999999999999,0
2024-01-25,192.0,194.07,190.95,193.03,54822100,-0.0016638935108152725,189.3742857142857,188.60599999999997,181.83755555555555,-1.0300000000000011,3.1200000000000045,192.32,191.72,181.57,0.013397398101998186,0.012423520467621591,10.430000000000007,0
2024-01-26,190.27,192.58,189.79,192.1,44594000,-0.009010416666666613,190.75,188.53066666666666,181.9988888888889,-1.829999999999984,2.7900000000000205,192.0,193.0,180.64,0.014098612229714159,0.012447722001277707,9.630000000000024,0
2024-01-29,189.58,190.05,187.46,189.86,47145600,-0.003626425605718178,191.18714285714287,188.32533333333333,182.14055555555558,-0.28000000000000114,2.5900000000000034,190.27,192.32,186.52,0.009166747263502785,0.012037191425601407,3.0600000000000023,0
2024-01-30,185.94,189.65,185.37,188.8,55859400,-0.019200337588353277,190.69,187.99366666666666,182.281,-2.8600000000000136,4.280000000000001,189.58,192.0,189.42,0.01018851418424804,0.01248026761284794,-3.4799999999999898,0
2024-01-31,182.34,185.01,182.29,184.95,55467800,-0.01936108422071633,189.35,187.55966666666666,182.39855555555553,-2.609999999999985,2.719999999999999,185.94,190.27,191.72,0.009527162562644197,0.012892010471333546,-9.379999999999995,0
2024-02-01,184.77,184.86,181.76,181.93,64885400,0.013326752221125407,188.17428571428573,187.26200000000003,182.5336666666667,2.8400000000000034,3.1000000000000227,182.34,189.58,193.0,0.011297219088826709,0.01313873649026511,-8.22999999999999,1
2024-02-02,183.77,185.23,177.24,177.85,102551700,-0.00541213400443795,186.95285714285714,186.8963333333333,182.64355555555554,5.920000000000016,7.989999999999981,184.77,185.94,192.32,0.01124643324234371,0.013092056764924519,-8.549999999999983,0
2024-02-05,185.58,187.13,183.76,186.04,69668800,0.009849268106872732,186.03571428571428,186.66066666666666,182.81877777777777,-0.45999999999997954,3.3700000000000045,183.77,182.34,192.0,0.012793558100494663,0.013149579541582674,-6.4199999999999875,1
2024-02-06,187.18,187.19,184.68,184.77,43490800,0.008621618708912567,185.59428571428572,186.48333333333332,183.02855555555556,2.4099999999999966,2.509999999999991,185.58,184.77,190.27,0.013535237880686985,0.013270471799384466,-3.0900000000000034,1
2024-02-07,187.29,188.91,186.5,188.51,53439000,0.0005876696228228722,185.26714285714283,186.34533333333331,183.23666666666665,-1.2199999999999989,2.4099999999999966,187.18,183.77,189.58,0.013557899833411434,0.013242666413993394,-2.2900000000000205,1
2024-02-08,186.21,187.42,185.25,187.27,40962000,-0.0057664584334453746,185.3057142857143,186.18933333333334,183.4271111111111,-1.0600000000000023,2.1699999999999875,187.29,185.58,185.94,0.011446952060137001,0.01327025639771321,0.27000000000001023,0
2024-02-09,186.97,188.1,186.13,186.78,45155200,0.0040814134579238,185.96714285714285,186.05533333333332,183.59811111111114,0.18999999999999773,1.9699999999999989,186.21,187.18,182.34,0.007495927801924053,0.013297824296204413,4.6299999999999955,1
2024-02-12,185.29,186.8,184.93,186.55,41781900,-0.00898539872706855,186.04142857142855,185.85133333333334,183.7652222222222,-1.2600000000000193,1.8700000000000045,186.97,187.29,184.77,0.007420232514050167,0.013372540775772284,0.5199999999999818,0
2024-02-13,183.2,184.36,181.69,183.93,56529500,-0.011279615737492598,185.96,185.612,183.89533333333335,-0.7300000000000182,2.670000000000016,185.29,186.21,183.77,0.008449540900962475,0.013482150021661468,-0.5700000000000216,0
2024-02-14,182.32,183.69,180.63,183.48,54630500,-0.0048034934497816345,185.49428571428572,185.57066666666665,184.002,-1.1599999999999966,3.0600000000000023,183.2,186.97,185.58,0.007207134330192986,0.01182193450076187,-3.2600000000000193,0
2024-02-15,182.03,182.66,179.55,181.73,65434500,-0.0015906099166300574,184.75857142857143,185.56533333333334,184.0771111111111,0.30000000000001137,3.109999999999985,182.32,185.29,187.18,0.005381536780180371,0.011745178409637446,-5.150000000000006,0
2024-02-16,180.5,183.01,179.87,181.6,49752500,-0.008405207932758342,183.78857142857143,185.58633333333333,184.11877777777775,-1.0999999999999943,3.1399999999999864,182.03,183.2,187.29,0.005183263401761287,0.011608671184693315,-6.789999999999992,0
2024-02-20,179.76,180.62,178.21,179.98,53665600,-0.004099722991689801,182.86714285714285,185.60666666666665,184.15877777777774,-0.21999999999999886,2.4099999999999966,180.5,182.32,186.21,0.005193851605932968,0.01160988809052043,-6.450000000000017,0
2024-02-21,180.51,181.07,178.87,180.13,41371400,0.00417222963951936,181.9442857142857,185.50766666666667,184.19166666666666,0.37999999999999545,2.1999999999999886,179.76,182.03,186.97,0.005220396842278868,0.010725285542680558,-6.460000000000008,1
2024-02-22,182.54,183.12,180.65,181.66,52292200,0.011245914353775421,181.55142857142854,185.48999999999998,184.23711111111112,0.8799999999999955,2.469999999999999,180.51,180.5,185.29,0.00767074541020265,0.010930046426942477,-2.75,1
2024-02-23,180.71,183.2,180.42,183.17,45119700,-0.010025199956173902,181.19571428571427,185.37666666666667,184.28255555555555,-2.4599999999999795,2.780000000000001,182.54,179.76,183.2,0.007431715275828659,0.011022376236244497,-2.4899999999999807,0
2024-02-26,179.36,180.95,178.86,180.43,40867400,-0.00747053289801336,180.77285714285716,185.23833333333332,184.31444444444443,-1.0699999999999932,2.089999999999975,180.71,180.51,182.32,0.007668221371835877,0.01108454623902206,-2.9599999999999795,0
2024-02-27,180.82,182.09,177.78,179.3,54318900,0.008140053523639492,180.6,185.13766666666666,184.37977777777778,1.5199999999999818,4.310000000000002,179.36,182.54,182.03,0.008640775113164145,0.011193827780487825,-1.210000000000008,1
2024-02-28,179.62,181.3,178.34,180.7,48953900,-0.006636434022785027,180.47428571428574,185.07266666666666,184.44622222222222,-1.079999999999984,2.960000000000008,180.82,180.71,180.5,0.00840814641217403,0.011032643611570058,-0.8799999999999955,0
2024-02-29,178.95,180.76,177.75,179.47,136682600,-0.003730096871172564,180.35857142857142,185.01633333333334,184.50933333333333,-0.5200000000000102,3.009999999999991,179.62,179.36,179.76,0.008384126964536208,0.011014583748729179,-0.8100000000000023,0
2024-03-01,177.88,178.74,175.62,177.77,73563100,-0.005979323833473,179.98285714285717,184.72833333333335,184.5888888888889,0.10999999999998522,3.1200000000000045,178.95,180.82,180.51,0.008295587333447853,0.009145130424357191,-2.6299999999999955,0
2024-03-04,173.36,175.14,172.06,174.4,81510100,-0.02541038902630977,178.67142857142858,184.193,184.61688888888887,-1.039999999999992,3.079999999999984,177.88,179.62,182.54,0.009905940415992527,0.009554394704190871,-9.179999999999978,0
2024-03-05,168.43,170.33,167.94,169.06,95132400,-0.028437932625749923,176.91714285714286,183.41666666666666,184.58533333333332,-0.6299999999999955,2.390000000000015,173.36,178.95,180.71,0.012777949851205717,0.010201353160496477,-12.280000000000001,0
2024-03-06,167.44,169.54,167.0,169.36,68587700,-0.005877812741198178,175.21428571428572,182.56466666666665,184.56844444444445,-1.920000000000016,2.539999999999992,168.43,177.88,179.36,0.012843101474564852,0.009992737179562212,-11.920000000000016,0
2024-03-07,167.32,169.03,166.82,167.47,71765100,-0.0007166746297181351,173.28571428571428,181.73133333333334,184.59644444444444,-0.15000000000000568,2.210000000000008,167.44,173.36,180.82,0.011111686021288682,0.010017006912322775,-13.5,0
2024-03-08,169.03,171.97,167.26,167.32,76267000,0.010219937843652929,171.77285714285716,180.96566666666666,184.62877777777777,1.710000000000008,4.710000000000008,167.32,168.43,179.62,0.01372621333255387,0.010365310661175683,-10.590000000000003,1
2024-03-11,171.03,172.65,170.34,171.22,60139500,0.011832219132698338,170.64142857142858,180.32433333333333,184.66066666666666,-0.18999999999999773,2.3100000000000023,169.03,167.44,178.95,0.015750264187012208,0.010723127982137728,-7.9199999999999875,1
2024-03-12,171.51,172.3,169.31,171.43,59825400,0.002806525171022568,169.73142857142855,179.722,184.69255555555557,0.07999999999998408,2.990000000000009,171.03,167.32,177.88,0.016129172835240374,0.01078447661736296,-6.3700000000000045,1
2024-03-13,169.43,171.47,169.06,171.05,52488700,-0.012127572736283506,169.17000000000002,179.17166666666668,184.66622222222222,-1.6200000000000045,2.4099999999999966,171.51,169.03,173.36,0.013976955326505164,0.01049787040444836,-3.930000000000007,0
2024-03-14,171.28,172.58,170.34,171.19,72913500,0.010918963583780878,169.57714285714286,178.803,184.62099999999998,0.09000000000000341,2.240000000000009,169.43,171.03,168.43,0.009238804675881835,0.01032895187342942,2.8499999999999943,1
2024-03-15,170.91,170.91,168.6,169.47,121752700,-0.002160205511443277,170.07285714285715,178.34099999999998,184.58177777777777,1.4399999999999977,2.3100000000000023,171.28,171.51,167.44,0.008776488604570058,0.009913537722783666,3.469999999999999,0
2024-03-18,171.99,175.95,171.8,173.83,75604200,0.006319115323854734,170.74,177.94833333333332,184.52622222222223,-1.8400000000000034,4.149999999999977,170.91,169.43,167.32,0.008686652023320656,0.010027381407719593,4.670000000000016,1
2024-03-19,174.33,174.86,171.31,172.61,55215200,0.013605442176870767,171.49714285714285,177.57333333333335,184.4682222222222,1.7199999999999989,3.5500000000000114,171.99,171.28,169.03,0.009173074950034813,0.010204353721254644,5.300000000000011,1
2024-03-20,176.9,176.9,173.35,173.97,53423100,0.014742155681752958,172.33571428571432,177.23066666666668,184.427,2.930000000000007,3.5500000000000114,174.33,170.91,171.03,0.009618181312820627,0.01048209768337056,5.8700000000000045,1
2024-03-21,169.67,175.73,169.14,175.29,106181300,-0.04087054833239128,172.07285714285715,176.64333333333335,184.31077777777776,-5.6200000000000045,6.590000000000003,176.9,171.99,171.51,0.019877330559438224,0.0126594299959898,-1.8400000000000034,0
2024-03-22,170.57,171.33,168.37,170.05,71160100,0.005304414451582517,172.2357142857143,176.12199999999999,184.1581111111111,0.5199999999999818,2.960000000000008,169.67,174.33,169.43,0.01939061219410292,0.012743409709914421,1.1399999999999864,1
2024-03-25,169.15,170.23,167.77,168.88,54288300,-0.008325027847804348,171.93142857142857,175.528,184.00722222222223,0.27000000000001023,2.4599999999999795,170.57,176.9,171.28,0.019132719686576767,0.012712299146891934,-2.1299999999999955,0
2024-03-26,168.02,169.72,167.9,168.31,57388400,-0.006680461129175261,171.51857142857142,174.9523333333333,183.81477777777775,-0.28999999999999204,1.8199999999999932,169.15,169.67,170.91,0.019229775484025605,0.012683398453640568,-2.8899999999999864,0
2024-03-27,171.59,171.88,168.42,168.72,60273300,0.02124747053922148,171.46142857142857,174.56533333333334,183.65566666666666,2.8700000000000045,3.460000000000008,168.02,170.57,171.99,0.021080129512462593,0.013340172771097199,-0.4000000000000057,1
2024-03-28,169.78,170.52,168.82,170.04,65672700,-0.010548400256425212,170.8114285714286,174.14733333333334,183.45777777777778,-0.2599999999999909,1.700000000000017,171.59,169.15,174.33,0.020421836923350555,0.013421408387422491,-4.550000000000011,0
2024-04-01,168.34,169.55,167.8,169.49,46240500,-0.008481564377429602,169.5885714285714,173.69099999999997,183.24411111111112,-1.1500000000000057,1.75,169.78,168.02,176.9,0.018766622132044858,0.013468007975246828,-8.560000000000002,0
2024-04-02,167.16,167.66,166.56,167.4,49329500,-0.007009623381252268,169.23,173.24633333333333,182.998,-0.2400000000000091,1.0999999999999943,168.34,171.59,169.67,0.011517084790422948,0.013449355976025765,-2.509999999999991,0
2024-04-03,167.97,168.98,166.91,167.11,47691700,0.004845656855707121,168.85857142857142,172.85333333333335,182.76977777777776,0.8599999999999852,2.069999999999993,167.16,169.78,170.57,0.011469330769268208,0.013510947939501352,-2.5999999999999943,1
2024-04-04,167.14,170.21,167.14,168.6,53704400,-0.004941358575936253,168.57142857142858,172.40766666666667,182.525,-1.460000000000008,3.0700000000000216,167.97,168.34,169.15,0.011233904111705094,0.013465820272891086,-2.0100000000000193,0
2024-04-05,167.9,168.7,167.27,167.91,42104800,0.004547086274979175,168.5542857142857,171.91966666666667,182.30344444444447,-0.009999999999990905,1.4299999999999784,167.14,167.16,168.02,0.011197859389865202,0.013284802441443415,-0.12000000000000455,1
2024-04-08,166.78,167.52,166.57,167.35,37425500,-0.006670637284097704,167.86714285714288,171.45533333333333,182.0713333333333,-0.5699999999999932,0.950000000000017,167.9,167.97,171.59,0.00620928089419673,0.013235015296473335,-4.810000000000002,0
2024-04-09,167.99,168.39,166.68,167.02,42373800,0.007255066554742823,167.61142857142858,171.07633333333337,181.846,0.9699999999999989,1.7099999999999795,166.78,167.14,169.78,0.006722625342313949,0.013320362002770984,-1.789999999999992,1
2024-04-10,166.11,167.41,165.45,167.12,49709300,-0.011191142329900561,167.29285714285717,170.58599999999998,181.61111111111111,-1.009999999999991,1.960000000000008,167.99,167.9,168.34,0.0072494122178135036,0.013275716711459695,-2.2299999999999898,0
2024-04-11,173.3,173.72,166.49,166.67,91070300,0.04328457046535426,168.17000000000002,170.37533333333334,181.44977777777777,6.630000000000024,7.22999999999999,166.11,166.78,167.16,0.018108756726596658,0.01568102418768575,6.140000000000015,1
2024-04-12,174.8,176.59,172.48,172.53,101670900,0.008655510675129832,169.1457142857143,170.23700000000002,181.2908888888889,2.2700000000000102,4.110000000000014,173.3,167.99,167.97,0.0181498854225412,0.015771476360812418,6.8300000000000125,1
2024-04-15,170.98,174.88,170.79,173.62,73531800,-0.02185354691075527,169.69428571428574,170.007,181.10944444444445,-2.640000000000015,4.090000000000003,174.8,166.11,167.14,0.02076306875526364,0.01621607219083375,3.8400000000000034,0
2024-04-16,167.7,172.03,166.6,170.04,73711200,-0.01918353023745468,169.6657142857143,169.81833333333333,180.84766666666667,-2.3400000000000034,5.430000000000007,170.98,173.3,167.9,0.022421789135864824,0.015932751063849438,-0.20000000000001705,0
2024-04-17,166.33,168.96,166.33,167.93,50901200,-0.008169350029815003,169.60142857142858,169.74833333333333,180.58277777777778,-1.5999999999999943,2.6299999999999955,167.7,174.8,166.78,0.022503579871439427,0.015138331302000079,-0.44999999999998863,0
2024-04-18,165.38,166.97,164.9,166.36,43122900,-0.005711537305356923,169.22857142857143,169.6796666666667,180.28588888888888,-0.9800000000000182,2.069999999999993,166.33,170.98,167.99,0.022323301246469883,0.01513625182346598,-2.6100000000000136,0
2024-04-19,163.36,164.75,162.45,164.56,68149400,-0.012214294352400422,168.83571428571426,169.5476666666667,179.95077777777777,-1.1999999999999886,2.3000000000000114,165.38,167.7,166.11,0.02239655636968011,0.015291877510218474,-2.75,0
2024-04-22,164.19,165.6,163.13,163.88,48116400,0.005080803134182076,167.53428571428572,169.38633333333334,179.65266666666668,0.3100000000000023,2.469999999999999,163.36,166.33,173.3,0.011456896365584484,0.015193974391896112,-9.110000000000014,1
2024-04-23,165.24,165.39,163.28,163.71,49537800,0.006395030147999339,166.16857142857143,169.19333333333333,179.34944444444443,1.5300000000000011,2.109999999999985,164.19,165.38,174.8,0.010941705904936648,0.015069316820562173,-9.560000000000002,1
2024-04-24,167.34,167.62,164.56,164.89,48251800,0.012708787218591104,165.64857142857142,169.05433333333335,179.03388888888887,2.450000000000017,3.0600000000000023,165.24,163.36,170.98,0.011410632377745103,0.015263619489162668,-3.6399999999999864,1
2024-04-25,168.2,168.92,166.48,167.85,50558300,0.0051392374805783745,165.72,169.01333333333332,178.72622222222222,0.3499999999999943,2.4399999999999977,167.34,164.19,167.7,0.009144176082934385,0.015143220623722222,0.5,1
2024-04-26,167.62,169.64,167.5,168.19,44838400,-0.003448275862068871,165.9042857142857,168.89133333333334,178.41799999999998,-0.5699999999999932,2.1399999999999864,168.2,165.24,166.33,0.008556760437400057,0.015008260096159494,1.289999999999992,0
2024-04-29,171.78,174.28,171.38,171.65,68169400,0.024818040806586304,166.81857142857143,168.92033333333336,178.17444444444445,0.12999999999999545,2.9000000000000057,167.62,167.34,165.38,0.011691364851922412,0.015704339357648724,6.400000000000006,1
2024-04-30,168.64,173.25,168.31,171.61,65934800,-0.018279194318314207,167.57285714285715,168.80866666666668,177.88444444444443,-2.9700000000000273,4.939999999999998,171.78,168.2,163.36,0.013332237838216266,0.016017634673976367,5.279999999999973,0
2024-05-01,167.62,170.99,167.43,167.9,50383100,-0.006048387096774086,168.06285714285715,168.58499999999998,177.60633333333334,-0.28000000000000114,3.5600000000000023,168.64,167.62,164.19,0.013920225567441116,0.015820191821544847,3.430000000000007,0
2024-05-02,171.31,171.7,169.19,170.8,94214900,0.022014079465457567,168.93,168.39866666666666,177.37088888888889,0.5099999999999909,2.509999999999991,167.62,171.78,165.24,0.015687157672228558,0.01612543678208544,6.069999999999993,1
2024-05-03,181.56,185.14,180.85,184.8,163224100,0.05983305119374234,170.96142857142857,168.79500000000002,177.26122222222222,-3.240000000000009,4.289999999999992,171.31,168.64,167.34,0.026079614652463282,0.017910328858439475,14.219999999999999,1
2024-05-06,179.91,182.37,178.63,180.54,78569700,-0.00908790482485132,172.6342857142857,169.10633333333334,177.13922222222223,-0.6299999999999955,3.740000000000009,181.56,167.62,168.2,0.02723266295571519,0.018022596548813666,11.710000000000008,0
2024-05-07,180.59,183.06,179.52,181.63,77305800,0.0037796676115836076,174.48714285714286,169.48766666666663,177.02366666666668,-1.039999999999992,3.539999999999992,179.91,171.31,167.62,0.02677215844427739,0.017920237523098563,12.969999999999999,1
2024-05-08,180.93,181.25,179.65,181.03,45057100,0.0018827177584584054,175.79428571428573,169.918,176.90722222222223,-0.09999999999999432,1.5999999999999943,180.59,181.56,171.78,0.026197082317830796,0.017839682936081052,9.150000000000006,1
2024-05-09,182.74,182.83,180.3,180.75,48983000,0.010003868899574433,177.80857142857144,170.28966666666665,176.82233333333332,1.990000000000009,2.530000000000001,180.93,179.91,168.64,0.023566459653592702,0.017550651073954968,14.100000000000023,1
2024-05-10,181.48,183.5,180.57,183.31,50759500,-0.006895042136368716,179.78857142857143,170.6796666666667,176.79922222222223,-1.8300000000000125,2.930000000000007,182.74,180.59,167.62,0.023675062397283786,0.01747130293738648,13.859999999999985,0
2024-05-13,184.68,185.49,183.03,183.85,72044800,0.017632797002424604,181.6985714285714,171.22433333333336,176.8268888888889,0.8300000000000125,2.460000000000008,181.48,180.93,171.31,0.023411765106907866,0.017562385731035163,13.370000000000005,1
2024-05-14,185.82,186.68,184.69,185.9,52393600,0.0061728395061727654,182.30714285714288,171.84633333333335,176.893,-0.0800000000000125,1.990000000000009,184.68,182.74,181.56,0.009293728745803911,0.017461744445271595,4.259999999999991,1
2024-05-15,188.09,189.01,185.76,186.3,70400000,0.012216123129910722,183.47571428571428,172.517,176.99233333333333,1.789999999999992,3.25,185.82,181.48,179.91,0.007927511260603952,0.01753044760721486,8.180000000000007,1
2024-05-16,188.21,189.46,188.03,188.83,52845200,0.0006379924504226941,184.56428571428572,173.21933333333334,177.0448888888889,-0.6200000000000045,1.4300000000000068,188.09,184.68,180.59,0.008185259837695556,0.01746261518337323,7.6200000000000045,1
2024-05-17,188.24,189.17,187.56,187.88,41282900,0.00015939641889379489,185.60857142857142,173.89733333333334,177.10233333333332,0.36000000000001364,1.6099999999999852,188.21,185.82,180.93,0.008352200835090737,0.017477197690279386,7.310000000000002,1
2024-05-20,189.4,190.27,187.39,187.7,44361300,0.006162345941351448,186.56,174.65133333333333,177.1611111111111,1.700000000000017,2.880000000000024,188.24,188.09,182.74,0.008146252190678464,0.017364620417312383,6.659999999999997,1
2024-05-21,190.7,191.07,189.28,189.45,42309400,0.006863780359028421,187.87714285714284,175.40833333333333,177.241,1.25,1.789999999999992,189.4,188.21,181.48,0.0061757004283213915,0.01736254232266487,9.219999999999999,1
2024-05-22,189.26,191.16,188.64,190.62,34648500,-0.00755112742527529,188.53142857142856,176.17999999999998,177.30122222222224,-1.3600000000000136,2.5200000000000102,190.7,188.24,184.68,0.006363861450818772,0.017262414981861617,4.579999999999984,0
2024-05-23,185.28,189.36,185.03,189.34,51005900,-0.021029271901088397,188.4542857142857,176.57933333333332,177.34244444444445,-4.060000000000002,4.3300000000000125,189.26,189.4,185.82,0.011053503869793443,0.0162431488476505,-0.539999999999992,0
2024-05-24,188.35,188.94,186.43,187.2,36327000,0.016569516407599273,188.49142857142857,177.03099999999998,177.4281111111111,1.1500000000000057,2.509999999999991,185.28,190.7,188.09,0.011964166842716034,0.016412365730490847,0.2599999999999909,1
2024-05-28,188.36,191.34,187.48,189.87,52280100,5.3092646668539036e-05,188.51285714285714,177.61033333333336,177.44855555555557,-1.509999999999991,3.8600000000000136,188.35,189.26,188.21,0.011963120816399242,0.015760323998214355,0.15000000000000568,1
2024-05-29,188.66,190.6,187.88,187.98,53068000,0.0015926948396686289,188.57285714285715,178.30900000000003,177.44011111111112,0.6800000000000068,2.719999999999999,188.36,185.28,188.24,0.011975061422613563,0.015181861955842639,0.4199999999999875,1
2024-05-30,189.65,190.53,188.99,189.12,49889100,0.005247535248595405,188.60857142857145,179.08633333333333,177.4171111111111,0.5300000000000011,1.539999999999992,188.66,188.35,189.4,0.01190623552751116,0.01500631550859569,0.25,1
2024-05-31,190.6,190.92,188.28,189.8,75158300,0.0050092275243869685,188.59428571428572,179.92700000000002,177.39044444444443,0.799999999999983,2.6399999999999864,189.65,188.36,190.7,0.01175418706784715,0.014882139136921328,-0.09999999999999432,1
2024-06-03,192.36,193.32,190.87,191.24,50080500,0.009233997901364215,189.03714285714287,180.8936666666667,177.3908888888889,1.1200000000000045,2.4499999999999886,190.6,188.66,189.26,0.011672500280510537,0.014545617327914146,3.1000000000000227,1
2024-06-04,192.68,193.64,191.37,192.97,47471400,0.0016635475150758637,190.09428571428572,181.84333333333333,177.39844444444446,-0.28999999999999204,2.269999999999982,192.36,189.65,185.28,0.005720252015600614,0.014562887807083966,7.400000000000006,1
2024-06-05,194.19,195.21,193.2,193.72,54156800,0.007836827901183261,190.92857142857142,182.80833333333334,177.44199999999998,0.46999999999999886,2.0100000000000193,192.68,190.6,188.35,0.0034285501012174453,0.014568497780892828,5.840000000000003,1
2024-06-06,192.81,194.81,192.5,194.01,41181800,-0.00710644214429165,191.56428571428572,183.65733333333336,177.47788888888888,-1.1999999999999886,2.3100000000000023,194.19,192.36,188.36,0.005421808592452239,0.014678999354876049,4.449999999999989,0
2024-06-07,195.2,195.25,192.47,192.98,53103900,0.012395622633680754,192.49857142857144,184.55733333333333,177.58077777777777,2.219999999999999,2.780000000000001,192.81,192.68,188.66,0.006302840474752772,0.01474381225098541,6.539999999999992,1
2024-06-10,191.46,195.61,190.5,195.21,97010200,-0.01915983606557367,192.7571428571429,185.352,177.6821111111111,-3.75,5.110000000000014,195.2,194.19,189.65,0.01104437738639543,0.015324714838588799,1.8100000000000023,0
2024-06-11,205.37,205.38,191.97,191.99,172373300,0.07265225112294994,194.86714285714285,186.47166666666666,177.911,13.379999999999995,13.409999999999997,191.46,192.81,190.6,0.029270754812755963,0.019441357234643318,14.77000000000001,1
2024-06-12,211.24,218.31,205.12,205.59,198134300,0.028582558309392825,197.56428571428572,187.89166666666668,178.2162222222222,5.650000000000006,13.189999999999998,205.37,195.2,192.36,0.029973201332367194,0.01929301847271721,18.879999999999995,1
2024-06-13,212.4,214.89,209.78,212.9,97862700,0.005491384207536435,200.3814285714286,189.38433333333336,178.51422222222223,-0.5,5.109999999999985,211.24,191.46,192.68,0.02974814814543169,0.019123530348225913,19.72,1
2024-06-14,210.67,213.32,209.49,212.01,70122700,-0.008145009416195942,202.7357142857143,190.69633333333334,178.77522222222223,-1.3400000000000034,3.829999999999984,212.4,205.37,194.19,0.030924467661889866,0.019159283108754834,16.47999999999999,0
2024-06-17,214.81,217.07,210.89,211.54,93728300,0.019651587791332487,205.87857142857143,191.80466666666663,179.08100000000002,3.2700000000000102,6.180000000000007,210.67,211.24,192.81,0.029787329999804657,0.016575227297005904,22.0,1
2024-06-18,212.45,216.75,211.17,215.72,79943300,-0.010986453144639512,208.34285714285716,192.88933333333333,179.37255555555555,-3.2700000000000102,5.5800000000000125,214.81,212.4,195.2,0.031510140900896426,0.016637342762699105,17.25,0
2024-06-20,207.88,212.4,207.06,212.09,86172500,-0.021510943751470904,210.6885714285714,193.799,179.6048888888889,-4.210000000000008,5.340000000000003,212.45,210.67,191.46,0.031914827398292954,0.017362283328288406,16.419999999999987,0
2024-06-21,205.71,210.07,205.33,208.58,241805100,-0.010438714643063245,210.73714285714286,194.625,179.83177777777777,-2.8700000000000045,4.739999999999981,207.88,214.81,205.37,0.018216451595926306,0.017579136732259262,0.3400000000000034,0
2024-06-24,206.35,210.87,204.82,205.94,80727000,0.0031111759272761962,210.03857142857143,195.412,180.089,0.4099999999999966,6.050000000000011,205.71,212.45,211.24,0.01360338036026653,0.017548840041381783,-4.890000000000015,1
2024-06-25,207.27,209.56,206.82,207.35,55549700,0.004458444390598575,209.30571428571426,196.27166666666665,180.36622222222223,-0.07999999999998408,2.740000000000009,206.35,207.88,212.4,0.013497807971271104,0.01742320693333306,-5.1299999999999955,1
2024-06-26,211.42,213.01,208.83,209.68,66213200,0.0200221932744728,209.41285714285712,197.16299999999998,180.6927777777778,1.7399999999999807,4.179999999999978,207.27,205.71,210.67,0.015844922915533126,0.017490254339164034,0.75,1
2024-06-27,212.26,213.89,210.53,212.85,49772700,0.003973134045974853,209.04857142857142,198.04433333333333,181.04566666666668,-0.5900000000000034,3.359999999999985,211.42,206.35,214.81,0.013663508987443845,0.01748831233511779,-2.5500000000000114,1
2024-06-28,208.81,214.21,208.49,213.92,82542700,-0.01625365118251196,208.5285714285714,198.735,181.36844444444444,-5.109999999999985,5.719999999999999,212.26,207.27,212.45,0.014390691037544121,0.017829258313038804,-3.6399999999999864,0
2024-07-01,214.89,215.64,210.1,210.27,60402900,0.029117379435850698,209.53,199.6243333333333,181.75044444444444,4.619999999999976,5.539999999999992,208.81,211.42,207.88,0.01582274487794577,0.018412575374047727,7.009999999999991,1
2024-07-02,218.38,218.49,213.25,214.29,58046200,0.016240867420540785,211.33999999999997,200.629,182.14866666666668,4.090000000000003,5.240000000000009,214.89,212.26,205.71,0.014697915132380316,0.01851299005393733,12.669999999999987,1
2024-07-03,219.65,219.65,217.15,218.11,37369800,0.005815550874622265,213.24,201.63733333333332,182.58133333333333,1.539999999999992,2.5,218.38,208.81,206.35,0.014562455209365619,0.018512428195924212,13.300000000000011,1
2024-07-05,224.4,224.51,219.75,219.75,60412400,0.021625312997951285,215.68714285714285,202.76066666666665,183.08177777777777,4.650000000000006,4.759999999999991,219.65,214.89,207.27,0.015095414385703363,0.018755143669231755,17.129999999999995,1
2024-07-08,225.86,225.89,221.33,225.14,59085900,0.006506238859180071,217.75,203.98066666666668,183.58222222222219,0.7200000000000273,4.559999999999974,224.4,218.38,211.42,0.014683319916195266,0.01858998330128904,14.440000000000026,1
2024-07-09,226.72,227.43,224.43,225.97,48076100,0.003807668467192,219.81571428571428,205.362,184.10555555555555,0.75,3.0,225.86,219.65,212.26,0.01469397038597852,0.017880854384516854,14.460000000000008,1
2024-07-10,230.98,231.08,227.28,227.33,62627700,0.01878969654199008,222.98285714285717,206.783,184.68366666666665,3.6499999999999773,3.8000000000000114,226.72,224.4,208.81,0.00948237524435578,0.017926782391697746,22.169999999999987,1
2024-07-11,225.62,230.39,223.83,229.4,64710600,-0.02320547233526706,224.51571428571427,208.025,185.21411111111112,-3.780000000000001,6.559999999999974,230.98,225.86,214.89,0.015069011140511242,0.01872180559108144,10.730000000000018,0
2024-07-12,228.56,230.64,226.72,226.95,53046500,0.013030759684425129,225.97,209.355,185.82744444444447,1.6100000000000136,3.9199999999999875,225.62,226.72,218.38,0.014790124712151558,0.018741187502653422,10.180000000000007,1
2024-07-15,232.39,235.19,231.09,234.45,62631300,0.01675708785439265,227.79,210.77966666666669,186.5381111111111,-2.0600000000000023,4.099999999999994,228.56,230.98,219.65,0.015261087036215312,0.018830523506171364,12.73999999999998,1
2024-07-16,232.8,234.24,230.33,232.98,43234300,0.0017642755712381128,228.99,212.18633333333335,187.26433333333335,-0.1799999999999784,3.9099999999999966,232.39,225.62,224.4,0.014152321721217278,0.01885145636713428,8.400000000000006,1
2024-07-17,226.91,229.47,224.69,227.48,57345900,-0.02530068728522343,229.14000000000001,213.33800000000002,187.92644444444446,-0.5699999999999932,4.780000000000001,232.8,228.56,225.86,0.018236106695764587,0.01973503985284615,1.049999999999983,0
2024-07-18,222.25,228.46,220.36,228.3,66034600,-0.020536776695606173,228.50142857142856,214.32366666666667,188.5177777777778,-6.050000000000011,8.099999999999994,226.91,232.39,226.72,0.019820789992483344,0.02029999573119093,-4.469999999999999,0
2024-07-19,222.38,224.85,221.36,222.89,49151500,0.0005849268841394621,227.27285714285713,215.26333333333335,189.08833333333334,-0.5099999999999909,3.4899999999999807,222.25,232.8,230.98,0.017606133598031433,0.02030780980738249,-8.599999999999994,1
2024-07-22,222.04,225.82,221.17,225.06,48201800,-0.0015289144707258,226.76142857142855,216.23766666666668,189.64977777777779,-3.0200000000000102,4.650000000000006,222.38,226.91,225.62,0.015732894659527628,0.020221109147645206,-3.5800000000000125,0
2024-07-23,223.08,224.99,220.77,222.44,39960300,0.004683840749414612,225.97857142857146,217.167,190.2458888888889,0.6400000000000148,4.219999999999999,222.04,222.25,228.56,0.014668612093183108,0.02017162962379395,-5.47999999999999,1
2024-07-24,216.66,222.87,215.27,222.08,61777600,-0.02877891339429808,223.73142857142855,218.007,190.75011111111112,-5.420000000000016,7.599999999999994,223.08,222.38,232.39,0.014349698154740447,0.02063434397880265,-15.72999999999999,0
2024-07-25,215.62,218.95,212.78,217.05,51391200,-0.004800147696852174,221.27714285714288,218.34866666666667,191.2468888888889,-1.4300000000000068,6.1699999999999875,216.66,222.04,232.8,0.013660358574279621,0.016149509142811404,-17.180000000000007,0
2024-07-26,216.09,217.61,214.15,216.82,41601300,0.0021797606901029537,219.73142857142855,218.51033333333334,191.7368888888889,-0.7299999999999898,3.460000000000008,215.62,223.08,226.91,0.012718467426548807,0.015335786740807744,-10.819999999999993,1
2024-07-29,216.37,217.42,213.9,215.1,36311800,0.0012957563977972193,218.89142857142858,218.64266666666666,192.204,1.2700000000000102,3.519999999999982,216.09,216.66,222.25,0.011423832330137986,0.015311308368743046,-5.8799999999999955,1
2024-07-30,216.92,218.44,214.26,217.31,41643800,0.0025419420437213245,218.1114285714286,218.851,192.64866666666668,-0.3900000000000148,4.180000000000007,216.37,215.62,222.38,0.011571063437047061,0.015221737757556423,-5.460000000000008,1
2024-07-31,220.17,221.9,218.74,219.54,50036300,0.014982482021021575,217.84428571428572,219.02966666666669,193.2097777777778,0.6299999999999955,3.1599999999999966,216.92,216.09,222.04,0.013550320749472959,0.015048259931343861,-1.8700000000000045,1
2024-08-01,216.48,222.55,215.16,222.44,62501000,-0.01675977653631284,216.90142857142857,219.16400000000002,193.7198888888889,-5.960000000000008,7.390000000000015,220.17,216.37,223.08,0.014413863107103542,0.015241602983066385,-6.600000000000023,0
2024-08-02,217.97,223.66,215.84,217.27,105568600,0.006882852919438328,217.08857142857144,219.50033333333334,194.26233333333334,0.6999999999999886,7.819999999999993,216.48,216.92,216.66,0.009856981700916567,0.014683666993121264,1.3100000000000023,1
2024-08-05,207.47,211.67,194.32,197.38,119548600,-0.04817176675689315,215.92428571428573,219.55900000000003,194.70066666666668,10.090000000000003,17.349999999999994,217.97,220.17,215.62,0.02117412866185273,0.017164509821339956,-8.150000000000006,0
2024-08-06,205.45,208.19,199.34,203.54,69660500,-0.009736347423723962,214.4042857142857,219.529,195.07688888888887,1.9099999999999966,8.849999999999994,207.47,216.48,216.09,0.020951079486433623,0.017255284060320158,-10.640000000000015,0
2024-08-07,208.02,211.81,204.62,205.12,63516400,0.012509126308104267,213.21142857142857,219.554,195.5017777777778,2.9000000000000057,7.189999999999998,205.45,217.97,216.37,0.02208844880985518,0.017389103474355724,-8.349999999999994,1
2024-08-08,211.48,212.36,207.04,211.28,47161100,0.016633016056148347,212.43428571428572,219.556,195.9811111111111,0.19999999999998863,5.320000000000022,208.02,207.47,216.92,0.02352734573650116,0.0172669197605032,-5.439999999999998,1
2024-08-09,214.38,214.92,210.15,210.28,42201600,0.013712880650652572,211.60714285714286,219.62666666666667,196.50577777777778,4.099999999999994,4.769999999999982,211.48,205.45,220.17,0.02336654085000235,0.017431961745834928,-5.789999999999992,1
2024-08-12,215.91,217.88,214.0,214.46,38028100,0.007136859781696059,211.5257142857143,219.86333333333332,197.03844444444442,1.4499999999999886,3.8799999999999955,214.38,208.02,216.48,0.022856982931328023,0.017178980862766553,-0.5699999999999932,1
2024-08-13,219.62,220.24,217.38,217.38,44155300,0.017183085544903005,211.76142857142855,220.02100000000002,197.62155555555555,2.240000000000009,2.8600000000000136,215.91,211.48,217.97,0.023700982862435115,0.01664140171463716,1.6500000000000057,1
2024-08-14,220.07,221.37,218.07,218.93,41960600,0.002048993716419218,213.56142857142854,220.0773333333333,198.20122222222219,1.1399999999999864,3.3000000000000114,219.62,214.38,207.47,0.009668049802936562,0.01638893972287117,12.599999999999994,1
2024-08-15,223.05,223.67,221.1,222.93,46414000,0.0135411459990004,216.07571428571433,220.1906666666667,198.82644444444446,0.12000000000000455,2.569999999999993,220.07,215.91,205.45,0.005421443871847398,0.016537182350703863,17.600000000000023,1
2024-08-16,224.37,225.14,221.99,222.25,44340200,0.005917955615332854,218.41142857142856,220.18966666666665,199.45288888888888,2.1200000000000045,3.1499999999999773,223.05,219.62,208.02,0.00583884433967055,0.016092738097534958,16.349999999999994,1
2024-08-19,224.21,224.31,221.38,224.04,40687800,-0.0007131078129874608,220.23000000000002,220.13466666666667,200.09844444444445,0.17000000000001592,2.930000000000007,224.37,220.07,211.48,0.006619927574264409,0.01604789977015039,12.730000000000018,0
2024-08-20,224.82,225.48,223.77,224.09,30299000,0.0027206636635296604,221.72142857142856,220.07133333333334,200.67088888888887,0.7299999999999898,1.7099999999999795,224.21,223.05,214.38,0.006452323830684447,0.01603995518893825,10.439999999999998,1
2024-08-21,224.72,226.28,223.38,224.83,34765500,-0.0004448002846721569,222.98,219.86266666666668,201.22555555555556,-0.11000000000001364,2.9000000000000057,224.82,224.37,215.91,0.007005560258938523,0.01563593833594716,8.810000000000002,0
2024-08-22,222.86,226.64,222.23,226.1,43695300,-0.008276966892132366,223.44285714285715,219.77066666666667,201.802,-3.2399999999999807,4.409999999999997,224.72,224.21,219.62,0.0066824920331630165,0.015127430612038069,3.240000000000009,0
2024-08-23,225.15,226.52,222.66,223.98,38677300,0.010275509288342421,224.16857142857143,219.657,202.4403333333333,1.170000000000016,3.8600000000000136,222.86,224.82,220.07,0.00735846388109321,0.015051893708537876,5.0800000000000125,1
2024-08-26,225.49,225.59,222.22,225.07,30602200,0.0015101043748612188,224.51714285714283,219.427,203.09766666666667,0.4200000000000159,3.3700000000000045,225.15,224.72,223.05,0.005805930628008691,0.014706400672825614,2.4399999999999977,1
2024-08-27,226.33,227.15,223.22,224.32,35934600,0.0037252206306266503,224.7971428571429,219.2113333333333,203.77488888888885,2.0100000000000193,3.930000000000007,225.49,222.86,224.37,0.005587276750300248,0.014722990558269063,1.960000000000008,1
2024-08-28,224.8,228.15,224.0,226.22,38052200,-0.006760040648610441,224.8814285714286,219.141,204.45755555555556,-1.4199999999999875,4.150000000000006,226.33,225.15,224.21,0.0063570151536632945,0.014033483188675259,0.5900000000000034,0
2024-08-29,228.08,231.19,227.18,228.39,51906300,0.014590747330960859,225.34714285714287,219.33533333333332,205.16744444444444,-0.30999999999997385,4.009999999999991,224.8,225.49,224.82,0.008351685370405107,0.013741837601255984,3.2600000000000193,1
2024-08-30,227.3,228.69,225.79,228.48,52990800,-0.003419852683269033,225.7157142857143,219.4993333333333,205.85699999999997,-1.1799999999999784,2.9000000000000057,228.08,226.33,224.72,0.00857480848476861,0.013765001005208374,2.5800000000000125,0
2024-09-03,221.11,227.3,219.52,226.85,50190600,-0.02723273207215133,225.46571428571428,219.4683333333333,206.45444444444442,-5.739999999999981,7.780000000000001,227.3,224.8,222.86,0.013699227545776153,0.014685598341550674,-1.75,0
2024-09-04,219.21,220.13,215.86,220.01,43840200,-0.008593008005065378,224.61714285714288,219.33933333333331,207.0212222222222,-0.799999999999983,4.269999999999982,221.11,228.08,225.15,0.012935691576858574,0.014738476168721178,-5.939999999999998,0
2024-09-05,220.73,223.8,219.87,219.98,36615400,0.006933990237671556,223.93714285714287,219.475,207.61133333333333,0.75,3.930000000000007,219.21,227.3,225.49,0.01345461409464098,0.013785103320004348,-4.760000000000019,1
2024-09-06,219.18,223.56,218.13,222.28,48423000,-0.007022153762515213,222.91571428571427,219.59366666666668,208.13800000000003,-3.0999999999999943,5.430000000000007,220.73,221.11,226.33,0.013174206798614106,0.013821671950797015,-7.150000000000006,0
2024-09-09,219.27,219.62,215.1,219.18,67180000,0.00041062140706270376,222.1257142857143,219.69966666666667,208.70055555555555,0.09000000000000341,4.52000000000001,219.18,219.21,224.8,0.013247801896352721,0.01381864841349234,-5.530000000000001,1
2024-09-10,218.47,219.83,215.12,217.29,51591000,-0.0036484699229261245,220.75285714285715,219.76966666666667,209.26555555555558,1.1800000000000068,4.710000000000008,219.27,220.73,228.08,0.010638935944927673,0.013839294959008002,-9.610000000000014,0
2024-09-11,221.0,221.43,216.27,219.81,44587100,0.011580537373552437,219.85285714285712,219.90566666666666,209.81766666666667,1.1899999999999977,5.159999999999997,218.47,219.18,227.3,0.012595271282882592,0.013984796698280214,-6.300000000000011,1
2024-09-12,221.11,221.89,218.18,220.84,37455600,0.0004977375565611477,219.85285714285715,219.93699999999998,210.2571111111111,0.27000000000001023,3.7099999999999795,221.0,219.27,221.11,0.007292273979468441,0.013722896377060057,0.0,1
2024-09-13,220.84,222.37,220.26,221.92,36766600,-0.0012211116638777542,220.08571428571426,220.08233333333334,210.7118888888889,-1.079999999999984,2.1100000000000136,221.11,218.47,219.21,0.006306291877823578,0.013347461051224271,1.6299999999999955,0
2024-09-16,214.71,215.6,212.33,214.93,59357400,-0.027757652599166797,219.22571428571428,219.97366666666667,211.09099999999998,-0.21999999999999886,3.269999999999982,220.84,221.0,220.73,0.011998200915774101,0.014265615255965113,-6.019999999999982,0
2024-09-17,215.18,215.29,212.9,214.14,45519300,0.0021889991150854586,218.65428571428575,220.23066666666668,211.47155555555554,1.0400000000000205,2.3899999999999864,214.71,221.11,219.18,0.012100834011263663,0.01105157340767921,-4.0,1
2024-09-18,219.05,221.05,215.92,215.93,59894900,0.01798494283855379,218.62285714285713,220.68400000000003,211.875,3.1200000000000045,5.130000000000024,215.18,220.84,219.27,0.014421489218743238,0.011256051309143865,-0.21999999999999886,1
2024-09-19,227.17,228.11,222.96,223.32,66781300,0.03706916229171411,219.8657142857143,221.32233333333335,212.3826666666667,3.8499999999999943,5.150000000000006,219.05,214.71,218.47,0.019900602429052783,0.01281663235090344,8.699999999999989,1
2024-09-20,226.5,231.36,225.93,228.26,318679900,-0.0029493330985604946,220.65142857142857,221.82299999999998,212.84733333333335,-1.759999999999991,5.430000000000007,227.17,215.18,221.0,0.01995040510218892,0.012596135339643379,5.5,0
2024-09-23,224.78,227.74,224.13,225.65,54146000,-0.007593818984547456,221.1757142857143,222.16966666666667,213.28022222222222,-0.8700000000000045,3.6100000000000136,226.5,219.05,221.11,0.020395476599800667,0.012534839751424562,3.6699999999999875,0
2024-09-24,225.68,227.64,224.05,226.95,43556100,0.004003914939051542,221.86714285714288,222.49533333333332,213.6978888888889,-1.2699999999999818,3.589999999999975,224.78,227.17,220.84,0.020330754822478175,0.0125006074293849,4.840000000000003,1
2024-09-25,224.69,225.6,222.35,223.26,42308700,-0.004386742289968136,223.29285714285717,222.66433333333333,214.1032222222222,1.4300000000000068,3.25,225.68,226.5,214.71,0.01579843962252792,0.012186914501621777,9.97999999999999,0
2024-09-26,225.83,226.8,223.73,225.61,36636700,0.005073657038586562,224.81428571428572,222.85633333333334,214.5208888888889,0.21999999999999886,3.0700000000000216,224.69,224.78,215.18,0.015701017366277353,0.012209813986618476,10.650000000000006,1
2024-09-27,226.1,227.81,225.61,226.76,34026000,0.0011955896027984847,225.82142857142858,222.95800000000003,214.92866666666666,-0.6599999999999966,2.1999999999999886,225.83,225.68,219.05,0.015015841193566247,0.011976043322013068,7.049999999999983,1
2024-09-30,231.27,231.27,227.94,228.33,54541900,0.022865988500663494,226.40714285714284,223.18800000000002,215.37944444444443,2.9399999999999977,3.3300000000000125,226.1,224.69,227.17,0.010035737920801284,0.012621692120997018,4.100000000000023,1
2024-10-01,224.53,227.94,222.08,227.81,63285000,-0.02914342543347606,226.1257142857143,223.19866666666667,215.7713333333333,-3.280000000000001,5.859999999999985,231.27,225.83,226.5,0.015722578271545423,0.013776037615215009,-1.9699999999999989,0
2024-10-02,225.09,225.68,221.36,224.21,32880600,0.002494098784126853,226.17000000000002,223.20766666666665,216.21366666666665,0.8799999999999955,4.319999999999993,224.53,226.1,224.78,0.015493157779129645,0.013774635686755524,0.3100000000000023,1
2024-10-03,223.99,225.12,221.66,223.46,34044200,-0.004886934115242767,225.92857142857142,223.18333333333334,216.60966666666667,0.5300000000000011,3.460000000000008,225.09,231.27,225.68,0.015503377576089956,0.013804888639123249,-1.6899999999999977,0
2024-10-04,225.11,226.3,222.46,226.2,37245100,0.005000223224251103,225.98857142857142,223.25833333333333,217.018,-1.089999999999975,3.8400000000000034,223.99,224.53,224.69,0.01556440315873707,0.013743621046317588,0.4200000000000159,1
2024-10-07,220.04,224.01,219.68,222.83,39505400,-0.022522322420150242,225.1614285714286,223.08800000000002,217.36666666666667,-2.7900000000000205,4.329999999999984,225.11,225.09,225.83,0.01754384638013625,0.014229031948560263,-5.7900000000000205,0
2024-10-08,224.09,224.3,221.59,222.63,31855700,0.018405744410107304,224.87428571428572,223.04133333333337,217.74933333333337,1.460000000000008,2.710000000000008,220.04,223.99,226.1,0.019427910957931994,0.014646421067882368,-2.009999999999991,1
2024-10-09,227.83,228.04,223.16,223.55,33591100,0.016689722879200362,224.38285714285715,223.09133333333335,218.16299999999998,4.280000000000001,4.8799999999999955,224.09,225.11,231.27,0.01826273824375787,0.014951383683650218,-3.4399999999999977,1
2024-10-10,227.34,227.79,225.48,226.09,28183500,-0.0021507264188210906,224.78428571428574,223.17600000000002,218.55166666666668,1.25,2.3100000000000023,227.83,220.04,224.53,0.013904736010613305,0.014899624430140743,2.8100000000000023,0
2024-10-11,225.86,227.7,225.65,227.59,31759200,-0.006510073018386513,224.8942857142857,223.102,218.92033333333336,-1.7299999999999898,2.049999999999983,227.34,224.09,225.09,0.014248679539198703,0.014707437266295729,0.7700000000000102,0
2024-10-14,229.58,230.01,226.9,227.0,39882100,0.01647037988134242,225.69285714285712,223.178,219.31355555555552,2.5800000000000125,3.109999999999985,225.86,227.83,223.99,0.015142729795243382,0.015003623178807473,5.590000000000003,1
2024-10-15,232.11,235.72,230.64,231.87,64751400,0.011020123704155418,226.69285714285715,223.54466666666667,219.75022222222222,0.2400000000000091,5.0800000000000125,229.58,227.34,225.11,0.015402486322605722,0.014173087739530993,7.0,1
2024-10-16,230.06,230.39,228.13,229.88,34082200,-0.008832019301193449,228.1242857142857,223.90633333333335,220.13755555555556,0.18000000000000682,2.259999999999991,232.11,225.86,220.04,0.01186424202177264,0.014179148775960966,10.02000000000001,0
2024-10-17,230.42,232.11,228.8,231.69,32993800,0.001564809180213793,229.02857142857144,224.22933333333333,220.57044444444443,-1.2700000000000102,3.3100000000000023,230.06,229.58,224.09,0.010682512456810844,0.014144763287061405,6.329999999999984,1
2024-10-18,233.25,234.42,232.27,234.42,46431500,0.012281919972224688,229.80285714285716,224.69833333333332,220.8802222222222,-1.1699999999999875,2.1499999999999773,230.42,232.11,227.83,0.009914632861230071,0.01418134930672469,5.4199999999999875,1
2024-10-21,234.72,235.09,232.71,232.71,36254500,0.006302250803858516,230.85714285714286,225.21333333333334,221.14111111111112,2.009999999999991,2.3799999999999955,233.25,230.06,227.34,0.009635847588128018,0.01419688514885313,7.3799999999999955,1
2024-10-22,234.11,234.46,230.87,232.15,38846600,-0.0025988411724607416,232.03571428571428,225.73466666666667,221.38233333333332,1.960000000000008,3.5900000000000034,234.72,230.42,225.86,0.008973969015678936,0.014182828940505252,8.25,0
2024-10-23,229.04,233.39,226.07,232.34,52287000,-0.02165648626713947,231.95857142857145,226.00266666666667,221.58644444444448,-3.3000000000000114,7.319999999999993,234.11,233.25,229.58,0.012025611212622384,0.014728975116440739,-0.5400000000000205,0
2024-10-24,228.85,229.1,226.71,228.27,31109500,-0.0008295494236814431,231.49285714285716,226.26066666666668,221.74244444444443,0.5799999999999841,2.3899999999999864,229.04,234.72,232.11,0.010957366484851124,0.0147334504420332,-3.2600000000000193,0
2024-10-25,229.69,231.48,227.86,228.03,38802300,0.003670526545772355,231.44,226.55566666666667,221.93399999999997,1.6599999999999966,3.619999999999976,228.85,234.11,230.06,0.010666943516984481,0.014732199788564819,-0.37000000000000455,1
2024-10-28,231.66,232.98,230.82,231.58,36087100,0.00857677739562018,231.61714285714285,227.12066666666666,222.19822222222223,0.07999999999998408,2.1599999999999966,229.69,229.04,230.42,0.011175312802790067,0.013709171883698358,1.240000000000009,1
2024-10-29,231.93,232.59,230.59,231.37,35417200,0.0011655011655012097,231.42857142857142,227.679,222.48955555555554,0.5600000000000023,2.0,231.66,228.85,233.25,0.010003639974746723,0.013711571822572773,-1.3199999999999932,1
2024-10-30,228.39,231.73,227.84,230.88,47070900,-0.015263225973354118,230.5242857142857,227.99033333333333,222.73444444444448,-2.490000000000009,3.8899999999999864,231.93,229.69,234.72,0.010756079966108714,0.0137681048434056,-6.3300000000000125,0
2024-10-31,224.23,228.12,223.69,227.63,64370100,-0.018214457725819855,229.11285714285714,227.89233333333334,222.9228888888889,-3.4000000000000057,4.430000000000007,228.39,231.66,234.11,0.01200112512887229,0.012480516578003897,-9.880000000000024,0
2024-11-01,221.25,223.67,218.63,219.33,65276700,-0.013289925522900549,228.0,227.71733333333336,223.03211111111113,1.9199999999999875,5.039999999999992,224.23,231.93,229.04,0.01051583332667787,0.012695477642787306,-7.789999999999992,0
2024-11-04,220.36,221.13,218.08,219.35,44944500,-0.004022598870056435,226.78714285714287,227.57,223.12211111111108,1.0100000000000193,3.049999999999983,221.25,228.39,228.85,0.010379039480054364,0.012645283156979,-8.48999999999998,0
2024-11-05,221.79,222.28,219.49,220.15,28111300,0.006489381012887903,225.65857142857143,227.44033333333334,223.2663333333333,1.6399999999999864,2.789999999999992,220.36,224.23,229.69,0.010831698879732211,0.012684461367930298,-7.900000000000006,1
2024-11-06,221.06,224.39,219.54,220.95,54561100,-0.0032914017764551595,224.1442857142857,227.31933333333333,223.33488888888888,0.11000000000001364,4.849999999999994,221.79,221.25,231.66,0.009164420283889245,0.012674464388767815,-10.599999999999994,0
2024-11-07,225.79,226.18,222.9,222.96,42137700,0.021396905817425087,223.26714285714283,227.318,223.41722222222225,2.829999999999984,3.280000000000001,221.06,220.36,231.93,0.013965917321039778,0.013257397214268602,-6.140000000000015,1
2024-11-08,225.52,227.21,224.97,225.73,38328800,-0.001195801408388245,222.85714285714286,227.29866666666666,223.48244444444447,-0.20999999999997954,2.240000000000009,225.79,221.79,228.39,0.013011280547978035,0.013257642994829443,-2.869999999999976,0
2024-11-11,222.81,224.27,220.09,223.57,42005600,-0.012016672578928732,222.65428571428575,227.01666666666668,223.46477777777775,-0.7599999999999909,4.180000000000007,225.52,221.06,224.23,0.011862988689922124,0.012700995860085931,-1.4199999999999875,0
2024-11-12,222.81,224.16,221.94,223.12,40398300,0.0,222.87714285714287,226.95933333333335,223.43088888888892,-0.3100000000000023,2.219999999999999,222.81,225.79,221.25,0.010528109305761004,0.011549432704103732,1.5600000000000023,0
2024-11-13,223.69,225.21,221.35,222.59,48566200,0.003949553431174523,223.35285714285715,226.91266666666667,223.3972222222222,1.0999999999999943,3.8600000000000136,222.81,225.52,220.36,0.010316822817419014,0.011564151642684957,3.329999999999984,1
2024-11-14,226.77,227.42,223.57,223.59,44923900,0.01376905538915469,224.06428571428572,227.00533333333337,223.35044444444446,3.180000000000007,3.8499999999999943,223.69,222.81,221.79,0.011155239697088348,0.011799483202446347,4.980000000000018,1
2024-11-15,223.57,225.48,222.85,224.96,47923700,-0.014111214005379975,224.42285714285714,226.954,223.32766666666663,-1.3900000000000148,2.6299999999999955,226.77,222.81,221.06,0.012832941183569596,0.012059979400856095,2.509999999999991,0
2024-11-18,226.57,228.28,223.74,223.82,44633700,0.013418616093393568,224.53428571428572,227.17166666666665,223.30555555555554,2.75,4.539999999999992,223.57,223.69,225.79,0.011016081105294687,0.011535527661267581,0.7800000000000011,1
2024-11-19,226.83,228.7,225.22,225.54,36211800,0.0011475482190935222,224.7214285714286,227.26299999999998,223.2437777777778,1.2900000000000205,3.4799999999999898,226.57,226.77,225.52,0.010989945725199408,0.011060155846442618,1.3100000000000023,1
2024-11-20,227.55,228.47,224.46,226.61,35169600,0.0031741833090860945,225.39857142857142,227.25366666666665,223.18544444444444,0.9399999999999977,4.009999999999991,226.83,223.57,222.81,0.009404432059644134,0.010643883577451689,4.740000000000009,1
2024-11-21,227.07,228.7,224.28,227.43,42108300,-0.002109426499670482,226.00714285714284,227.24466666666666,223.1872222222222,-0.36000000000001364,4.4199999999999875,227.55,226.57,222.81,0.009551092492310294,0.01064359663173363,4.259999999999991,0
2024-11-22,228.41,229.26,226.61,226.61,38168300,0.0059012639274232765,226.68142857142857,227.32966666666667,223.25566666666666,1.799999999999983,2.6499999999999773,227.07,226.83,223.69,0.009620239865288026,0.01062240688574507,4.719999999999999,1
2024-11-25,231.39,231.77,228.28,229.99,90152800,0.013046714241933322,227.34142857142857,227.39,223.35577777777777,1.3999999999999773,3.490000000000009,228.41,227.55,226.77,0.009488788842678562,0.010461291205013365,4.619999999999976,1
2024-11-26,233.57,234.07,231.85,231.85,45986200,0.009421323306970946,228.76999999999998,227.4386666666667,223.48388888888888,1.7199999999999989,2.219999999999999,231.39,227.07,223.57,0.0059600058579977015,0.010408814815522497,10.0,1
2024-11-27,233.44,234.19,232.33,232.98,33498400,-0.0005565783276961744,229.75142857142856,227.55133333333333,223.599,0.46000000000000796,1.8599999999999852,233.57,228.41,226.57,0.0054949783469741146,0.010268219980039274,6.8700000000000045,0
2024-11-29,235.82,236.3,232.48,233.32,28481400,0.010195339273474964,231.03571428571428,227.7313333333333,223.8118888888889,2.5,3.8200000000000216,233.44,231.39,226.83,0.00569334344329224,0.010417810218218866,8.98999999999998,1
2024-12-02,238.07,239.26,235.65,235.76,48137100,0.009541175472818252,232.53857142857143,227.892,224.06133333333335,2.3100000000000023,3.609999999999985,235.82,233.57,227.55,0.005752874173556802,0.010325483635879248,10.519999999999982,1
2024-12-03,241.11,241.22,237.38,238.29,38861000,0.012769353551476542,234.5442857142857,228.105,224.33933333333334,2.8200000000000216,3.8400000000000034,238.07,233.44,227.07,0.004697275117146054,0.010511581954419992,14.04000000000002,1
2024-12-04,241.47,242.56,239.72,241.33,44383900,0.0014930944382231563,236.41,228.35033333333334,224.61822222222222,0.13999999999998636,2.8400000000000034,241.11,235.82,228.41,0.005369429836199932,0.010490481910609457,13.060000000000002,1
2024-12-05,241.5,242.99,240.59,242.44,40033900,0.0001242390359050861,237.8542857142857,228.76566666666668,224.8913333333333,-0.9399999999999977,2.4000000000000057,241.47,238.07,231.39,0.005558123873062588,0.00957612528752473,10.110000000000014,1
2024-12-06,241.3,243.08,240.54,241.37,36870600,-0.0008281573498964333,238.9585714285714,229.18066666666667,225.12611111111113,-0.06999999999999318,2.5400000000000205,241.5,241.11,233.57,0.005890110976751069,0.009576112051231597,7.730000000000018,0
2024-12-09,245.18,245.67,240.22,240.29,44649200,0.016079569001243247,240.6357142857143,229.697,225.445,4.890000000000015,5.449999999999989,241.3,241.47,233.44,0.0067237623001665334,0.009920963004737817,11.740000000000009,1
2024-12-10,246.2,246.63,243.78,245.32,36914800,0.004160208826168455,242.11857142857144,230.18166666666667,225.75866666666664,0.8799999999999955,2.8499999999999943,245.18,241.5,235.82,0.006640165599286151,0.009856019409943698,10.379999999999995,1
2024-12-11,244.93,249.21,244.7,246.39,45205800,-0.005158407798537701,243.09857142857143,230.61499999999998,226.17488888888886,-1.4599999999999795,4.510000000000019,246.2,241.3,238.07,0.00765156144449501,0.009943450150091388,6.860000000000014,0
2024-12-12,246.39,247.16,244.12,245.32,32777500,0.005960886783979012,243.85285714285715,231.215,226.62977777777778,1.0699999999999932,3.039999999999992,244.93,245.18,241.11,0.0067434471641467575,0.00942407042404907,5.279999999999973,1
2024-12-13,246.55,247.71,244.68,246.25,33155300,0.0006493770039369496,244.57857142857142,231.959,227.05788888888893,0.30000000000001137,3.030000000000001,246.39,246.2,241.47,0.00678476080225344,0.008580717816403731,5.0800000000000125,1
2024-12-16,249.45,249.78,246.08,246.42,51694800,0.011762320016223796,245.71428571428572,232.899,227.47977777777777,3.030000000000001,3.6999999999999886,246.55,244.93,241.5,0.007364302391055618,0.008127281206345913,7.949999999999989,1
2024-12-17,251.87,252.22,248.19,248.49,51356400,0.009701342954499963,247.22428571428574,233.94933333333336,227.89633333333336,3.3799999999999955,4.030000000000001,249.45,246.39,241.3,0.007127843320224305,0.008043699855181507,10.569999999999993,1
2024-12-18,246.48,252.67,246.17,250.56,56774100,-0.02139992853456154,247.41,234.77233333333334,228.23600000000002,-4.0800000000000125,6.5,251.87,246.55,245.18,0.011296706298850868,0.009316351198415519,1.299999999999983,0
2024-12-19,248.2,250.4,245.52,245.93,60882300,0.006978253813696847,247.69571428571427,235.67700000000002,228.5535555555556,2.269999999999982,4.8799999999999955,246.48,249.45,246.2,0.011484611032001388,0.009244069234706697,2.0,1
2024-12-20,252.87,253.38,244.13,246.47,147495300,0.018815471394037133,248.82999999999998,236.57966666666667,228.91800000000003,6.400000000000006,9.25,248.2,251.87,244.93,0.012770432813105677,0.00908633792226679,7.939999999999998,1
2024-12-23,253.65,254.03,251.84,253.15,40858800,0.0030845889192075023,249.86714285714285,237.5173333333333,229.25799999999998,0.5,2.1899999999999977,252.87,246.48,246.39,0.012767056097282316,0.00903829555414697,7.260000000000019,1
2024-12-24,256.56,256.57,253.67,253.87,23234700,0.011472501478415125,251.29714285714286,238.64233333333334,229.61566666666667,2.6899999999999977,2.9000000000000057,253.65,248.2,246.55,0.01291602650476263,0.00861348111218883,10.009999999999991,1
2024-12-26,257.38,258.45,255.99,256.55,27237100,0.003196133458060466,252.43,239.79466666666667,229.98422222222223,0.8299999999999841,2.4599999999999795,256.56,252.87,249.45,0.012657255010774793,0.008572392158289699,7.930000000000007,1
2024-12-27,253.97,257.06,251.45,256.19,42355300,-0.013248892687854522,252.73,240.804,230.30811111111112,-2.219999999999999,5.610000000000014,257.38,253.65,251.87,0.014001460535171272,0.009188000089936324,2.0999999999999943,0
2024-12-30,250.6,251.89,249.16,250.63,35557500,-0.013269283773674074,253.31857142857143,241.59833333333333,230.59566666666666,-0.030000000000001137,2.7299999999999898,253.97,256.56,246.48,0.012001720031268407,0.00954448242735863,4.1200000000000045,0
2024-12-31,248.83,251.67,247.85,250.84,39480700,-0.007063048683160342,253.40857142857143,242.44033333333334,230.8842222222222,-2.009999999999991,3.819999999999993,250.6,257.38,248.2,0.012285417650284262,0.009178818480230794,0.6300000000000239,0
2025-01-02,242.3,247.52,240.28,247.35,55740700,-0.026242816380661498,251.89857142857142,242.9646666666667,231.07477777777783,-5.049999999999983,7.240000000000009,248.83,253.97,252.87,0.012836645701401998,0.01048190627671562,-10.569999999999993,0
2025-01-03,241.82,242.63,240.35,241.82,40244100,-0.001981015270326117,250.20857142857145,243.46433333333334,231.25622222222225,0.0,2.280000000000001,242.3,250.6,253.65,0.012372894167022976,0.010509225899100237,-11.830000000000013,0
2025-01-06,243.44,245.76,241.66,242.76,45045600,0.006699197750392873,248.33428571428573,243.994,231.44633333333334,0.6800000000000068,4.099999999999994,241.82,248.83,256.56,0.011286071061590026,0.01054028102452227,-13.120000000000005,1
2025-01-07,240.67,243.99,239.82,241.44,40856000,-0.011378573775879109,245.94714285714286,244.44733333333332,231.62266666666665,-0.7700000000000102,4.170000000000016,243.44,242.3,257.38,0.010303724832651255,0.01080667898293465,-16.710000000000008,0
2025-01-08,241.16,242.16,238.53,240.38,37628900,0.002035982881123568,244.11714285714285,244.87233333333333,231.76800000000003,0.7800000000000011,3.6299999999999955,240.67,241.82,253.97,0.010974074355727299,0.010781544370650008,-12.810000000000002,1
2025-01-10,235.35,238.64,231.52,238.49,61710900,-0.024091889202189427,241.93857142857146,245.00433333333334,231.85744444444447,-3.140000000000015,7.119999999999976,241.16,243.44,250.6,0.01259547875043321,0.011558003707410308,-15.25,0
2025-01-13,232.91,233.18,228.26,232.05,49630700,-0.010367537709793914,239.66428571428568,244.98233333333332,231.98855555555556,0.8599999999999852,4.920000000000016,235.35,240.67,248.83,0.01257880594544507,0.011603611102408798,-15.920000000000016,0
2025-01-14,231.8,234.62,230.99,233.26,39435300,-0.004765789360697202,238.16428571428568,244.92766666666665,232.12844444444445,-1.4599999999999795,3.6299999999999955,232.91,241.16,242.3,0.010151800535948757,0.01163561565154229,-10.5,0
2025-01-15,236.36,237.44,232.94,233.15,39832000,0.019672131147540992,237.3842857142857,244.94566666666665,232.3021111111111,3.210000000000008,4.5,231.8,235.35,241.82,0.014175821524408525,0.012048036444729286,-5.4599999999999795,1
2025-01-16,226.81,236.5,226.58,235.84,71759100,-0.04040446776104252,235.00857142857143,244.5703333333333,232.38688888888888,-9.030000000000001,9.919999999999987,236.36,232.91,243.44,0.01905114078502086,0.01399813703244672,-16.629999999999995,0
2025-01-17,228.52,230.82,227.03,230.65,68488300,0.007539350116837917,233.27285714285713,244.1506666666667,232.4896666666667,-2.1299999999999955,3.789999999999992,226.81,231.8,240.67,0.020118376697224792,0.013845802212634033,-12.149999999999977,1
2025-01-21,221.23,223.0,217.99,222.58,98070400,-0.03190092770873455,230.4257142857143,243.476,232.52033333333335,-1.3500000000000227,5.009999999999991,228.52,236.36,241.16,0.02155987313998032,0.014884277336106259,-19.930000000000007,0
2025-01-22,222.41,222.7,218.39,218.39,64126500,0.005333815486145671,228.5771428571429,242.83966666666666,232.53600000000003,4.02000000000001,4.310000000000002,221.23,226.81,235.35,0.021687950493698427,0.014949883547569522,-12.939999999999998,1
2025-01-23,222.24,225.59,220.89,223.31,60234800,-0.0007643541207678949,227.05285714285716,242.2043333333333,232.54855555555554,-1.0699999999999932,4.700000000000017,222.41,228.52,232.91,0.02180497606361292,0.014950153545445289,-10.669999999999987,0
2025-01-24,221.37,224.2,220.0,223.35,54697900,-0.003914686825054016,225.56285714285715,241.41066666666669,232.55444444444447,-1.9799999999999898,4.199999999999989,222.24,221.23,231.8,0.021818431638585524,0.01452701171125318,-10.430000000000007,0
2025-01-27,228.4,230.68,222.56,222.6,94863400,0.0317567872792158,224.4257142857143,240.81733333333335,232.70655555555555,5.800000000000011,8.120000000000005,221.37,222.41,236.36,0.02453004784000275,0.015830703094333813,-7.960000000000008,1
2025-01-28,236.75,238.67,229.34,229.38,75707600,0.03655866900175129,225.8457142857143,240.54466666666667,232.94622222222222,7.3700000000000045,9.329999999999984,228.4,222.24,226.81,0.02302036566568449,0.017338334361526705,9.939999999999998,1
2025-01-29,237.84,238.34,232.52,232.63,45486100,0.004604012671594523,227.17714285714285,240.25966666666667,233.155,5.210000000000008,5.819999999999993,236.75,221.37,228.52,0.0230223062164476,0.017321349469016013,9.319999999999993,1
2025-01-30,236.08,239.26,235.7,237.15,55658300,-0.007399932727884253,229.29857142857145,239.91066666666666,233.25400000000002,-1.0699999999999932,3.5600000000000023,237.84,228.4,221.23,0.017510793311773097,0.017356727247442992,14.850000000000023,0
2025-01-31,234.5,245.62,231.96,245.62,100959800,-0.006692646560488023,231.0257142857143,239.41233333333332,233.3428888888889,-11.120000000000005,13.659999999999997,236.08,236.75,222.41,0.01854198226029121,0.0172041980034618,12.090000000000003,0
2025-02-03,226.56,230.36,224.27,228.53,73063300,-0.033859275053304896,231.64285714285714,238.56866666666664,233.36266666666666,-1.9699999999999989,6.090000000000003,234.5,237.84,222.24,0.024372917297975395,0.01800941416367895,4.319999999999993,0
2025-02-04,231.32,231.65,225.21,225.81,45067300,0.021009887005649677,233.06428571428572,238.06333333333336,233.42533333333333,5.509999999999991,6.439999999999998,226.56,236.08,221.37,0.025005509519859165,0.01820845818869673,9.949999999999989,1
2025-02-05,230.99,231.19,226.82,227.08,39620300,-0.001426595192806433,233.43428571428572,237.48966666666666,233.49533333333335,3.9099999999999966,4.3700000000000045,231.32,234.5,228.4,0.02244920397658005,0.018130795436271583,2.5900000000000034,0
2025-02-06,231.74,232.32,228.97,229.82,29925300,0.00324689380492662,232.71857142857144,236.7853333333333,233.56099999999998,1.920000000000016,3.3499999999999943,230.99,226.56,236.75,0.01663856781973242,0.017725838300519093,-5.009999999999991,1
2025-02-07,226.18,232.51,225.82,231.12,39707200,-0.023992405281781315,231.05285714285716,235.86966666666666,233.5618888888889,-4.939999999999998,6.689999999999998,231.74,231.32,237.84,0.017939855493908332,0.018103726043430024,-11.659999999999997,0
2025-02-10,226.45,229.38,226.01,228.36,33115600,0.0011937394995135812,229.67714285714285,234.86599999999999,233.50833333333333,-1.910000000000025,3.3700000000000045,226.18,230.99,236.08,0.01820136363837539,0.017903724235089298,-9.630000000000024,1
2025-02-11,231.4,233.99,226.93,227.0,53718400,0.021859130050783913,229.2342857142857,234.00000000000003,233.5846666666667,4.400000000000006,7.060000000000002,226.45,231.74,234.5,0.020955752773339397,0.01847734337342043,-3.0999999999999943,1
2025-02-12,235.63,235.71,229.47,229.98,45243300,0.018280034572169358,230.53,233.38866666666667,233.70177777777778,5.650000000000006,6.240000000000009,231.4,226.18,226.56,0.01639363865939772,0.018790381675729533,9.069999999999993,1
2025-02-13,240.26,241.07,234.33,235.66,53614100,0.019649450409540362,231.80714285714288,233.04399999999998,233.88255555555557,4.599999999999994,6.739999999999981,235.63,226.45,231.32,0.016189212835181304,0.019087998606626962,8.939999999999998,1
2025-02-14,243.31,244.26,239.72,239.98,40896200,0.012694580870723431,233.56714285714287,232.86,234.0847777777778,3.3300000000000125,4.539999999999992,240.26,231.4,230.99,0.01605505845308863,0.0192200808625956,12.319999999999993,1
2025-02-18,243.19,243.89,240.57,242.87,48822500,-0.0004931979778883093,235.20285714285714,232.88966666666664,234.34199999999998,0.3199999999999932,3.319999999999993,243.31,235.63,231.74,0.0162831938162475,0.018598903928647995,11.449999999999989,0
2025-02-19,243.58,244.72,241.88,243.37,32204200,0.0016036843620215256,237.6885714285714,232.94833333333332,234.55855555555553,0.21000000000000796,2.8400000000000034,243.19,240.26,226.18,0.009699243444711935,0.018595325168593285,17.400000000000006,1
2025-02-20,244.54,245.48,243.01,243.65,32316900,0.003941210279990063,240.27285714285713,232.985,234.74422222222222,0.8899999999999864,2.469999999999999,243.58,243.31,226.45,0.009298514149400361,0.018569957725580535,18.090000000000003,1
2025-02-21,244.26,247.38,243.93,244.66,53197400,-0.0011450069518279264,242.10999999999999,233.10466666666667,234.93222222222224,-0.4000000000000057,3.4499999999999886,244.54,243.19,231.4,0.00890946785007593,0.018441244133550045,12.859999999999985,0
2025-02-24,245.8,247.55,243.14,243.64,51326400,0.0063047572259069045,243.56285714285715,233.25933333333333,235.15377777777778,2.160000000000025,4.410000000000025,244.26,243.58,235.63,0.007615255058867973,0.018468686276527417,10.170000000000016,1
2025-02-25,245.74,248.69,243.62,246.7,48013300,-0.00024410089503662438,244.3457142857143,233.60566666666668,235.33333333333334,-0.9599999999999795,5.069999999999993,245.8,244.54,240.26,0.00495403920238803,0.017863620129776735,5.480000000000018,0
2025-02-26,239.1,243.69,237.87,243.05,44433600,-0.02702042809473433,243.74428571428572,233.812,235.41100000000003,-3.950000000000017,5.819999999999993,245.74,244.26,243.31,0.01116563452887177,0.018495745518279257,-4.210000000000008,0
2025-02-27,236.05,241.19,235.81,238.15,41153600,-0.01275616896695936,242.7242857142857,233.9536666666667,235.47755555555554,-2.0999999999999943,5.3799999999999955,239.1,245.8,243.19,0.011756367499614338,0.0186392219972636,-7.139999999999986,0
2025-02-28,240.57,240.82,228.99,235.7,56833400,0.019148485490362133,242.2942857142857,234.09400000000002,235.59033333333335,4.8700000000000045,11.829999999999984,236.05,245.74,243.58,0.01469890575017132,0.018621151308781406,-3.0100000000000193,1
2025-03-03,236.78,242.75,234.87,240.52,47184000,-0.015754250322151525,241.1857142857143,234.42633333333333,235.62955555555556,-3.740000000000009,7.8799999999999955,240.57,239.1,244.54,0.015315320759751649,0.017234459307476233,-7.759999999999991,0
2025-03-04,234.69,238.81,233.45,236.46,53798100,-0.008826759016808867,239.81857142857143,234.632,235.62922222222224,-1.7700000000000102,5.360000000000014,236.78,236.05,244.26,0.015310466582731316,0.01729818250159209,-9.569999999999993,0
2025-03-05,234.5,235.31,228.03,234.18,47227600,-0.0008095785930376144,238.2042857142857,235.07433333333336,235.63355555555557,0.3199999999999932,7.280000000000001,234.69,240.57,245.8,0.014609137721181708,0.01615027105020102,-11.300000000000011,0
2025-03-06,234.09,236.61,231.93,233.21,45170400,-0.0017484008528784504,236.54000000000002,235.46366666666665,235.68966666666665,0.8799999999999955,4.680000000000007,234.5,236.78,245.74,0.014510638194834048,0.01615267185616277,-11.650000000000006,0
2025-03-07,237.81,240.1,233.53,233.87,46273600,0.015891323849801353,236.3557142857143,235.9826666666667,235.7892222222222,3.9399999999999977,6.569999999999993,234.09,234.69,239.1,0.013591487197152414,0.016345392235918143,-1.289999999999992,1
2025-03-10,226.28,234.92,223.04,234.3,72071200,-0.0484840839325512,234.96,236.1463333333333,235.75133333333335,-8.02000000000001,11.879999999999995,237.81,234.5,236.05,0.0225995559353659,0.0187819349661855,-9.77000000000001,0
2025-03-11,219.68,224.65,216.31,222.63,76137400,-0.029167403217252936,231.9757142857143,235.85566666666668,235.61822222222224,-2.9499999999999886,8.340000000000003,226.28,234.09,240.57,0.02103485170239931,0.018623880045825568,-20.889999999999986,0
2025-03-12,215.84,220.58,213.78,218.98,62547500,-0.01747997086671524,228.98428571428573,235.15866666666668,235.4394444444445,-3.1399999999999864,6.800000000000011,219.68,237.81,236.78,0.021086664691608754,0.01742808017054675,-20.939999999999998,0
2025-03-13,208.58,215.7,207.32,214.81,61368300,-0.03363602668643435,225.25428571428574,234.18333333333334,235.2193333333333,-6.22999999999999,8.379999999999995,215.84,226.28,234.69,0.02232728049269172,0.018237726665740254,-26.109999999999985,0
2025-03-14,212.37,212.83,208.48,210.14,60107600,0.018170486144404984,222.09285714285716,233.393,235.08755555555553,2.230000000000018,4.350000000000023,208.58,219.68,234.5,0.025479003108577137,0.018675470238034245,-22.129999999999995,1
2025-03-17,212.88,214.09,208.87,212.19,48073400,0.00240146913405844,219.06285714285715,232.67233333333334,234.99455555555554,0.6899999999999977,5.219999999999999,212.37,215.84,234.09,0.025851147409359808,0.018693164585761975,-21.210000000000008,1
2025-03-18,211.57,214.02,210.38,213.03,42432400,-0.00615370161593387,215.31428571428572,232.1726666666667,234.8968888888889,-1.460000000000008,3.640000000000015,212.88,208.58,237.81,0.02289182290915242,0.01778059527865892,-26.24000000000001,0
2025-03-19,214.11,217.61,212.63,213.09,54385400,0.012005482818925276,213.57571428571427,231.59900000000002,234.81155555555557,1.0200000000000102,4.980000000000018,211.57,212.37,226.28,0.019963271703868402,0.01744951992702534,-12.169999999999987,1
2025-03-20,212.97,216.35,211.1,212.87,48862900,-0.0053243659801037535,212.61714285714285,230.99833333333333,234.72166666666666,0.09999999999999432,5.25,214.11,212.88,219.68,0.017580765257371157,0.017456340023832385,-6.710000000000008,0
2025-03-21,217.12,217.69,210.17,210.45,94127800,0.01948631262619151,212.8,230.511,234.62533333333332,6.670000000000016,7.52000000000001,212.97,211.57,215.84,0.01848639658043929,0.0178888830705262,1.2800000000000011,1
2025-03-24,219.57,220.32,217.43,219.84,44299500,0.011284082535003633,214.36999999999998,230.29066666666668,234.5592222222222,-0.27000000000001023,2.8899999999999864,217.12,214.11,208.58,0.010559165263765357,0.01755054380009973,10.98999999999998,1
2025-03-25,222.57,222.92,218.92,219.61,34493600,0.013663068725235688,215.82714285714286,230.16133333333335,234.55655555555555,2.9599999999999795,4.0,219.57,212.97,212.37,0.009911154737227748,0.01774686694017018,10.199999999999989,1
2025-03-26,220.37,223.84,219.31,222.34,34466100,-0.009884530709439676,216.89714285714285,229.79366666666664,234.5294444444444,-1.9699999999999989,4.530000000000001,222.57,217.12,212.88,0.011733246996023124,0.017313627886999427,7.490000000000009,0
2025-03-27,222.67,223.81,219.4,220.23,37094800,0.01043699233107947,218.4828571428571,229.36166666666668,234.51811111111112,2.4399999999999977,4.409999999999997,220.37,219.57,211.57,0.010735353125369938,0.017062353245524055,11.099999999999994,1
2025-03-28,216.75,222.63,216.54,220.5,39818600,-0.02658642834688098,218.85999999999999,228.578,234.4067777777778,-3.75,6.090000000000003,222.67,222.57,214.11,0.016386607462657694,0.017151482605239885,2.6399999999999864,0
2025-03-31,220.96,224.43,215.09,215.87,65299300,0.019423298731257244,220.00142857142856,227.833,234.37777777777777,5.090000000000003,9.340000000000003,216.75,220.37,212.97,0.017224486144492044,0.017409675921748004,7.990000000000009,1
2025-04-01,222.02,222.5,217.75,218.65,36412700,0.004797248370745847,220.70142857142855,227.12733333333335,234.32722222222222,3.3700000000000045,4.75,220.96,222.67,217.12,0.016079532685683958,0.017463268111858082,4.900000000000006,1
2025-04-02,222.71,224.01,219.86,220.16,35905900,0.0031078281235924587,221.15,226.4316666666667,234.28144444444442,2.5500000000000114,4.149999999999977,222.02,216.75,219.57,0.015695690606478872,0.01747874359705209,3.140000000000015,1
2025-04-03,202.12,206.4,200.19,204.46,103419000,-0.09245206771137354,218.22857142857146,225.01766666666668,233.9988888888889,-2.3400000000000034,6.210000000000008,222.71,220.96,222.57,0.03804315922605219,0.02387889797404983,-20.44999999999999,0
2025-04-04,187.39,198.83,186.36,192.87,125910900,-0.07287749851573332,213.51714285714283,223.12199999999999,233.55800000000002,-5.480000000000018,12.469999999999999,202.12,222.02,220.37,0.04413915398371046,0.02678580054472579,-32.98000000000002,0
2025-04-07,180.51,193.13,173.7,176.27,160466300,-0.03671487272533217,207.49428571428572,220.94566666666665,233.02577777777776,4.239999999999981,19.430000000000007,187.39,222.71,222.67,0.04190130307999599,0.027118892244277146,-42.16,0
2025-04-08,171.51,189.34,168.32,185.72,120859500,-0.049858733588166865,201.03142857142856,218.47133333333335,232.36044444444448,-14.210000000000008,21.02000000000001,180.51,202.12,216.75,0.04261746962307277,0.02800983032969515,-45.24000000000001,0
2025-04-09,197.8,199.56,170.99,171.05,184395900,0.1532855227100462,197.72285714285712,217.09466666666668,231.96300000000002,26.75,28.569999999999993,171.51,187.39,220.96,0.08169656741012905,0.04093321831793716,-23.159999999999997,1
2025-04-10,189.42,193.76,182.04,188.08,121880000,-0.04236602628918111,193.06571428571428,215.5403333333333,231.47388888888887,1.339999999999975,11.719999999999999,197.8,180.51,222.02,0.08193259583906573,0.04146736726134641,-32.60000000000002,0
2025-04-11,197.11,198.49,185.08,185.12,87435900,0.040597613768345614,189.40857142857143,214.09166666666667,231.04377777777776,11.990000000000009,13.409999999999997,189.42,171.51,222.71,0.08484521655589015,0.0421048657271769,-25.599999999999994,1
2025-04-14,201.46,211.82,200.1,210.33,101352900,0.022068895540561077,189.3142857142857,212.91433333333333,230.63699999999997,-8.870000000000005,11.719999999999999,197.11,197.8,202.12,0.07804165215970989,0.04236157963975842,-0.6599999999999966,1
2025-04-15,201.08,202.44,198.75,200.8,51343900,-0.0018862305172242402,191.27,211.79399999999998,230.19222222222223,0.28000000000000114,3.6899999999999977,201.46,189.42,187.39,0.07097975988130648,0.04235622826590461,13.690000000000026,0
2025-04-16,193.25,199.65,191.36,197.32,59732400,-0.038939725482395125,193.09,210.41899999999998,229.65644444444447,-4.069999999999993,8.289999999999992,201.08,197.11,180.51,0.0712395997323615,0.04281765599554187,12.740000000000009,0
2025-04-17,195.94,197.78,193.4,196.16,52164700,0.013919793014230259,196.57999999999998,209.14733333333334,229.15022222222223,-0.21999999999999886,4.3799999999999955,193.25,201.46,171.51,0.06591229872039861,0.04296112755880171,24.430000000000007,1
2025-04-21,192.14,192.78,188.81,192.25,46742500,-0.0193936919465143,195.77142857142857,207.625,228.60399999999996,-0.11000000000001364,3.969999999999999,195.94,201.08,197.8,0.03141987647400587,0.042851118795232554,-5.660000000000025,0
2025-04-22,198.69,200.53,194.94,195.09,52976400,0.03408972624128246,197.0957142857143,206.70533333333333,228.0874444444445,3.5999999999999943,5.590000000000003,192.14,193.25,189.42,0.02893485644610249,0.04269435798904305,9.27000000000001,1
2025-04-23,203.52,206.91,201.73,204.92,52929200,0.024309225426543925,198.01142857142855,206.16666666666666,227.61322222222225,-1.3999999999999773,5.180000000000007,198.69,195.94,197.11,0.026340846682685062,0.04270065260623165,6.409999999999997,1
2025-04-24,207.27,207.73,201.87,203.81,47311000,0.01842570754716981,198.8414285714286,205.881,227.19477777777777,3.460000000000008,5.859999999999985,203.52,192.14,201.46,0.02597813660592236,0.042745803761156886,5.810000000000002,1
2025-04-25,208.18,208.65,205.12,205.29,38222300,0.004390408645727778,199.8557142857143,205.86766666666665,226.77022222222223,2.890000000000015,3.530000000000001,207.27,198.69,201.08,0.025834506556185,0.04229030084050242,7.099999999999994,1
2025-04-28,209.04,210.39,206.37,208.9,38743100,0.004131040445768014,202.11142857142858,205.75666666666666,226.35344444444442,0.13999999999998636,4.019999999999982,208.18,203.52,193.25,0.017259801872933668,0.042168737702132905,15.789999999999992,1
2025-04-29,210.1,211.12,207.27,207.59,36827600,0.005070799846919261,204.1342857142857,205.66400000000002,225.91622222222225,2.509999999999991,3.8499999999999943,209.04,207.27,195.94,0.017369082516649845,0.042176112264723675,14.159999999999997,1
2025-04-30,211.38,212.46,205.58,208.2,52286500,0.006092336982389344,206.88285714285715,205.65766666666667,225.4663333333333,3.180000000000007,6.8799999999999955,210.1,208.18,192.14,0.01198018500490396,0.04216973777230218,19.24000000000001,1
2025-05-01,212.2,213.43,207.8,207.98,57365700,0.0038792695619263564,208.81285714285715,205.594,225.08544444444442,4.219999999999999,5.6299999999999955,211.38,209.04,198.69,0.008333985357389545,0.042121416368071984,13.509999999999991,1
2025-05-02,204.27,205.9,201.1,205.01,101010600,-0.03737040527803948,208.92000000000002,205.304,224.59733333333332,-0.7399999999999807,4.800000000000011,212.2,210.1,203.52,0.017546249824841997,0.042677911914524407,0.75,0
2025-05-05,197.84,203.03,197.17,202.03,69018500,-0.031477945855974965,207.57285714285715,204.66133333333335,223.9858888888889,-4.189999999999998,5.860000000000014,204.27,211.38,207.27,0.01918624804588949,0.042867624328486224,-9.430000000000007,0
2025-05-06,197.47,199.6,195.98,197.17,51216500,-0.0018701981399110621,206.04285714285714,203.92466666666667,223.3616666666667,0.30000000000001137,3.6200000000000045,197.84,212.2,208.18,0.018736296848816853,0.04279185838838217,-10.710000000000008,0
2025-05-07,195.22,198.39,192.23,198.12,68536700,-0.011394135818098951,204.06857142857143,203.013,222.6801111111111,-2.9000000000000057,6.159999999999997,197.47,204.27,209.04,0.0180553722218107,0.04270659654692407,-13.819999999999993,0
2025-05-08,196.45,199.0,193.66,196.68,50478900,0.006300583956561775,202.1185714285714,202.21566666666666,222.0031111111111,-0.2300000000000182,5.340000000000003,195.22,197.84,210.1,0.0182268728618981,0.04272540874977173,-13.650000000000006,1
2025-05-09,197.49,199.49,196.5,197.95,36453900,0.0052939679307712935,200.1342857142857,201.37633333333332,221.3755555555556,-0.45999999999997954,2.990000000000009,196.45,197.47,211.38,0.01811589201556431,0.042680085714359085,-13.889999999999986,1
2025-05-12,209.96,210.44,205.93,210.14,63775800,0.06314243759177679,199.81428571428572,201.15,220.924,-0.1799999999999784,4.509999999999991,197.49,195.22,212.2,0.03308486955958104,0.04410027146537441,-2.2399999999999807,1
2025-05-13,212.09,212.56,208.17,209.6,51909300,0.010144789483711161,200.93142857142857,200.85433333333333,220.5157777777778,2.490000000000009,4.390000000000015,209.96,196.45,204.27,0.02901615698256621,0.04399072080770038,7.819999999999993,1
2025-05-14,211.49,213.09,209.75,211.59,49325800,-0.002828987693903505,202.8814285714286,200.5033333333333,220.1734444444444,-0.09999999999999432,3.3400000000000034,212.09,197.49,197.84,0.02457287101599169,0.04398137603122227,13.650000000000006,0
2025-05-15,210.61,212.12,208.71,210.12,45029500,-0.004160953236559626,204.75857142857143,200.1,219.82666666666665,0.4900000000000091,3.4099999999999966,211.49,209.96,197.47,0.024769081280133526,0.043979662877215206,13.140000000000015,0
2025-05-16,210.43,211.73,208.94,211.52,54737900,-0.000854660272541697,206.93142857142857,200.37699999999998,219.45988888888888,-1.0900000000000034,2.789999999999992,210.61,212.09,195.22,0.023579075019196743,0.04044558438058372,15.210000000000008,0
2025-05-19,207.96,208.65,203.45,207.09,46140500,-0.011737870075559563,208.57571428571433,201.06266666666667,219.09644444444444,0.8700000000000045,5.200000000000017,210.43,211.49,196.45,0.02511463987478126,0.0380037065696921,11.51000000000002,0
2025-05-20,206.04,207.65,204.22,206.85,42496600,-0.009232544720138564,209.79714285714286,201.91366666666667,218.7062222222222,-0.8100000000000023,3.430000000000007,207.96,210.61,197.49,0.026001311347890764,0.03730976455956108,8.549999999999983,0
2025-05-21,201.29,206.22,199.92,204.36,59211800,-0.02305377596583188,208.55857142857144,202.90633333333332,218.32777777777778,-3.0700000000000216,6.300000000000011,206.04,210.43,209.96,0.010285580938075816,0.03625530064171048,-8.670000000000016,0
2025-05-22,200.56,201.95,198.91,199.92,46742400,-0.003626608375974911,206.91142857142856,202.99833333333333,217.96833333333336,0.6400000000000148,3.039999999999992,201.29,207.96,212.09,0.007678223731823249,0.023254946387689508,-11.530000000000001,0
2025-05-23,194.5,196.92,192.7,192.9,78432900,-0.03021539688871162,204.4842857142857,203.1676666666667,217.5538888888889,1.5999999999999943,4.219999999999999,200.56,206.04,211.49,0.010934033148935339,0.022574477786548027,-16.99000000000001,0
2025-05-27,199.42,199.95,196.65,197.52,56288500,0.02529562982005135,202.8857142857143,203.24466666666666,217.14344444444444,1.8999999999999773,3.299999999999983,194.5,201.29,210.61,0.01785807568322411,0.021811888723247394,-11.190000000000026,1
2025-05-28,199.63,201.93,199.11,199.8,45339700,0.0010530538561829704,201.34285714285716,203.18366666666668,216.84144444444445,-0.17000000000001592,2.819999999999993,199.42,200.56,210.43,0.017992793869580127,0.021433362980195412,-10.800000000000011,1
2025-05-29,199.16,203.0,197.73,202.78,51396800,-0.002354355557781891,200.08571428571426,203.11966666666666,216.5152222222222,-3.6200000000000045,5.27000000000001,199.63,194.5,207.96,0.01796176136134029,0.0214348910484464,-8.800000000000011,0
2025-05-30,200.06,201.16,196.0,198.58,70819900,0.004518979714802198,199.23142857142855,203.34666666666666,216.27999999999997,1.4799999999999898,5.159999999999997,199.16,199.42,206.04,0.018300548155480684,0.020149405528812742,-5.97999999999999,1
2025-06-02,200.9,201.33,199.33,199.49,35423300,0.004198740377886651,199.1757142857143,203.51200000000003,216.041,1.4099999999999966,2.0,200.06,199.63,201.29,0.016383485058476283,0.020018021608726122,-0.38999999999998636,1
2025-06-03,202.47,202.96,200.17,200.55,46381600,0.007814833250373287,199.44857142857146,203.8563333333333,215.82133333333334,1.9199999999999875,2.7900000000000205,200.9,199.16,200.56,0.01655004378756407,0.019674409277496422,1.9099999999999966,1
2025-06-04,202.02,205.43,201.3,202.11,43604000,-0.0022225514891094414,200.52285714285716,203.96733333333336,215.60633333333334,-0.09000000000000341,4.1299999999999955,202.47,200.06,194.5,0.009495434460418088,0.01872174690111652,7.52000000000001,0
2025-06-05,199.84,203.94,199.36,202.7,55126100,-0.010791010791010825,200.58285714285714,203.84466666666668,215.28900000000002,-2.859999999999985,4.579999999999984,202.02,200.9,199.42,0.0061435221491730925,0.018288623160919948,0.4200000000000159,0
2025-06-06,203.11,204.89,201.25,202.2,46607700,0.016363090472377953,201.07999999999998,203.706,214.9152222222222,0.910000000000025,3.6399999999999864,199.84,202.47,199.63,0.008659415360959587,0.018218967619001564,3.480000000000018,1
2025-06-09,200.65,205.19,199.23,203.58,72862600,-0.012111663630545064,201.29285714285717,203.455,214.502,-2.930000000000007,5.960000000000008,203.11,202.02,199.16,0.010217023083245552,0.018314567742783894,1.490000000000009,0
2025-06-10,201.87,203.54,199.78,199.81,54672600,0.006080239222526782,201.5514285714286,203.216,214.12188888888886,2.0600000000000023,3.759999999999991,200.65,199.84,200.06,0.010320360896209527,0.018337087227258762,1.8100000000000023,1
2025-06-11,197.99,203.69,197.63,202.7,60989900,-0.01922029028582749,201.1357142857143,202.81233333333333,213.7162222222222,-4.7099999999999795,6.060000000000002,201.87,203.11,200.9,0.012747148426456708,0.018594198314075595,-2.9099999999999966,0
2025-06-12,198.41,198.89,196.58,198.29,43904600,0.002121319258548348,200.5557142857143,202.38,213.40344444444446,0.12000000000000455,2.309999999999974,197.99,200.65,202.47,0.01218482736815548,0.018550074641097248,-4.060000000000002,1
2025-06-13,195.67,199.58,194.93,198.94,51447300,-0.013809787813114304,199.64857142857142,201.829,213.00733333333332,-3.2700000000000102,4.650000000000006,198.41,201.87,202.02,0.012857700188156608,0.018639514376115576,-6.350000000000023,0
2025-06-16,197.64,197.9,195.78,196.52,43020700,0.010067971584811156,199.33428571428573,201.60800000000003,212.63677777777778,1.1199999999999761,2.1200000000000045,195.67,197.99,199.84,0.013550085513844503,0.017563371656424742,-2.200000000000017,1
2025-06-17,194.87,197.61,194.44,196.42,38856200,-0.01401538150172021,198.15714285714284,201.50900000000001,212.22711111111113,-1.549999999999983,3.170000000000016,197.64,198.41,203.11,0.011599271331121161,0.016789108559808745,-8.240000000000009,0
2025-06-18,195.8,196.79,194.3,195.17,45394700,0.004772412377482459,197.46428571428572,201.45333333333335,211.88955555555557,0.6300000000000239,2.4899999999999807,194.87,195.67,200.65,0.01183117463303138,0.016812429546903596,-4.849999999999994,1
2025-06-20,200.21,200.9,196.08,197.46,96813500,0.022522982635342168,197.22714285714284,201.61966666666666,211.59799999999998,2.75,4.819999999999993,195.8,197.64,201.87,0.015189464327299418,0.017166805973050016,-1.6599999999999966,1
2025-06-23,200.7,201.5,198.17,200.83,55814300,0.002447430198291697,197.6142857142857,201.76133333333334,211.25688888888888,-0.13000000000002387,3.3300000000000125,200.21,194.87,197.99,0.012913987027491348,0.0171400334110854,2.7099999999999795,1
2025-06-24,199.51,202.64,199.41,201.79,54064000,-0.005929247633283497,197.77142857142854,201.8286666666667,210.85555555555558,-2.280000000000001,3.2299999999999898,200.7,195.8,198.41,0.013256896357939172,0.017162236635827926,1.0999999999999943,0
2025-06-25,200.76,202.87,199.83,200.65,39525700,0.006265350107764022,198.49857142857144,201.522,210.41666666666666,0.10999999999998522,3.039999999999992,199.51,200.21,195.67,0.01162400714405213,0.012513033320161288,5.090000000000003,1
2025-06-26,200.21,201.84,198.67,200.63,50799100,-0.002739589559673157,198.8657142857143,201.126,209.93777777777774,-0.4199999999999875,3.170000000000016,200.76,200.7,197.64,0.011467608899065474,0.012322190324419592,2.5700000000000216,0
2025-06-27,200.29,202.42,199.21,201.09,73188600,0.0003995804405373562,199.64000000000001,200.75266666666667,209.4611111111111,-0.8000000000000114,3.2099999999999795,200.21,199.51,194.87,0.00920330647145448,0.012327407560575446,5.4199999999999875,1
2025-06-30,204.36,206.57,198.47,201.21,91912800,0.020320535223925417,200.86285714285714,200.54433333333333,209.02533333333335,3.1500000000000057,8.099999999999994,200.29,200.76,195.8,0.011110005113873367,0.012955810137590286,8.560000000000002,1
2025-07-01,207.0,209.36,205.33,205.85,78788900,0.012918379330593003,201.83285714285716,200.43,208.60822222222225,1.1500000000000057,4.030000000000001,204.36,200.21,200.21,0.009181519655841342,0.01320002269400637,6.789999999999992,1
2025-07-02,211.6,212.5,207.32,208.08,67941800,0.022222222222222195,203.39000000000001,200.55133333333333,208.24533333333332,3.519999999999982,5.180000000000007,207.0,200.29,200.7,0.011161482064659858,0.013648358080838563,10.900000000000006,1
2025-07-03,212.71,213.8,210.97,211.31,34955800,0.00524574669187152,205.2757142857143,200.77366666666666,207.87766666666664,1.4000000000000057,2.8300000000000125,211.6,204.36,199.51,0.009585689755917424,0.013541736829524911,13.200000000000017,1
2025-07-07,209.12,215.38,207.97,211.84,50229000,-0.016877438766395577,206.47,201.03466666666665,207.4707777777778,-2.719999999999999,7.409999999999997,212.71,207.0,200.76,0.013830860322321583,0.013203785597529966,8.360000000000014,0
2025-07-08,209.18,210.59,207.63,209.27,42848900,0.00028691660290743244,207.75142857142856,201.322,207.13833333333335,-0.09000000000000341,2.960000000000008,209.12,211.6,200.21,0.013559425004932466,0.013172143441508508,8.969999999999999,1
2025-07-09,210.31,210.49,206.4,208.7,48749400,0.00540204608471171,209.18285714285713,201.84900000000002,206.85233333333332,1.6100000000000136,4.090000000000003,209.18,212.71,200.29,0.01332272470719171,0.011743831831534527,10.02000000000001,1
2025-07-10,211.57,212.64,209.2,209.68,44443600,0.005991155912700256,210.21285714285713,202.254,206.5301111111111,1.8899999999999864,3.4399999999999977,210.31,209.12,204.36,0.0119815168043521,0.010964656288382772,7.2099999999999795,1
2025-07-11,210.33,211.29,209.03,209.74,39765800,-0.00586094436829409,210.6885714285714,202.61066666666665,206.23622222222224,0.5900000000000034,2.259999999999991,211.57,209.18,207.0,0.012022434977382278,0.011058192902974304,3.3300000000000125,0
2025-07-14,207.8,210.08,206.72,209.1,38840100,-0.012028716778395858,210.1457142857143,202.89866666666666,205.93744444444442,-1.299999999999983,3.3600000000000136,210.33,210.31,211.6,0.00922941004396572,0.01132147499591625,-3.799999999999983,0
2025-07-15,208.28,211.05,208.09,208.39,42296300,0.0023099133782482663,209.51285714285714,203.1726666666667,205.64611111111108,-0.10999999999998522,2.960000000000008,207.8,211.57,212.71,0.008876121526676512,0.011308193402613593,-4.430000000000007,1
2025-07-16,209.33,211.56,207.82,209.47,47490500,0.005041290570386074,209.54285714285717,203.45366666666666,205.37099999999998,-0.13999999999998636,3.740000000000009,208.28,210.33,209.12,0.006767116325562969,0.011316414972502766,0.21000000000000796,1
2025-07-17,209.19,210.96,208.76,209.74,48068100,-0.0006688004586060993,209.5442857142857,203.67766666666668,205.053,-0.5500000000000114,2.200000000000017,209.33,207.8,209.18,0.006773839537145569,0.01125728128313107,0.009999999999990905,0
2025-07-18,210.35,210.95,208.87,210.04,48974600,0.005545198145226811,209.55,203.95533333333333,204.876,0.3100000000000023,2.079999999999984,209.19,208.28,210.31,0.006792962047635228,0.011266361033895366,0.03999999999999204,1
2025-07-21,211.64,214.93,210.79,211.26,51377400,0.00613263608271924,209.55999999999997,204.34866666666667,204.78666666666666,0.37999999999999545,4.140000000000015,210.35,209.33,211.57,0.00681377420969067,0.011056158047597348,0.06999999999999318,1
2025-07-22,213.55,214.1,211.39,212.3,46404100,0.009024759024759143,210.02,204.6966666666667,204.76122222222222,1.25,2.710000000000008,211.64,209.19,210.33,0.006976203004501357,0.010805139399433594,3.219999999999999,1
2025-07-23,213.3,214.3,211.57,214.15,46989300,-0.001170686022008897,210.8057142857143,205.1183333333333,204.81366666666665,-0.8499999999999943,2.730000000000018,213.55,210.35,207.8,0.003746171848865801,0.010502289038987136,5.5,0
2025-07-24,212.92,214.84,212.69,213.05,46022600,-0.0017815283638069567,211.46857142857147,205.48666666666665,204.8197777777778,-0.13000000000002387,2.1500000000000057,213.3,211.64,208.28,0.004287455419952734,0.010497457160809598,4.639999999999986,0
2025-07-25,213.03,214.39,212.56,213.85,40268800,0.0005166259628029948,211.99714285714285,205.988,204.82144444444444,-0.8199999999999932,1.829999999999984,212.92,213.55,209.33,0.004297690642972018,0.00972249496556702,3.6999999999999886,1
2025-07-28,213.2,214.0,212.22,213.18,37858000,0.0007980096699994718,212.56999999999996,206.48100000000002,204.83955555555556,0.01999999999998181,1.7800000000000011,213.03,213.3,209.19,0.004149855938709756,0.009727221734048924,4.009999999999991,1
2025-07-29,210.44,213.96,209.99,213.33,51411700,-0.012945590994371441,212.58285714285714,206.97333333333333,204.79877777777776,-2.890000000000015,3.969999999999999,213.2,212.92,210.35,0.006976684896822637,0.00967858240235818,0.09000000000000341,0
2025-07-30,208.22,211.55,206.9,211.06,45512500,-0.010549325223341564,212.09428571428572,207.326,204.74599999999998,-2.8400000000000034,4.650000000000006,210.44,213.03,211.64,0.007401636545472843,0.009851192760899281,-3.4199999999999875,0
2025-07-31,206.75,209.01,206.34,207.67,80698400,-0.007059840553260969,211.12285714285713,207.722,204.63077777777778,-0.9199999999999875,2.6699999999999875,208.22,213.2,213.55,0.005569507955199389,0.009543510450319936,-6.800000000000011,0
2025-08-01,201.58,212.74,200.7,210.04,104434500,-0.025006045949213965,209.4485714285714,207.91466666666665,204.4308888888889,-8.45999999999998,12.04000000000002,206.75,210.44,213.3,0.00921642193629594,0.01072293010857583,-11.719999999999999,0
2025-08-04,202.55,207.06,200.88,203.7,75109300,0.004811985316003566,207.96714285714285,207.99266666666665,204.20844444444447,-1.1499999999999773,6.180000000000007,201.58,208.22,212.92,0.01023860114688222,0.009958889422848928,-10.369999999999976,1
2025-08-05,202.12,204.53,201.36,202.6,44155100,-0.002122932609232322,206.4085714285714,208.04,204.00566666666668,-0.47999999999998977,3.1699999999999875,202.55,206.75,213.03,0.00995771957313841,0.009962006119664631,-10.909999999999997,0
2025-08-06,212.41,214.53,204.78,204.82,108483100,0.0509103502869582,206.2957142857143,208.46999999999997,203.89166666666668,7.590000000000003,9.75,202.12,201.58,213.2,0.024402856729188866,0.013512247771292849,-0.789999999999992,1
2025-08-07,219.16,219.98,215.72,218.02,90224800,0.03177816486982722,207.54142857142855,209.08333333333334,203.91844444444445,1.1399999999999864,4.259999999999991,212.41,202.55,210.44,0.026314059041219945,0.01454200308389922,8.719999999999999,1
2025-08-08,228.44,230.09,218.38,219.96,113854000,0.04234349333820041,210.43,210.02433333333335,204.00155555555554,8.47999999999999,11.710000000000008,219.16,202.12,208.22,0.02825586173869544,0.016164357293127363,20.22,1
2025-08-11,226.54,228.91,224.13,227.28,61806100,-0.00831728243740153,213.25714285714284,210.89933333333335,204.05177777777777,-0.7400000000000091,4.780000000000001,228.44,212.41,206.75,0.0284131373473849,0.016318787826252526,19.789999999999992,0
2025-08-12,229.0,230.15,226.43,227.37,55626200,0.010859009446455408,217.17428571428573,211.72066666666666,204.12166666666667,1.6299999999999955,3.719999999999999,226.54,219.16,201.58,0.02304122389373394,0.016087082416129116,27.419999999999987,1
2025-08-13,232.67,234.34,229.78,230.42,69878500,0.01602620087336239,221.47714285714284,212.57633333333334,204.4611111111111,2.25,4.560000000000002,229.0,228.44,202.55,0.022299986502979437,0.016156848545731357,30.119999999999976,1
2025-08-14,232.12,234.46,230.2,233.4,51916300,-0.00236386298190563,225.76285714285714,213.26033333333334,204.9581111111111,-1.2800000000000011,4.260000000000019,232.67,226.54,202.12,0.022340352089227078,0.01582225962795176,30.0,0
2025-08-15,230.94,233.62,228.69,233.34,56038700,-0.005083577459934546,228.41,213.868,205.51844444444444,-2.4000000000000057,4.930000000000007,232.12,229.0,212.41,0.019322509640140446,0.015888659420438957,18.53,0
2025-08-18,230.24,232.46,229.46,231.05,37476200,-0.0030310903264916802,229.99285714285716,214.57200000000003,206.171,-0.8100000000000023,3.0,230.94,232.67,219.16,0.01786136498759202,0.015491547046538897,11.080000000000013,0
2025-08-19,229.91,232.21,228.7,230.63,39402600,-0.0014332870048645435,230.20285714285714,215.263,206.52777777777777,-0.7199999999999989,3.5100000000000193,230.24,232.12,228.44,0.00894685886580928,0.01550636118505333,1.4699999999999989,0
2025-08-20,225.37,229.82,225.13,229.33,42263900,-0.01974685746596491,230.03571428571428,215.765,206.92722222222224,-3.960000000000008,4.689999999999998,229.91,230.94,226.54,0.011576649417223925,0.016057078106605914,-1.1699999999999875,0
2025-08-21,224.27,225.88,223.15,225.63,30621200,-0.004880862581532566,229.35999999999999,216.18833333333333,207.229,-1.3599999999999852,2.7299999999999898,225.37,230.24,229.0,0.0104335906718496,0.016096586883909157,-4.72999999999999,0
2025-08-22,227.12,228.44,224.77,225.53,42477800,0.012707896731618113,228.56714285714287,216.748,207.5141111111111,1.5900000000000034,3.6699999999999875,224.27,229.91,232.67,0.009458584852116252,0.01613813334609077,-5.549999999999983,1
2025-08-25,226.52,228.65,225.59,225.84,30983100,-0.00264177527298342,227.7671428571429,217.37199999999999,207.79677777777778,0.6800000000000068,3.0600000000000023,227.12,225.37,232.12,0.009454070932892446,0.015932664534256156,-5.599999999999994,0
2025-08-26,228.66,228.84,224.06,226.23,54575100,0.009447289422567484,227.4414285714286,218.05133333333333,208.19022222222222,2.430000000000007,4.780000000000001,226.52,224.27,230.94,0.010564221012503865,0.015975235559968656,-2.280000000000001,1
2025-08-27,229.84,230.25,227.62,227.97,31259500,0.005160500306131404,227.3842857142857,218.735,208.56688888888888,1.8700000000000045,2.6299999999999955,228.66,227.12,230.24,0.0108004035850742,0.015975714397722128,-0.4000000000000057,1
2025-08-28,231.9,232.75,228.69,230.17,38074700,0.008962756700313271,227.66857142857143,219.492,209.0086666666667,1.7300000000000182,4.060000000000002,229.84,226.52,229.91,0.011305230463718821,0.01599118433818453,1.990000000000009,1
2025-08-29,231.49,232.72,230.72,231.85,39418400,-0.001768003449762814,228.54285714285717,220.1966666666667,209.3731111111111,-0.3599999999999852,2.0,231.9,228.66,225.37,0.006923180167030578,0.016015648818572877,6.1200000000000045,0
2025-09-02,229.07,230.2,226.33,228.6,44075600,-0.010454015292237315,229.22857142857146,220.77766666666668,209.65699999999998,0.46999999999999886,3.869999999999976,231.49,229.84,224.27,0.008282335414542236,0.01620041072724242,4.799999999999983,0
2025-09-03,237.8,238.18,233.7,236.54,66427800,0.038110621207491244,230.75428571428571,221.58599999999998,209.99622222222226,1.2600000000000193,4.480000000000018,229.07,231.9,227.12,0.015571876166259312,0.017412833368163183,10.680000000000007,1
2025-09-04,239.1,239.22,236.07,237.78,47549400,0.0054667788057190195,232.5514285714286,222.446,210.33977777777778,1.3199999999999932,3.1500000000000057,237.8,231.49,226.52,0.015055180681396009,0.01739049416029412,12.579999999999984,1
2025-09-05,239.01,240.64,237.82,239.32,54870400,-0.00037641154328734176,234.03,223.3156666666667,210.67277777777778,-0.3100000000000023,2.819999999999993,239.1,229.07,228.66,0.015336336465372693,0.017376391937947856,10.349999999999994,0
2025-09-08,237.21,239.47,235.67,238.62,48999500,-0.007531065645788808,235.08285714285714,224.12166666666664,210.974,-1.4099999999999966,3.8000000000000114,239.01,237.8,229.84,0.01623700821904764,0.01749380919589079,7.3700000000000045,0
2025-09-09,233.69,238.11,232.7,236.33,66313900,-0.014839172041650901,235.3385714285714,224.8046666666667,211.2218888888889,-2.640000000000015,5.410000000000025,237.21,239.1,231.9,0.01761244764602487,0.017814380879107757,1.789999999999992,0
2025-09-10,226.15,231.76,225.31,231.53,83440800,-0.032264966408489845,234.57571428571427,225.32833333333335,211.3768888888889,-5.3799999999999955,6.449999999999989,233.69,239.01,231.49,0.02176096344929177,0.018743655765012128,-5.340000000000003,0
2025-09-11,229.38,229.8,226.01,226.24,50208600,0.014282555825779305,234.61999999999998,226.03366666666668,211.65588888888888,3.1399999999999864,3.7900000000000205,226.15,237.21,229.07,0.022372696283256496,0.0186925240574219,0.3100000000000023,1
2025-09-12,233.41,233.85,228.37,228.57,55824200,0.017569099311186682,233.99285714285716,226.92233333333334,212.05111111111108,4.840000000000003,5.47999999999999,229.38,233.69,237.8,0.01739691927648371,0.018758103158880858,-4.390000000000015,1
2025-09-15,236.03,237.52,234.37,236.33,42699500,0.01122488325264558,233.5542857142857,228.07066666666665,212.47955555555555,-0.30000000000001137,3.1500000000000057,233.41,226.15,239.1,0.01796478470401727,0.017961007959838085,-3.069999999999993,1
2025-09-16,237.48,240.54,235.65,236.51,63421100,0.006143286870313048,233.33571428571426,229.235,212.94911111111114,0.9699999999999989,4.889999999999986,236.03,229.38,239.01,0.01821244623736548,0.01796108097463851,-1.5300000000000011,1
2025-09-17,238.32,239.42,237.06,238.3,46508000,0.003537139969681672,233.49428571428572,230.44166666666666,213.41433333333333,0.01999999999998181,2.359999999999985,237.48,233.41,237.21,0.01800730477242986,0.01790820816441164,1.1099999999999852,1
2025-09-18,237.21,240.52,235.98,239.29,44249600,-0.004657603222557843,233.99714285714285,231.26833333333335,213.85566666666665,-2.079999999999984,4.5400000000000205,238.32,236.03,233.69,0.016910632827228232,0.015818297636563353,3.5200000000000102,0
2025-09-19,244.81,245.61,239.53,240.55,163741300,0.03203912145356433,236.66285714285712,232.12333333333336,214.2428888888889,4.259999999999991,6.0800000000000125,237.21,237.48,226.15,0.011688019288957146,0.015834272808529073,18.659999999999997,1
2025-09-22,255.36,255.92,247.42,247.6,105517400,0.04309464482660027,240.37428571428572,233.02066666666667,214.72366666666667,7.760000000000019,8.5,244.81,238.32,229.38,0.016805370286899986,0.015897762273563234,25.980000000000018,1
2025-09-23,253.71,256.61,252.86,255.16,60275200,-0.006461466165413556,243.27428571428572,233.92633333333333,215.1927777777778,-1.4499999999999886,3.75,255.36,237.21,233.41,0.018677730867026766,0.015852365439349425,20.30000000000001,0
2025-09-24,251.6,255.02,250.33,254.5,42303700,-0.00831658192424427,245.49857142857144,234.67966666666663,215.64822222222222,-2.9000000000000057,4.689999999999998,253.71,244.81,236.03,0.020231544822361114,0.01594852979864231,15.569999999999993,0
2025-09-25,256.15,256.44,251.0,252.5,55202100,0.01808426073131949,248.16571428571427,235.46233333333333,216.15622222222223,3.6499999999999773,5.439999999999998,251.6,255.36,237.48,0.020419643239858634,0.016009627869143648,18.669999999999987,1
2025-09-26,254.74,256.87,253.06,253.38,46076300,-0.005504587155963179,250.51142857142855,236.21633333333332,216.676,1.3600000000000136,3.8100000000000023,256.15,253.71,238.32,0.02124313435356649,0.016058358228054046,16.420000000000016,0
2025-09-29,253.71,254.28,252.3,253.84,40127700,-0.004043338305723487,252.8685714285714,236.97533333333334,217.2056666666667,-0.12999999999999545,1.9799999999999898,254.74,251.6,237.21,0.021174839290678298,0.01604090590486472,16.5,0
2025-09-30,253.91,255.2,252.4,254.14,37704300,0.0007883016041937197,254.16857142857143,237.76433333333333,217.79033333333334,-0.22999999999998977,2.799999999999983,253.71,256.15,244.81,0.018885472982811416,0.01600434651666904,9.099999999999994,1
2025-10-01,254.73,258.06,254.21,254.32,48713900,0.0032294907644440677,254.07857142857142,238.59166666666667,218.39222222222222,0.4099999999999966,3.8499999999999943,253.91,254.74,255.36,0.009082493366470271,0.015978510709924523,-0.6300000000000239,1
2025-10-02,256.4,257.45,253.43,255.86,42630200,0.006555961213834207,254.4628571428571,239.626,219.07999999999996,0.5399999999999636,4.019999999999982,254.73,253.71,253.71,0.008946544170488317,0.0153662689411426,2.6899999999999693,1
2025-10-03,257.29,258.51,253.23,253.95,49155600,0.003471138845553991,255.2757142857143,240.72666666666666,219.72299999999998,3.340000000000032,5.280000000000001,256.4,253.91,251.6,0.007820117899358355,0.01526724854044751,5.690000000000026,1
2025-10-06,255.97,258.34,254.33,257.26,44664100,-0.005130397605814534,255.25000000000003,241.68833333333336,220.349,-1.289999999999992,4.0099999999999625,257.29,254.73,256.15,0.0048130584030784225,0.01529198669271199,-0.1799999999999784,0
2025-10-07,255.76,256.67,254.71,256.09,31955800,-0.000820408641637723,255.39571428571432,242.663,220.97788888888888,-0.3299999999999841,1.960000000000008,255.97,256.4,254.74,0.004224512144676521,0.015267869681369622,1.0199999999999818,0
2025-10-08,257.33,257.79,255.39,255.8,36496900,0.006138567406943984,255.91285714285715,243.61866666666668,221.61422222222225,1.5299999999999727,2.400000000000034,255.76,257.29,253.71,0.004119429070562439,0.015240334355752805,3.619999999999976,1
2025-10-09,253.32,257.27,252.43,257.08,38322000,-0.0155831034080752,255.82857142857142,244.40133333333333,222.1966666666667,-3.759999999999991,4.839999999999975,257.33,255.97,253.91,0.0078773382677767,0.01565348095142625,-0.5900000000000034,0
2025-10-10,244.58,255.66,243.31,254.22,61999100,-0.034501815885046506,254.37857142857143,244.824,222.66455555555552,-9.639999999999986,12.349999999999994,253.32,255.76,254.73,0.014865088368035127,0.01706528417470229,-10.149999999999977,0
2025-10-13,246.96,248.99,244.87,248.68,38142900,0.00973096737263879,253.03,245.33966666666666,223.1638888888889,-1.7199999999999989,4.1200000000000045,244.58,257.33,256.4,0.015342012174570357,0.017108765498187347,-9.43999999999997,1
2025-10-14,247.07,248.15,244.01,245.9,35478000,0.0004454162617427325,251.57,245.93966666666665,223.68866666666665,1.1699999999999875,4.140000000000015,246.96,253.32,257.29,0.015096264297674532,0.01694353061951402,-10.220000000000027,1
2025-10-15,248.64,251.11,246.77,248.79,33893600,0.006354474440441953,250.52285714285713,246.301,224.19455555555558,-0.15000000000000568,4.340000000000003,247.07,244.58,255.97,0.01577412326559881,0.015590529092189801,-7.3300000000000125,1
2025-10-16,246.75,248.34,244.44,247.55,39777000,-0.007601351351351297,249.23571428571427,246.556,224.70677777777777,-0.8000000000000114,3.9000000000000057,248.64,246.96,255.76,0.01575210006249109,0.01566128845724188,-9.009999999999991,0
2025-10-17,251.58,252.67,246.57,247.32,49147000,0.019574468085106433,248.41428571428574,246.975,225.2591111111111,4.260000000000019,6.099999999999994,246.75,247.07,257.33,0.017994834169605643,0.016013060405746356,-5.749999999999972,1
2025-10-20,261.5,263.63,254.91,255.17,90483000,0.03943079736068045,249.58285714285714,247.78466666666665,225.96477777777775,6.3300000000000125,8.719999999999999,251.58,248.64,253.32,0.022955364382342146,0.017309020623086094,8.180000000000007,1
2025-10-21,262.03,264.54,261.09,261.14,46695900,0.0020267686424473145,252.07571428571424,248.7293333333333,226.67166666666668,0.8899999999999864,3.4500000000000455,261.5,246.75,244.58,0.015469725026337602,0.016966736216540244,17.44999999999996,1
2025-10-22,257.72,262.11,254.71,261.91,45015300,-0.0164484982635574,253.61285714285714,249.78166666666667,227.36111111111111,-4.189999999999998,7.400000000000006,262.03,251.58,246.96,0.018426105413830603,0.016021662329259816,10.76000000000002,0
2025-10-23,258.85,259.88,257.28,259.21,32754900,0.004384603445599857,255.29571428571427,250.764,228.04122222222222,-0.3599999999999568,2.6000000000000227,257.72,261.5,247.07,0.01827868446208793,0.015914573687037695,11.78000000000003,1
2025-10-24,262.08,263.38,258.45,260.45,38253700,0.01247826926791563,257.2157142857143,251.71966666666668,228.78799999999998,1.6299999999999955,4.930000000000007,258.85,262.03,248.64,0.01839898842016682,0.01579332711270003,13.439999999999998,1
2025-10-27,268.05,268.36,263.9,264.13,44888200,0.022779304029304136,260.25857142857143,252.787,229.5907777777778,3.920000000000016,4.460000000000036,262.08,257.72,246.75,0.017762379398062002,0.01611351831069257,21.30000000000001,1
2025-10-28,268.24,269.13,267.39,268.23,41534800,0.0007088229807871581,262.6385714285714,253.81233333333333,230.34666666666666,0.009999999999990905,1.740000000000009,268.05,258.85,251.58,0.01785825123558898,0.016123485346811604,16.659999999999997,1
2025-10-29,268.94,270.64,266.36,268.52,51086700,0.002609603340292233,263.70142857142855,254.833,231.10488888888887,0.4200000000000159,4.279999999999973,268.24,262.08,261.5,0.011968357713644177,0.016125675091022206,7.439999999999998,1
2025-10-30,270.63,273.37,267.72,271.22,69886500,0.006283929501003933,264.93,255.947,231.89511111111108,-0.5900000000000318,5.649999999999977,268.94,268.05,262.03,0.01195496899140278,0.01604284583411914,8.600000000000023,1
2025-10-31,269.61,276.54,268.4,276.21,86167100,-0.0037689834829840807,266.62857142857143,256.77366666666666,232.66011111111112,-6.599999999999966,8.140000000000043,270.63,268.24,257.72,0.008750256053071484,0.015237148162417665,11.889999999999986,0
2025-11-03,268.29,270.09,265.5,269.66,50194600,-0.004895960832313316,267.9771428571429,257.2046666666667,233.41655555555556,-1.3700000000000045,4.589999999999975,269.61,268.94,258.85,0.00976751374123092,0.01331696470728529,9.439999999999998,0
2025-11-04,269.28,270.72,266.87,267.57,49274800,0.0036900369003688253,269.0057142857143,257.72366666666665,234.18311111111112,1.7099999999999795,3.8500000000000227,268.29,270.63,262.08,0.009221213458842827,0.013230248366157767,7.199999999999989,1
2025-11-05,269.38,270.93,266.18,267.85,43683100,0.000371360665478397,269.19571428571425,258.3163333333334,234.90555555555557,1.5299999999999727,4.75,269.28,269.61,268.05,0.003982471012085668,0.013089353285133873,1.329999999999984,1
2025-11-06,269.01,272.63,267.13,267.13,51204000,-0.001373524389338498,269.3057142857143,258.745,235.59455555555553,1.8799999999999955,5.5,269.38,268.29,268.24,0.004059950982289329,0.012761364079765402,0.7699999999999818,0
2025-11-07,267.71,271.52,266.02,269.04,48227400,-0.004832534106538833,269.13,259.1773333333333,236.218,-1.330000000000041,5.5,269.01,269.28,268.94,0.004353766801235453,0.01274884147994634,-1.2300000000000182,0
2025-11-10,268.93,273.22,266.96,268.46,41312400,0.004557170072093038,268.88714285714286,259.68466666666666,236.84266666666667,0.4700000000000273,6.260000000000048,267.71,269.38,270.63,0.003923285139773656,0.012711065342865402,-1.6999999999999886,1
2025-11-11,274.74,275.4,269.3,269.31,46208300,0.021604134904993872,269.62,260.379,237.57177777777775,5.430000000000007,6.099999999999966,268.93,269.01,269.61,0.009112651151765913,0.013200142200717961,5.1299999999999955,1
2025-11-12,272.96,275.22,271.2,274.49,48398000,-0.0064788527334935925,270.28714285714284,260.9866666666666,238.2804444444444,-1.5300000000000296,4.020000000000039,274.74,267.71,268.29,0.009350018292463042,0.013305691643990517,4.669999999999959,0
2025-11-13,272.44,276.19,271.59,273.6,49602800,-0.001905041031652923,270.73857142857145,261.52133333333336,238.9707777777778,-1.160000000000025,4.600000000000023,272.96,268.93,269.28,0.009470247584637995,0.01330405873033062,3.160000000000025,0
2025-11-14,271.9,275.45,269.1,270.55,47431300,-0.0019820877991485117,271.09857142857146,262.0083333333333,239.64111111111112,1.349999999999966,6.349999999999966,272.44,274.74,269.38,0.009566813291849961,0.013322061528692693,2.519999999999982,0
2025-11-17,266.96,269.99,265.24,268.32,45018300,-0.01816844428098565,270.80571428571426,262.37466666666666,240.27033333333333,-1.3600000000000136,4.75,271.9,272.96,269.01,0.01213169562011311,0.013765558534392212,-2.0500000000000114,0
2025-11-18,266.94,270.21,264.83,269.49,45677300,-7.491759065021655e-05,270.69571428571425,262.74733333333336,240.92744444444446,-2.5500000000000114,5.3799999999999955,266.96,272.44,267.71,0.012015834573200254,0.013761909617091596,-0.7699999999999818,0
2025-11-19,268.06,271.71,265.01,265.04,40424500,0.004195699408106708,270.57142857142856,263.10499999999996,241.59166666666667,3.019999999999982,6.699999999999989,266.94,271.9,268.93,0.011991985411482487,0.013743977864009344,-0.8700000000000045,1
2025-11-20,265.76,274.92,265.43,270.33,45823600,-0.008580168618965945,269.2885714285714,263.5196666666667,242.21866666666668,-4.569999999999993,9.490000000000009,268.06,266.96,274.74,0.007249614441116597,0.013501982202946973,-8.980000000000018,0
2025-11-21,270.99,272.82,265.18,265.46,59030800,0.0196794099939796,269.00714285714287,264.4,242.90533333333332,5.53000000000003,7.639999999999986,265.76,266.94,272.96,0.011615243110771339,0.012038776318810571,-1.9699999999999704,1
2025-11-24,275.41,276.49,270.4,270.4,65585800,0.01631056496549694,269.43142857142857,265.3483333333333,243.62822222222218,5.010000000000048,6.090000000000032,270.99,268.06,272.44,0.01329199468121807,0.012214977356995192,2.9700000000000273,1
2025-11-25,276.46,279.86,274.74,274.76,46914200,0.0038124977306559474,270.0828571428571,266.32800000000003,244.34844444444445,1.6999999999999886,5.1200000000000045,275.41,265.76,271.9,0.013210044680843594,0.012199382202583329,4.560000000000002,1
2025-11-26,277.04,279.01,276.12,276.45,33431400,0.002097952687549884,271.52285714285716,267.27466666666663,245.05388888888888,0.5900000000000318,2.8899999999999864,276.46,270.99,266.96,0.009688631027233828,0.012193696759229376,10.080000000000041,1
2025-11-28,278.33,278.48,275.48,276.75,20135600,0.0046563673115794235,273.15,268.32733333333334,245.77644444444445,1.579999999999984,3.0,277.04,275.41,266.94,0.00940817969717109,0.012006474561428076,11.389999999999986,1
2025-12-01,282.58,282.89,275.63,277.49,46587700,0.015269643947831712,275.2242857142857,269.36066666666665,246.55044444444442,5.089999999999975,7.259999999999991,278.33,276.46,268.06,0.009964016495202854,0.011839614608923741,14.519999999999982,1
2025-12-02,285.66,286.87,282.11,282.48,53669500,0.01089956826385463,278.06714285714287,270.166,247.35744444444447,3.180000000000007,4.759999999999991,282.58,277.04,265.76,0.006955967925467627,0.009873815642414246,19.900000000000034,1
2025-12-03,283.62,288.08,282.77,285.67,43538700,-0.007141356857803053,279.87142857142857,270.8856666666667,248.1398888888889,-2.0500000000000114,5.310000000000002,285.66,278.33,270.99,0.008251998429937839,0.010045269804940164,12.629999999999995,0
2025-12-04,280.18,284.2,278.07,283.57,43989100,-0.012128904872717007,280.55285714285714,271.6343333333333,248.9147777777778,-3.3899999999999864,6.1299999999999955,283.62,282.58,275.41,0.009549094357780218,0.00978915774996525,4.769999999999982,0
2025-12-05,278.26,280.62,277.53,280.02,47265800,-0.006852737525876279,280.81,272.2813333333333,249.69299999999998,-1.759999999999991,3.090000000000032,280.18,285.66,276.46,0.010136636109112657,0.009941637476733762,1.8000000000000114,0
2025-12-08,277.37,279.15,275.64,277.61,38211800,-0.0031984474951483734,280.85714285714283,272.791,250.47766666666664,-0.2400000000000091,3.509999999999991,278.26,283.62,277.04,0.01023572630652668,0.009808037879587832,0.3299999999999841,0
2025-12-09,276.67,279.51,276.41,277.64,32193300,-0.002523704798644369,280.62,273.0783333333333,251.312,-0.9699999999999704,3.099999999999966,277.37,280.18,278.33,0.010074958750408558,0.009009464327628804,-1.6599999999999682,0
2025-12-10,278.26,279.23,275.93,277.23,33038300,0.005746918711822658,280.0028571428572,273.4123333333333,252.15322222222218,1.0299999999999727,3.3000000000000114,276.67,278.26,282.58,0.007963418687041745,0.009048892296289223,-4.319999999999993,1
2025-12-11,277.51,279.07,273.3,278.58,33248000,-0.002695320922877884,278.83857142857147,273.69800000000004,252.9908888888889,-1.0699999999999932,5.769999999999982,278.26,277.37,285.66,0.005530550205545012,0.009073462954190963,-8.150000000000034,0
2025-12-12,277.76,278.7,276.31,277.38,39532900,0.0009008684371734352,278.00142857142856,273.93566666666663,253.71699999999998,0.37999999999999545,2.3899999999999864,277.51,276.67,283.62,0.005631105369106638,0.009020191915070896,-5.860000000000014,1
2025-12-15,273.6,279.63,272.33,279.63,50409100,-0.014976958525345509,277.06142857142856,274.0686666666667,254.3218888888889,-6.029999999999973,7.300000000000011,277.76,278.26,280.18,0.006447354703039788,0.00944272386870128,-6.579999999999984,0
2025-12-16,274.1,274.99,271.29,272.31,37648600,0.001827485380116959,276.4671428571429,274.2623333333333,254.82922222222223,1.7900000000000205,3.6999999999999886,273.6,277.51,278.26,0.006500694899286571,0.009389069716186074,-4.159999999999968,1
2025-12-17,271.34,275.65,271.14,274.5,50138700,-0.010069317767238408,275.60571428571427,274.331,255.327,-3.160000000000025,4.509999999999991,274.1,277.76,277.37,0.007172671381516586,0.009575070029653103,-6.03000000000003,0
2025-12-18,271.69,273.12,266.45,273.1,51630700,0.0012898945971844282,274.89428571428573,274.408,255.80133333333333,-1.410000000000025,6.670000000000016,271.34,273.6,276.67,0.007367075339964272,0.009576780319390885,-4.980000000000018,1
2025-12-19,273.16,274.09,269.4,271.65,144632000,0.0054105782325445445,274.1657142857143,274.54633333333334,256.25122222222217,1.5100000000000477,4.689999999999998,271.69,274.1,278.26,0.007304638135959725,0.00961521514114938,-5.099999999999966,1
2025-12-22,270.47,273.37,270.01,272.35,36571800,-0.009847708302826174,273.15999999999997,274.6383333333333,256.6773333333333,-1.8799999999999955,3.3600000000000136,273.16,271.34,277.51,0.007800940927107056,0.00975469985372134,-7.039999999999964,0
2025-12-23,271.85,271.99,269.06,270.34,29642000,0.005102229452434634,272.3157142857143,274.73566666666665,257.1318888888889,1.5100000000000477,2.930000000000007,270.47,271.69,277.76,0.008350605926200912,0.009763237123178293,-5.909999999999968,1
2025-12-24,273.3,274.92,271.7,271.83,17910600,0.005333823799889603,272.27285714285716,274.6876666666667,257.61033333333336,1.4700000000000273,3.2200000000000273,271.85,273.16,273.6,0.006916153560146993,0.008964299748632096,-0.30000000000001137,1
2025-12-26,272.89,274.86,272.35,273.65,21521800,-0.0015001829491402305,272.1,274.6853333333333,258.08788888888887,-0.7599999999999909,2.509999999999991,273.3,270.47,274.1,0.006872916958432384,0.008888597653755879,-1.2100000000000364,0
2025-12-29,273.25,273.85,271.84,272.18,23715200,0.0013192128696544896,272.3728571428572,274.7123333333333,258.6198888888889,1.0699999999999932,2.0100000000000477,272.89,271.85,271.34,0.005464605504225064,0.008883890057047152,1.910000000000025,1
2025-12-30,272.57,273.57,271.78,272.3,22139600,-0.0024885635864593113,272.49857142857144,274.73466666666667,259.15655555555554,0.2699999999999818,1.7900000000000205,273.25,273.3,271.69,0.005617449150473959,0.008888536121780357,0.8799999999999955,0
2025-12-31,271.36,273.17,271.25,272.55,27293600,-0.0044392266206845195,272.24142857142857,274.8813333333334,259.6481111111111,-1.1899999999999977,1.920000000000016,272.57,272.89,273.16,0.0054048842987464586,0.00824455303619539,-1.8000000000000114,0
2026-01-02,270.51,277.32,268.5,271.76,37838100,-0.0031323702830189514,272.2471428571429,275.00033333333334,260.1368888888889,-1.25,8.819999999999993,271.36,273.25,270.47,0.003961886980078071,0.00827175283806631,0.03999999999996362,0
2026-01-05,266.76,271.01,265.65,270.14,45647200,-0.013862703781745592,271.52,274.95700000000005,260.56022222222225,-3.3799999999999955,5.360000000000014,270.51,272.57,271.85,0.0059160242615106445,0.008640570518277312,-5.090000000000032,0
2026-01-06,261.87,267.05,261.63,266.5,52352100,-0.018331084120557756,269.88714285714286,274.82733333333334,260.9161111111111,-4.6299999999999955,5.420000000000016,266.76,271.36,273.3,0.007195594187659508,0.009138600693591898,-11.430000000000007,0
2026-01-07,259.85,263.19,259.33,262.71,48309800,-0.007713751097872921,268.0242857142857,274.456,261.22666666666663,-2.859999999999957,3.8600000000000136,261.87,270.51,272.89,0.006916892856377956,0.008396232919903313,-13.039999999999964,0
2026-01-08,258.56,258.81,255.23,256.54,50419300,-0.00496440253992696,265.92571428571426,273.89433333333335,261.5274444444445,2.019999999999982,3.5800000000000125,259.85,266.76,273.25,0.0060136695317099375,0.007723416150467219,-14.689999999999998,0
2026-01-09,258.89,259.73,255.74,258.6,39997000,0.0012762995049504335,263.9714285714286,273.3086666666667,261.8587777777778,0.2899999999999636,3.990000000000009,258.56,261.87,272.57,0.006701809859839984,0.0076704678348831065,-13.680000000000007,1
2026-01-12,259.77,260.82,256.32,258.68,45263800,0.0033991270423731914,262.3157142857143,272.733,262.10288888888886,1.089999999999975,4.5,258.89,259.85,271.36,0.007822470821596069,0.007698987761833586,-11.590000000000032,1
2026-01-13,260.57,261.32,257.91,258.24,45730800,0.003079647380374991,260.8957142857143,272.141,262.34144444444445,2.329999999999984,3.409999999999968,259.77,258.56,270.51,0.008546040462119108,0.007656436660553939,-9.939999999999998,1
2026-01-14,259.48,261.33,256.23,259.01,40019400,-0.0041831369689525845,259.8557142857143,271.371,262.5688888888889,0.4700000000000273,5.099999999999966,260.57,258.89,266.76,0.0076680953987780945,0.0069168019846902965,-7.279999999999973,0
2026-01-15,257.73,260.56,256.57,260.17,39388600,-0.006744257746261754,259.2642857142857,270.44,262.7968888888889,-2.4399999999999977,3.990000000000009,259.48,259.77,261.87,0.004724176330657586,0.00644440006150845,-4.139999999999986,0
2026-01-16,255.06,258.42,254.46,257.42,72142800,-0.010359678733558437,258.58000000000004,269.488,263.03433333333334,-2.3600000000000136,3.960000000000008,257.73,260.57,259.85,0.005303226615929064,0.006534917916909256,-4.7900000000000205,0
2026-01-20,246.24,254.32,242.97,252.26,80267500,-0.03458009880028226,256.82,268.3566666666667,263.25755555555554,-6.019999999999982,11.349999999999994,255.06,259.48,258.56,0.01327952720239659,0.008535268791940461,-12.319999999999993,0
2026-01-21,247.19,251.09,244.73,248.24,54641700,0.0038580246913579785,255.14857142857142,267.321,263.4554444444445,-1.0500000000000114,6.360000000000014,246.24,257.73,258.89,0.013576127875562059,0.008646333868794607,-11.699999999999989,1
2026-01-22,247.89,250.53,247.69,248.74,39708300,0.0028318297665762718,253.45142857142858,266.33833333333337,263.61633333333333,-0.8500000000000227,2.8400000000000034,247.19,255.06,259.77,0.013508681905562668,0.008732921585621051,-11.879999999999995,1
2026-01-23,247.58,248.95,244.23,246.86,41689000,-0.0012505546815118555,251.5957142857143,265.3686666666667,263.74466666666666,0.7199999999999989,4.719999999999999,247.89,246.24,260.57,0.013084824866477282,0.008741929963546472,-12.98999999999998,0
2026-01-26,254.94,256.08,249.34,251.01,55969200,0.029727764762904858,250.94714285714286,264.59133333333335,263.9386666666667,3.930000000000007,6.739999999999981,247.58,247.19,259.48,0.019225962416294113,0.010542596104904947,-4.5400000000000205,1
2026-01-27,257.79,261.46,257.73,258.69,49648300,0.011179100964933015,250.9557142857143,263.93399999999997,264.15500000000003,-0.8999999999999773,3.7299999999999613,254.94,247.89,257.73,0.019731545863677414,0.010849884907338082,0.060000000000002274,1
2026-01-28,255.96,258.38,254.04,257.17,41288000,-0.007098801349936042,251.0842857142857,263.20733333333334,264.36333333333334,-1.210000000000008,4.340000000000003,257.79,247.58,255.06,0.019477525945608927,0.01086433412468876,0.9000000000000057,0
2026-01-29,257.8,259.17,253.94,257.52,67253000,0.00718862322237851,252.7357142857143,262.6806666666667,264.50766666666664,0.28000000000002956,5.230000000000018,255.96,254.94,246.24,0.011741706952048056,0.010751181171712306,11.560000000000002,1
2026-01-30,259.0,261.41,251.71,254.7,92443400,0.004654771140418885,254.42285714285714,262.1773333333333,264.5481111111111,4.300000000000011,9.700000000000017,257.8,257.79,247.19,0.011714145100358057,0.01079749862577246,11.810000000000002,1
2026-02-02,269.51,269.99,258.73,259.55,73913400,0.04057915057915054,257.51142857142855,262.11633333333333,264.7236666666667,9.95999999999998,11.259999999999991,259.0,255.96,247.89,0.017073475027603403,0.013164980264637614,21.620000000000005,1
2026-02-03,268.98,271.38,267.11,268.7,64394700,-0.001966531854105498,260.56857142857143,262.026,264.9167777777778,0.28000000000002956,4.269999999999982,269.51,257.8,247.58,0.017168941739164428,0.013166189947214395,21.400000000000006,0
2026-02-04,275.98,278.43,271.79,271.79,90545700,0.026024239720425307,263.57428571428574,262.12,265.1371111111111,4.189999999999998,6.639999999999986,268.98,259.0,254.94,0.01657991259498099,0.013984312674858664,21.04000000000002,1
2026-02-05,275.4,278.98,272.72,277.61,52977400,-0.0021016015653309694,266.09000000000003,262.28433333333334,265.3666666666667,-2.2100000000000364,6.259999999999991,275.98,269.51,257.79,0.017365169360098746,0.013858830309387747,17.609999999999957,0
2026-02-06,277.6,280.39,276.42,276.61,50453400,0.007988380537400312,269.18142857142857,262.476,265.6321111111111,0.9900000000000091,3.9699999999999704,275.4,268.98,255.96,0.015812338061176573,0.013900437521828998,21.640000000000015,1
2026-02-09,274.37,277.94,271.45,277.65,44623400,-0.011635446685879028,271.5485714285714,262.51166666666666,265.8594444444444,-3.2799999999999727,6.490000000000009,277.6,275.98,257.8,0.018148745594466487,0.014053611222701072,16.569999999999993,0
2026-02-10,273.43,275.12,272.69,274.64,34376900,-0.0034260305426978086,273.61,262.5296666666667,266.0672222222222,-1.2099999999999795,2.430000000000007,274.37,275.4,259.0,0.01872481478478628,0.014066156849480921,14.430000000000007,0
2026-02-11,275.25,279.92,274.2,274.45,51931300,0.006656182569579026,274.43,262.59633333333335,266.2766666666667,0.8000000000000114,5.720000000000027,273.43,277.6,269.51,0.01207275609855268,0.014114975565248763,5.740000000000009,1
2026-02-12,261.49,275.47,259.94,275.34,81077200,-0.049990917347865545,273.36,262.22700000000003,266.3233333333334,-13.849999999999966,15.53000000000003,275.25,274.37,268.98,0.023578947326614308,0.016843720870828607,-7.490000000000009,0
2026-02-13,255.54,261.99,255.21,261.77,56290700,-0.022754216222417748,270.44,261.69966666666664,266.3185555555555,-6.22999999999999,6.780000000000001,261.49,273.43,275.98,0.02027836372237551,0.017289516830297245,-20.440000000000026,0
2026-02-17,263.64,266.04,255.3,257.81,58469100,0.031697581591922964,268.76000000000005,261.4706666666667,266.40611111111116,5.829999999999984,10.740000000000009,255.54,275.25,275.4,0.025920418536639005,0.018338396297587337,-11.759999999999991,1
2026-02-18,264.11,266.57,262.21,263.36,34203300,0.0017827340312548449,266.83285714285716,261.38233333333335,266.48144444444443,0.75,4.360000000000014,263.64,261.49,277.6,0.025467472162684104,0.018172705290807323,-13.490000000000009,1
2026-02-19,260.34,264.24,259.81,262.36,30845300,-0.014274355382227247,264.8285714285714,261.33133333333336,266.5594444444444,-2.0200000000000387,4.430000000000007,264.11,255.54,274.37,0.02557013093642711,0.018047589814119445,-14.03000000000003,0
2026-02-20,264.34,264.51,257.92,258.73,42070500,0.015364523315664133,263.53000000000003,261.481,266.779,5.609999999999957,6.589999999999975,260.34,263.64,273.43,0.026978310119915524,0.01820030900039252,-9.090000000000032,1
2026-02-23,265.93,269.18,263.14,263.25,37308200,0.0060149807066657785,262.1985714285714,261.7266666666667,266.98977777777776,2.680000000000007,6.0400000000000205,264.34,264.11,275.25,0.026935161634893155,0.018192202136332873,-9.319999999999993,1
2026-02-24,271.89,274.64,267.46,267.61,47014600,0.022411912909412173,263.6842857142857,262.16,267.2655555555555,4.279999999999973,7.180000000000007,265.93,260.34,261.49,0.01946197124799085,0.018603943516421396,10.399999999999977,1
2026-02-25,273.98,274.69,270.8,271.53,33714300,0.00768693221523422,266.31857142857143,262.63366666666667,267.54711111111106,2.4500000000000455,3.8899999999999864,271.89,264.34,255.54,0.014897149016584137,0.018633081246563238,18.440000000000026,1
2026-02-26,272.7,275.86,270.55,274.7,32345100,-0.004671873859405903,267.61285714285714,263.038,267.8354444444444,-2.0,5.310000000000002,273.98,265.93,263.64,0.01220776736497281,0.01867051711186181,9.060000000000002,0
2026-02-27,263.94,272.56,262.65,272.56,72366500,-0.03212321232123209,267.5885714285714,263.18666666666667,267.9727777777778,-8.620000000000005,9.910000000000025,272.7,271.89,264.11,0.018668564696853532,0.019644870340858822,-0.17000000000001592,0
2026-03-02,264.48,266.28,259.96,262.17,41827900,0.0020459195271653424,268.18,263.4116666666667,268.00588888888893,2.3100000000000023,6.319999999999993,263.94,273.98,260.34,0.01756684142663012,0.019594640187047534,4.140000000000043,1
2026-03-03,263.51,265.32,259.89,263.24,38568900,-0.0036675741076831036,268.06142857142856,263.6933333333333,268.02233333333334,0.2699999999999818,5.430000000000007,264.48,272.7,264.34,0.016674177594699736,0.019498141263148763,-0.8299999999999841,0
2026-03-04,262.28,265.91,261.18,264.41,39803100,-0.004667754544419636,267.54,264.228,268.07300000000004,-2.1300000000000523,4.730000000000018,263.51,263.94,265.93,0.016484564366583174,0.018331476316892036,-3.650000000000034,0
2026-03-05,260.05,261.32,257.01,260.55,49658600,-0.008502363885923294,265.84857142857146,264.65666666666664,268.08633333333336,-0.5,4.310000000000002,262.28,264.48,271.89,0.012577866236615567,0.018433147813465486,-11.839999999999975,0
2026-03-06,257.22,258.53,254.14,258.39,41120000,-0.010882522591809206,263.4542857142857,264.9676666666667,268.0323333333333,-1.169999999999959,4.389999999999986,260.05,263.51,273.98,0.011002896508766442,0.018577625460402366,-16.75999999999999,0
2026-03-09,259.64,260.91,253.45,255.45,38218500,0.009408288624523593,261.58857142857147,265.36966666666666,267.93888888888887,4.189999999999998,7.460000000000036,257.22,262.28,272.7,0.0130131895259831,0.01862705195115395,-13.060000000000002,1
2026-03-10,260.59,262.24,256.71,257.41,30590800,0.0036589123401632594,261.11,265.55800000000005,267.8538888888889,3.17999999999995,5.53000000000003,259.64,260.05,263.94,0.007180323752123754,0.017869775743272736,-3.3500000000000227,1
2026-03-11,260.57,261.89,259.31,260.85,26218900,-7.674891592149282e-05,260.5514285714286,265.65066666666667,267.7608888888889,-0.28000000000002956,2.579999999999984,260.59,257.22,264.48,0.007034117039998946,0.01776405976548917,-3.910000000000025,0
2026-03-12,255.52,258.71,253.95,258.42,40794000,-0.01938058870936786,259.41,265.636,267.59299999999996,-2.9000000000000057,4.759999999999991,260.57,259.64,263.51,0.009640447709851598,0.01808411889181827,-7.989999999999981,0
2026-03-13,249.89,256.09,249.29,255.24,36930000,-0.02203350031308713,257.64,265.37233333333336,267.3738888888889,-5.350000000000023,6.799999999999983,255.52,260.59,262.28,0.011741586622428388,0.018472052337451528,-12.389999999999986,0
2026-03-16,252.59,253.66,249.65,251.88,32074200,0.010804754091800461,256.57428571428574,265.15866666666665,267.19944444444445,0.710000000000008,4.009999999999991,249.89,260.57,260.05,0.01342954844938325,0.01856937964529672,-7.460000000000008,1
2026-03-17,254.0,254.9,251.95,252.73,32361600,0.005582168731937118,256.11428571428576,264.64166666666665,267.0296666666667,1.2700000000000102,2.950000000000017,252.59,255.52,257.22,0.013479599400809273,0.016914354676467423,-3.2200000000000273,1
2026-03-18,249.71,254.71,248.77,252.4,35757900,-0.016889763779527528,254.69571428571427,263.99933333333337,266.81111111111113,-2.6899999999999977,5.939999999999998,254.0,249.89,259.64,0.013525944154038919,0.017136363605578908,-9.929999999999978,0
2026-03-19,248.73,251.6,247.07,249.17,34864100,-0.003924552480877891,253.00142857142856,263.091,266.58577777777776,-0.4399999999999977,4.530000000000001,249.71,252.59,260.59,0.012964347268031183,0.016278369444081557,-11.859999999999985,0
2026-03-20,247.76,248.97,245.77,247.75,88331100,-0.0038998110400836204,251.17142857142858,262.16966666666667,266.36411111111113,0.009999999999990905,3.1999999999999886,248.73,254.0,260.57,0.012724018109297106,0.016277000917698896,-12.810000000000002,0
2026-03-23,251.26,254.37,250.05,253.74,40546100,0.014126574103971586,250.56285714285713,261.2916666666667,266.1677777777778,-2.480000000000018,4.319999999999993,247.76,249.71,255.52,0.013608598619047129,0.0164624840835999,-4.260000000000019,1
2026-03-24,251.41,254.6,249.32,250.12,45152300,0.0005969911645307876,250.78,260.52633333333335,265.90855555555555,1.289999999999992,5.280000000000001,251.26,248.73,249.89,0.01047099005222058,0.0163973312656266,1.5200000000000102,1
2026-03-25,252.39,254.77,251.37,253.87,28476700,0.003898015194304084,250.75142857142853,259.825,265.68,-1.4800000000000182,3.4000000000000057,251.41,247.76,252.59,0.00967909406199301,0.016441806156041912,-0.20000000000001705,1
2026-03-26,252.66,256.76,250.54,251.89,41796700,0.0010697729704029885,250.55999999999997,259.072,265.4602222222222,0.7700000000000102,6.219999999999999,252.39,251.26,254.0,0.009385504365068032,0.016365597204654133,-1.3400000000000034,1
2026-03-27,248.57,255.25,247.84,253.67,47900000,-0.01618776221008471,250.39714285714285,258.6413333333333,265.201,-5.099999999999994,7.409999999999997,252.66,251.41,249.71,0.009185520346885486,0.013989996065934717,-1.1400000000000148,0
2026-03-30,246.4,250.64,245.28,249.84,39446200,-0.008729935229512762,250.06428571428572,258.33666666666664,264.9725555555556,-3.4399999999999977,5.359999999999985,248.57,252.39,248.73,0.0096421061911752,0.013483654509506138,-2.329999999999984,0
2026-03-31,253.56,255.24,246.87,247.68,49598100,0.029058441558441544,250.89285714285714,258.00066666666663,264.82388888888886,5.8799999999999955,8.370000000000005,246.4,252.66,247.76,0.014819837272964681,0.013269024319851712,5.800000000000011,1
2026-04-01,255.39,255.94,253.1,253.85,40059400,0.0072172266919071784,251.48285714285717,257.71,264.68311111111115,1.539999999999992,2.8400000000000034,253.56,248.57,251.26,0.014203994645506434,0.013348197809063897,4.1299999999999955,1
2026-04-02,255.68,255.89,250.42,253.97,31289400,0.001135518227025414,252.09285714285713,257.55466666666666,264.57111111111107,1.710000000000008,5.469999999999999,255.39,246.4,251.41,0.014193945537307653,0.01311551718170394,4.27000000000001,1
2026-04-06,258.62,261.92,256.22,256.27,29329900,0.011498748435544421,252.98285714285717,257.364,264.4336666666667,2.3500000000000227,5.699999999999989,255.68,253.56,252.39,0.014604009937291485,0.012972294221333574,6.230000000000018,1
2026-04-07,253.27,255.96,245.47,255.92,62148000,-0.020686721831258196,253.07,256.942,264.1876666666667,-2.6499999999999773,10.490000000000009,258.62,255.39,252.66,0.01729463770299387,0.013408118667805015,0.6100000000000136,0
2026-04-08,258.66,259.51,256.29,258.21,41032800,0.02128163619852337,254.51142857142858,256.501,263.9898888888889,0.4500000000000455,3.2199999999999704,253.27,255.68,248.57,0.017076001185805857,0.013339916495426068,10.090000000000032,1
2026-04-09,260.25,260.88,255.83,258.76,28121600,0.006147065646021708,256.49,256.04333333333335,263.80333333333334,1.490000000000009,5.049999999999983,258.66,258.62,246.4,0.01584392087296011,0.013305968546167325,13.849999999999994,1
2026-04-10,260.24,261.95,258.78,259.74,31291500,-3.842459173867783e-05,257.44428571428574,255.62800000000001,263.6023333333333,0.5,3.170000000000016,260.25,253.27,253.56,0.01293249596242868,0.01329628819782901,6.680000000000007,0
2026-04-13,258.96,259.94,256.42,259.49,36234700,-0.004918536735321355,257.95428571428573,255.462,263.3398888888889,-0.5300000000000296,3.519999999999982,260.24,258.66,255.39,0.013207553123436952,0.011998076402576488,3.569999999999993,0
2026-04-14,258.59,261.69,256.95,259.01,48370700,-0.0014287920914427116,258.37,255.26566666666665,263.0391111111111,-0.4200000000000159,4.740000000000009,258.96,260.25,255.68,0.013272866138901334,0.011988768527542031,2.909999999999968,0
2026-04-15,266.18,266.31,257.57,257.92,49913500,0.02935148304265452,259.45,255.35466666666667,262.8453333333333,8.259999999999991,8.740000000000009,258.59,260.24,258.62,0.01673470003596219,0.01316326884766391,7.560000000000002,1
2026-04-16,263.16,266.91,261.03,266.55,43323100,-0.011345705913291688,260.86285714285714,255.384,262.6562222222222,-3.3899999999999864,5.880000000000052,266.18,258.96,253.27,0.014659098348614601,0.013307934398579111,9.890000000000015,0
2026-04-17,269.98,272.05,266.47,266.71,61436200,0.025915792673658584,262.48,255.71500000000003,262.56422222222227,3.2700000000000387,5.579999999999984,263.16,258.59,258.66,0.015563231687824856,0.013997811538079564,11.319999999999993,1
2026-04-20,272.8,274.03,270.04,270.08,36590200,0.010445218164308441,264.27285714285716,256.2343333333333,262.5134444444445,2.7200000000000273,3.9899999999999523,269.98,266.18,260.25,0.015643516270721143,0.013896655017768116,12.550000000000011,1
2026-04-21,265.93,272.55,265.16,271.25,50209800,-0.02518328445747802,265.0857142857143,256.444,262.3941111111111,-5.319999999999993,7.389999999999986,272.8,263.16,260.24,0.01981959494243704,0.014678596053807516,5.689999999999998,0
2026-04-22,272.92,273.49,266.62,267.57,43249200,0.02628511262362279,267.08,256.85499999999996,262.3347777777778,5.350000000000023,6.8700000000000045,265.93,269.98,258.96,0.021138140162622943,0.01538920912696889,13.960000000000036,1
2026-04-23,273.18,275.52,271.4,274.8,33399600,0.0009526601201817049,269.1642857142857,257.2753333333333,262.28666666666663,-1.6200000000000045,4.1200000000000045,272.92,272.8,258.59,0.020984963829068743,0.01538635893984683,14.590000000000032,1
2026-04-24,270.81,272.81,269.4,272.51,38157100,-0.008675598506479261,269.8257142857143,257.785,262.20944444444444,-1.6999999999999886,3.410000000000025,273.18,265.93,266.18,0.019418201374378132,0.015000118505940442,4.6299999999999955,0
2026-04-27,267.36,268.11,264.83,265.85,41466800,-0.012739559100476307,270.42571428571426,258.36733333333336,262.14011111111114,1.509999999999991,3.2800000000000296,270.81,272.92,263.16,0.019591743234632933,0.014575589568004914,4.199999999999989,0
2026-04-28,270.46,272.98,268.41,272.09,40018900,0.011594853381208728,270.4942857142857,258.963,262.0996666666667,-1.6299999999999955,4.569999999999993,267.36,273.18,269.98,0.01734979589932927,0.014592084112688529,0.47999999999996135,1
2026-04-29,269.92,270.79,266.79,267.3,30047900,-0.0019965983879315376,270.0828571428571,259.4936666666667,262.0838888888889,2.6200000000000045,4.0,270.46,270.81,272.8,0.016774916624996673,0.014600401233576803,-2.8799999999999955,0
2026-04-30,271.1,275.75,267.89,270.25,91848200,0.004371665678719646,270.8214285714286,260.20666666666665,262.07733333333334,0.8500000000000227,7.860000000000014,269.92,267.36,265.93,0.013108216742899506,0.014154495480940098,5.170000000000016,1
2026-05-01,279.88,286.96,278.11,278.6,79915400,0.03238657322021384,271.8157142857143,261.245,262.152,1.2799999999999727,8.849999999999966,271.1,270.46,272.92,0.014995071268501728,0.01507847747993318,6.9599999999999795,1
2026-05-04,276.58,280.37,274.61,279.4,46668400,-0.011790767471773659,272.3014285714286,262.2056666666667,262.2198888888889,-2.819999999999993,5.759999999999991,279.88,269.92,273.18,0.01611576783493595,0.015289291083723504,3.3999999999999773,0
2026-05-05,283.92,284.31,276.25,276.68,49311700,0.02653843372622761,274.1742857142857,263.2943333333333,262.354,7.240000000000009,8.060000000000002,276.58,271.1,270.81,0.017691210404586547,0.015740015619881056,13.110000000000014,1
2026-05-06,287.25,287.76,280.81,281.66,58336100,0.011728655959425134,277.0157142857143,264.489,262.50899999999996,5.589999999999975,6.949999999999989,283.92,279.88,267.36,0.015435337809657694,0.015783279810969608,19.889999999999986,1
2026-05-07,287.18,291.86,285.52,289.0,45224300,-0.0002436901653611599,279.4042857142857,265.64866666666666,262.66777777777776,-1.8199999999999932,6.340000000000032,287.25,276.58,270.46,0.015924026900941145,0.01580747228662983,16.720000000000027,0
2026-05-08,293.05,294.49,289.73,289.74,52692800,0.020440142071174887,282.7085714285714,266.995,262.8877777777778,3.3100000000000023,4.759999999999991,287.18,283.92,269.92,0.015664938820332822,0.016058931515068976,23.129999999999995,1
2026-05-11,292.68,293.88,290.23,291.98,42247300,-0.0012625831769322797,285.7914285714286,268.4653333333333,263.1112222222222,0.6999999999999886,3.6499999999999773,293.05,287.25,271.1,0.016251131062226854,0.015602045086746013,21.579999999999984,0
2026-05-12,294.8,295.27,292.56,292.56,45748100,0.007243405767391023,287.92285714285714,270.07866666666666,263.37166666666667,2.240000000000009,2.7099999999999795,292.68,287.18,279.88,0.013271112413024972,0.015367761980895121,14.920000000000016,1
2026-05-13,298.87,300.92,293.5,293.5,52684300,0.013805970149253707,291.1071428571429,271.589,263.6867777777778,5.3700000000000045,7.420000000000016,294.8,293.05,276.58,0.010244053512507185,0.01482507150091973,22.29000000000002,1
2026-05-14,298.21,300.45,295.38,299.82,35324900,-0.0022083179977917654,293.1485714285714,273.0163333333333,264.0362222222222,-1.6100000000000136,5.069999999999993,298.87,292.68,283.92,0.008707049849707226,0.014889375334559465,14.289999999999964,0
2026-05-15,300.23,303.2,296.52,297.9,54862800,0.0067737500419169,295.0028571428571,274.5013333333334,264.46244444444443,2.330000000000041,6.680000000000007,298.21,294.8,287.25,0.008463381130659163,0.014870741383137515,12.980000000000018,1
2026-05-18,297.84,300.66,294.91,300.24,34483000,-0.007960563567931397,296.5257142857143,275.8086666666667,264.88455555555555,-2.400000000000034,5.75,300.23,298.87,287.18,0.009855614329641936,0.015022542342058822,10.659999999999968,0
2026-05-19,298.97,300.51,296.35,296.97,42243600,0.003793983346763539,297.37142857142857,277.33200000000005,265.33355555555556,2.0,4.159999999999968,297.84,298.21,293.05,0.007245486968751756,0.014233048577322232,5.920000000000016,1
2026-05-20,302.25,302.8,298.08,298.18,38229800,0.010971000434826144,298.73857142857145,278.785,265.81533333333334,4.069999999999993,4.720000000000027,298.97,300.23,292.68,0.007547803922528827,0.013964325980653622,9.569999999999993,1
2026-05-21,304.99,305.54,300.4,301.06,42965100,0.009065343258891675,300.19428571428574,280.27633333333335,266.31777777777774,3.930000000000007,5.140000000000043,302.25,297.84,294.8,0.0076830921796482285,0.013980596271712295,10.189999999999998,1
2026-05-22,308.82,311.4,305.84,306.12,43670200,0.012557788779959946,301.61571428571426,281.89566666666667,266.8538888888889,2.6999999999999886,5.560000000000002,304.99,298.97,298.87,0.0074527546406943255,0.014000900901147712,9.949999999999989,1
2026-05-26,308.33,311.82,307.67,309.56,48000500,-0.00158668480020727,303.06142857142856,283.54133333333334,267.39666666666665,-1.2300000000000182,4.149999999999977,308.82,302.25,298.21,0.007359655106907742,0.01392583022909232,10.120000000000005,0
2026-05-27,310.85,313.26,308.3,308.33,50430900,0.008173061330392887,304.57857142857137,285.28333333333336,267.98688888888887,2.5200000000000387,4.9599999999999795,308.33,304.99,300.23,0.007440692447189068,0.01386113918931159,10.620000000000005,1
2026-05-28,312.51,312.8,309.57,310.68,48220400,0.005340196236126646,306.6742857142857,286.82766666666674,268.62522222222225,1.829999999999984,3.230000000000018,310.85,308.82,297.84,0.004813126674465908,0.013156325029789192,14.670000000000016,1
2026-05-29,312.06,315.0,309.53,311.78,70026800,-0.0014399539214744765,308.5442857142857,288.4576666666666,269.35655555555553,0.28000000000002956,5.470000000000027,312.51,308.33,298.97,0.005701069270712609,0.012840876495112027,13.089999999999975,0
2026-06-01,306.31,310.94,305.02,309.63,48849900,-0.018425943728770107,309.1242857142857,289.66866666666664,270.0134444444444,-3.319999999999993,5.920000000000016,312.06,310.85,302.25,0.01042874282821527,0.012993878741839769,4.060000000000002,0
2026-06-02,315.2,315.45,306.69,307.46,44534700,0.029022885312265306,310.5828571428571,291.08200000000005,270.7613333333333,7.740000000000009,8.759999999999991,306.31,312.51,304.99,0.014593216459700652,0.013719348688047152,10.20999999999998,1
2026-06-03,310.26,316.94,308.85,314.18,50836700,-0.015672588832487303,310.7885714285714,292.5596666666667,271.4577777777777,-3.920000000000016,8.089999999999975,315.2,312.06,308.82,0.015933185071162582,0.013095498500853283,1.4399999999999977,0
2026-06-04,311.23,313.54,309.65,313.23,44869100,0.0031264101076517352,311.20285714285717,293.8366666666667,272.0832222222222,-2.0,3.890000000000043,310.26,306.31,308.33,0.015916424748908715,0.012479943033997593,2.900000000000034,1
2026-06-05,307.34,315.17,307.15,312.86,65310500,-0.012498795103299949,310.70142857142855,294.97533333333337,272.63377777777777,-5.520000000000039,8.020000000000039,311.23,315.2,310.85,0.016371545951897586,0.012846660025628575,-3.5100000000000477,0
2026-06-08,301.54,317.4,301.17,308.74,77949100,-0.01887160799114972,309.13428571428574,295.99966666666666,273.14022222222223,-7.199999999999989,16.22999999999996,307.34,310.26,312.51,0.017219535860581902,0.013320106496838758,-10.96999999999997,0
2026-06-09,290.55,300.75,287.78,300.28,70108800,-0.03644624262121114,306.06142857142856,296.7726666666667,273.5041111111111,-9.729999999999961,12.970000000000027,301.54,311.23,312.06,0.02074692080032075,0.014933015125080714,-21.50999999999999,0
2026-06-10,291.58,294.75,287.38,290.74,52793300,0.003545000860437008,303.95714285714286,297.4766666666667,273.86611111111114,0.839999999999975,7.3700000000000045,290.55,307.34,306.31,0.0209151016536174,0.014843152933757346,-14.730000000000018,1
2026-06-11,295.63,297.0,289.59,293.72,42572500,0.01388984155291862,301.1614285714286,298.33366666666666,274.15633333333335,1.9099999999999682,7.410000000000025,291.58,301.54,315.2,0.017009217409586462,0.014955874597314137,-19.569999999999993,1
2026-06-12,291.13,297.14,289.62,296.03,38742100,-0.015221729865033996,298.42857142857144,299.0013333333334,274.4024444444444,-4.899999999999977,7.519999999999982,295.63,290.55,310.26,0.016980523283366643,0.015323774741298177,-19.129999999999995,0
2026-06-15,296.42,297.78,291.7,294.12,45732600,0.018170576718304608,296.3128571428571,299.55266666666665,274.62955555555556,2.3000000000000114,6.079999999999984,291.13,291.58,311.23,0.019521951415042326,0.014568662834615914,-14.810000000000002,1
2026-06-16,299.24,300.48,293.97,295.25,39874400,0.009513528102017384,295.1557142857143,300.308,274.89444444444445,3.990000000000009,6.509999999999991,296.42,295.63,307.34,0.020207356501398134,0.014390465998082568,-8.099999999999966,1
2026-06-17,295.95,302.07,294.36,300.85,42745100,-0.010994519449271555,294.35714285714283,300.70899999999995,275.0983333333333,-4.900000000000034,7.7099999999999795,299.24,291.13,301.54,0.01942126381706202,0.013871263312900292,-5.590000000000032,0
2026-06-18,298.01,300.57,295.62,298.11,85962200,0.006960635242439609,295.42285714285714,301.06766666666664,275.361,-0.10000000000002274,4.949999999999989,295.95,296.42,290.55,0.012460898230126595,0.013776752355884502,7.4599999999999795,1
