Date,Close,High,Low,Open,Volume,Daily_Return,MA7,MA30,MA90,Price_Difference,High_Low_Spread,Lag_1,Lag_3,Lag_7,Volatility_7,Volatility_30,Momentum_7,Trend_Label
2021-10-27,310.74,313.56,303.84,303.84,52588700,0.04212220806224429,299.03428571428566,286.977,279.82,6.900000000000034,9.720000000000027,298.18,297.27,295.47,0.016386553059116026,0.015379039829292373,15.269999999999982,1
2021-10-28,311.87,312.37,309.0,311.85,26297900,0.0036364806590718783,301.2485714285714,287.59000000000003,280.45399999999995,0.01999999999998181,3.3700000000000045,310.74,296.28,296.37,0.016362284376455732,0.015381003897464244,15.5,1
2021-10-29,318.86,319.23,311.44,311.66,34766000,0.022413184980921565,304.5728571428572,288.6073333333334,281.1682222222222,7.199999999999989,7.7900000000000205,311.87,298.18,295.59,0.016534960293820986,0.015348931289271683,23.27000000000004,1
2021-11-01,316.7,318.74,313.82,318.61,27073200,-0.006774132848272047,307.12857142857143,289.73133333333334,281.8433333333333,-1.910000000000025,4.920000000000016,318.86,310.74,298.81,0.01784991214563069,0.014908586698188305,17.889999999999986,0
2021-11-02,320.32,320.62,317.31,317.6,26487100,0.011430375749921076,310.4214285714285,290.96,282.57644444444446,2.7199999999999704,3.3100000000000023,316.7,311.87,297.27,0.0168097646576629,0.01496553534300842,23.05000000000001,1
2021-11-03,321.15,322.02,317.93,321.06,21500100,0.0025911588411587916,313.9742857142857,292.0953333333334,283.27933333333334,0.08999999999997499,4.089999999999975,320.32,318.86,296.28,0.01611207599588613,0.014878726600305578,24.870000000000005,1
2021-11-04,323.5,323.59,316.84,320.09,23992200,0.00731745290362766,317.59142857142854,293.2773333333334,283.97977777777777,3.410000000000025,6.75,321.15,316.7,298.18,0.01606625548412687,0.014891686301862377,25.319999999999993,1
2021-11-05,323.13,325.76,321.56,325.49,22570100,-0.001143740340030926,319.3614285714285,294.45366666666666,284.6814444444445,-2.3600000000000136,4.199999999999989,323.5,320.32,310.74,0.00940851893557114,0.014896780171189256,12.389999999999986,0
2021-11-08,324.03,324.66,321.58,324.33,20897000,0.002785256707826501,321.09857142857146,295.82633333333337,285.3856666666667,-0.30000000000001137,3.080000000000041,323.13,321.15,311.87,0.009444143571155488,0.014347284055470597,12.159999999999968,1
2021-11-09,323.03,325.69,321.66,324.14,21307400,-0.0030861339999382776,321.6942857142857,297.50699999999995,286.0142222222222,-1.1100000000000136,4.029999999999973,324.03,323.5,318.86,0.00620215136978517,0.01221146069803575,4.169999999999959,0
2021-11-10,318.08,321.76,317.23,321.7,25500900,-0.015323654149769337,321.89142857142855,299.00699999999995,286.5876666666667,-3.6200000000000045,4.529999999999973,323.03,323.13,316.7,0.008576446580121595,0.012788024147385032,1.3799999999999955,0
2021-11-11,319.64,320.93,317.8,318.51,16849800,0.004904426559356144,321.7942857142857,300.6256666666667,287.15422222222224,1.1299999999999955,3.1299999999999955,318.08,324.03,320.32,0.007496342257850824,0.012568874565441193,-0.6800000000000068,1
2021-11-12,323.77,324.26,320.95,321.08,23831000,0.01292078588411962,322.1685714285714,302.152,287.79344444444445,2.6899999999999977,3.3100000000000023,319.64,323.03,321.15,0.00901786174739729,0.012084604374786227,2.6200000000000045,1
2021-11-15,323.14,324.88,321.18,324.56,16723000,-0.0019458257404947818,322.1171428571428,303.8493333333334,288.4201111111111,-1.420000000000016,3.6999999999999886,323.77,318.08,323.5,0.00864173852301573,0.011147602250782322,-0.36000000000001364,0
2021-11-16,326.45,327.57,322.6,322.77,20886800,0.010243238224918,322.59142857142854,305.47599999999994,289.0902222222222,3.680000000000007,4.96999999999997,323.14,319.64,323.13,0.009452180069545478,0.010859763256735907,3.319999999999993,1
2021-11-17,326.67,329.63,325.59,326.5,19053400,0.0006739163731046938,322.9685714285714,306.9703333333333,289.7236666666667,0.17000000000001592,4.0400000000000205,326.45,323.77,324.03,0.00943799771400952,0.010737547709274072,2.640000000000043,1
2021-11-18,328.74,329.88,324.75,325.77,22463500,0.006336670033979224,323.78428571428566,308.478,290.3638888888889,2.9700000000000273,5.1299999999999955,326.67,323.14,323.03,0.009396991774664003,0.01073904913845408,5.710000000000036,1
2021-11-19,330.52,332.43,329.64,330.06,21963400,0.005414613372269796,325.56142857142856,310.045,291.0396666666667,0.45999999999997954,2.7900000000000205,328.74,326.45,318.08,0.005121189066512386,0.010697518939896946,12.439999999999998,1
2021-11-22,327.36,336.83,327.09,331.97,31031100,-0.009560692242526831,326.6642857142857,311.5266666666667,291.68333333333334,-4.610000000000014,9.740000000000009,330.52,326.67,319.64,0.007682615460224357,0.010955865930199846,7.720000000000027,0
2021-11-23,325.28,326.99,321.32,324.68,30427600,-0.0063538611925709945,326.88,312.9823333333333,292.34366666666665,0.5999999999999659,5.670000000000016,327.36,328.74,323.77,0.007154388557231257,0.011013167755598078,1.509999999999991,0
2021-11-24,325.51,325.75,321.65,323.94,21661300,0.0007070831283817579,327.21857142857147,314.33566666666667,292.982,1.5699999999999932,4.100000000000023,325.28,330.52,323.14,0.00706134525874076,0.010960590159636343,2.3700000000000045,1
2021-11-26,317.58,325.53,316.08,322.08,24217200,-0.024361770759730905,325.95142857142855,315.2183333333333,293.51,-4.5,9.449999999999989,325.51,327.36,326.45,0.010727245848063331,0.011670888727581994,-8.870000000000005,0
2021-11-29,324.27,326.59,322.45,322.65,28563500,0.021065558284526727,325.6085714285714,316.277,294.0617777777778,1.6200000000000045,4.139999999999986,317.58,325.28,326.67,0.014332305254675286,0.012127478508067599,-2.400000000000034,1
2021-11-30,318.46,325.38,316.91,323.01,42885600,-0.01791716779227188,324.14,317.04333333333335,294.5113333333333,-4.550000000000011,8.46999999999997,324.27,325.51,328.74,0.015179668151761309,0.012668945207332409,-10.28000000000003,0
2021-12-01,317.96,326.83,317.3,322.83,33337600,-0.001570055893989826,322.3457142857143,317.763,294.962,-4.8700000000000045,9.529999999999973,318.46,317.58,330.52,0.014644879401071023,0.012691074210729328,-12.560000000000002,0
2021-12-02,317.4,321.25,315.77,318.18,30766000,-0.0017612278273996802,320.92285714285714,318.48999999999995,295.43322222222224,-0.7800000000000296,5.480000000000018,317.96,324.27,327.36,0.014574517965056297,0.012680105397533102,-9.960000000000036,0
2021-12-03,311.15,320.49,306.36,319.8,41779300,-0.019691241335853815,318.9042857142857,318.9013333333333,295.83844444444446,-8.650000000000034,14.129999999999995,317.4,318.46,325.28,0.015713108683415446,0.013197054092256013,-14.129999999999995,0
2021-12-06,314.22,315.43,307.51,312.06,30032600,0.009866623814880444,317.2914285714286,319.46633333333335,296.2747777777778,2.160000000000025,7.920000000000016,311.15,317.96,325.51,0.016734152340876603,0.01322342897600321,-11.289999999999964,1
2021-12-07,322.63,323.47,317.98,319.47,31021900,0.026764687161861013,318.0128571428572,320.3446666666667,296.82144444444447,3.159999999999968,5.490000000000009,314.22,317.4,317.58,0.017942866119401487,0.013932805247137706,5.050000000000011,1
2021-12-08,322.67,323.18,318.66,323.0,24761000,0.00012398103090233538,317.7842857142858,321.161,297.36955555555556,-0.3299999999999841,4.519999999999982,322.63,311.15,324.27,0.01594547838685517,0.013926017522294406,-1.599999999999966,1
2021-12-09,320.87,324.14,319.93,322.13,22214200,-0.005578454768029291,318.12857142857143,321.4986666666667,297.8731111111111,-1.259999999999991,4.2099999999999795,322.67,314.22,318.46,0.014309939931950642,0.011839874007745678,2.410000000000025,0
2021-12-10,329.97,330.41,322.5,322.68,38095700,0.028360395175616365,319.8442857142857,322.102,298.4843333333333,7.2900000000000205,7.910000000000025,320.87,322.63,317.96,0.01747753400403337,0.012838193404419074,12.010000000000048,1
2021-12-13,326.94,331.17,326.63,328.17,28899400,-0.009182652968451766,321.20714285714286,322.3713333333333,299.0297777777777,-1.2300000000000182,4.5400000000000205,329.97,322.67,317.4,0.018197487671063474,0.012390784718922049,9.54000000000002,0
2021-12-14,316.29,322.36,312.21,320.99,44438700,-0.03257478436410344,321.9414285714286,322.35766666666666,299.4575555555556,-4.699999999999989,10.150000000000034,326.94,320.87,311.15,0.021406474179048465,0.01376193431658573,5.140000000000043,0
2021-12-15,322.37,322.89,312.59,316.55,35381100,0.019222865092162204,323.1057142857143,322.42600000000004,299.9648888888888,5.819999999999993,10.300000000000011,316.29,329.97,314.22,0.022216946731241215,0.01405459717831464,8.149999999999977,1
2021-12-16,312.97,324.4,311.16,323.39,35034800,-0.02915904085367738,321.7257142857143,322.1533333333333,300.3878888888889,-10.419999999999959,13.239999999999952,322.37,326.94,322.63,0.022665179869329827,0.01503779869420252,-9.659999999999968,0
2021-12-17,311.91,312.99,305.6,309.1,47750300,-0.0033869060932357805,320.18857142857144,321.76699999999994,300.7936666666667,2.8100000000000023,7.389999999999986,312.97,316.29,322.67,0.022594541707154688,0.014966600020058412,-10.759999999999991,0
2021-12-20,308.17,310.95,305.91,308.3,28326500,-0.011990638325157926,318.3742857142857,321.2683333333333,301.12744444444445,-0.12999999999999545,5.039999999999964,311.91,322.37,320.87,0.022769459520310894,0.015097963841184727,-12.699999999999989,0
2021-12-21,315.28,315.7,308.06,311.42,24740600,0.023071681214913705,316.2757142857143,320.97666666666663,301.5077777777778,3.859999999999957,7.639999999999986,308.17,312.97,329.97,0.02151042409024759,0.015735873347917415,-14.690000000000055,1
2021-12-22,320.97,321.36,313.79,316.25,24831500,0.01804744988581596,315.42285714285714,320.908,301.9326666666667,4.720000000000027,7.569999999999993,315.28,311.91,326.94,0.023287947946998833,0.016098509765286012,-5.96999999999997,1
2021-12-23,322.4,324.04,320.52,320.54,19617800,0.00445524503847696,316.2957142857143,321.052,302.38966666666664,1.8599999999999568,3.5200000000000387,320.97,308.17,316.29,0.019123436102957567,0.01585621419222325,6.109999999999957,1
2021-12-27,329.88,329.91,323.12,323.15,19947000,0.023200992555831322,317.36857142857144,321.3933333333333,302.9488888888889,6.730000000000018,6.7900000000000205,322.4,315.28,322.37,0.019738765401862007,0.016372103395789775,7.509999999999991,1
2021-12-28,328.72,331.19,327.83,330.55,15661500,-0.0035164302170485272,319.61857142857144,321.55833333333334,303.4307777777778,-1.829999999999984,3.3600000000000136,329.88,320.97,312.97,0.014307978607540149,0.016240198202605645,15.75,0
2021-12-29,329.4,331.66,327.21,328.77,15042000,0.002068629836943143,322.1171428571429,321.767,303.8391111111111,0.6299999999999955,4.4500000000000455,328.72,322.4,311.91,0.013778693788117236,0.016234750695398682,17.489999999999952,1
2021-12-30,326.86,330.53,326.38,329.36,15994500,-0.007710989678202683,324.78714285714284,321.78066666666666,304.2161111111111,-2.5,4.149999999999977,329.4,329.88,308.17,0.012809620601639204,0.016204287713785303,18.689999999999998,0
2021-12-31,323.97,326.9,323.52,326.08,18000800,-0.008841705929143934,326.0285714285714,321.6906666666667,304.5826666666667,-2.109999999999957,3.3799999999999955,326.86,328.72,315.28,0.012439769764451117,0.016286979579651105,8.690000000000055,0
2022-01-03,322.46,325.59,317.67,323.04,28865100,-0.004660925394326782,326.24142857142857,321.48133333333334,304.93899999999996,-0.5800000000000409,7.919999999999959,323.97,329.4,320.97,0.011034605406696704,0.016259725174833022,1.4899999999999523,0
2022-01-04,316.93,322.9,314.15,322.54,32674300,-0.01714941388079133,325.46000000000004,321.02833333333336,305.265,-5.610000000000014,8.75,322.46,326.86,322.4,0.012708133244192182,0.016496138888120716,-5.46999999999997,0
2022-01-05,304.77,314.1,304.38,313.9,40054300,-0.03836809390086147,321.8728571428572,320.2753333333333,305.4492222222222,-9.129999999999995,9.720000000000027,316.93,323.97,329.88,0.013348419962551317,0.017783752424238172,-25.110000000000014,0
2022-01-06,302.36,307.0,300.06,301.66,39646100,-0.007907602454309704,318.10714285714283,319.5113333333333,305.56533333333334,0.6999999999999886,6.939999999999998,304.77,322.46,328.72,0.013028221049858702,0.01779844084175609,-26.360000000000014,0
2022-01-07,302.51,304.88,298.71,302.62,32720000,0.0004960973673765619,314.2657142857143,318.74466666666666,305.7013333333333,-0.11000000000001364,6.170000000000016,302.36,316.93,329.4,0.012760110677860773,0.017797261828955035,-26.889999999999986,1
2022-01-10,302.73,303.17,293.51,298.13,44289500,0.0007272486859939417,310.81857142857143,318.24966666666666,305.8403333333333,4.600000000000023,9.660000000000025,302.51,304.77,326.86,0.013605646470523463,0.017306864861251946,-24.129999999999995,1
2022-01-11,303.42,304.99,298.51,301.88,29386800,0.0022792587454167003,307.8828571428571,317.55466666666666,305.9942222222222,1.5400000000000205,6.480000000000018,302.73,302.36,323.97,0.01449469740876124,0.016796446227512946,-20.55000000000001,1
2022-01-12,306.59,311.54,305.44,307.94,34372200,0.010447564432140132,305.61571428571426,317.15899999999993,306.1834444444445,-1.3500000000000227,6.100000000000023,303.42,302.51,322.46,0.016300222036573078,0.016671863715991643,-15.870000000000005,1
2022-01-13,293.61,309.1,292.84,308.71,45366000,-0.04233667112430269,302.2842857142858,316.3473333333333,306.2387777777778,-15.099999999999966,16.260000000000048,306.59,302.73,316.93,0.020999234244951096,0.018291633295707294,-23.319999999999993,0
2022-01-14,298.81,299.41,292.6,293.08,39846400,0.01771056844112935,301.4328571428572,315.72766666666666,306.35155555555554,5.730000000000018,6.810000000000002,293.61,303.42,304.77,0.019297557523523273,0.018660121975141615,-5.9599999999999795,1
2022-01-18,291.54,298.43,290.66,292.91,42333200,-0.024329841705431485,299.88714285714286,315.074,306.4151111111111,-1.3700000000000045,7.769999999999982,298.81,306.59,302.36,0.02096848040793098,0.018831567006597202,-10.819999999999993,0
2022-01-19,292.2,302.39,291.59,295.05,45933900,0.002263840296357166,298.4142857142857,314.34,306.50244444444445,-2.8500000000000227,10.800000000000011,291.54,293.61,302.51,0.02105617808666424,0.018717244475144813,-10.310000000000002,1
2022-01-20,290.53,300.21,290.09,297.73,35380700,-0.005715263518138316,296.6714285714285,313.27000000000004,306.55755555555555,-7.2000000000000455,10.120000000000005,292.2,298.81,302.73,0.02091729706936056,0.01790281563805912,-12.200000000000045,0
2022-01-21,285.16,292.95,284.76,291.58,57984400,-0.018483461260454852,294.0628571428571,312.0196666666667,306.52311111111106,-6.419999999999959,8.189999999999998,290.53,291.54,303.42,0.021073940084931134,0.01810022663303207,-18.25999999999999,0
2022-01-24,285.49,286.2,265.92,281.47,85731500,0.0011572450554074346,291.0485714285714,310.8403333333333,306.4386666666667,4.019999999999982,20.279999999999973,285.16,292.2,306.59,0.019933573454925156,0.01812111182072695,-21.099999999999966,1
2022-01-25,277.9,284.16,274.7,280.82,72848600,-0.026585869907877795,288.80428571428575,309.1046666666667,306.2655555555555,-2.920000000000016,9.460000000000036,285.49,290.53,293.61,0.016211492044807936,0.017533390596288563,-15.710000000000036,0
2022-01-26,285.82,297.18,282.27,296.68,90428900,0.028499460237495562,286.9485714285714,307.73400000000004,306.2375555555555,-10.860000000000014,14.910000000000025,277.9,285.16,298.81,0.019257922013141734,0.01858312549491793,-12.990000000000009,1
2022-01-27,288.83,296.02,286.99,291.55,53481300,0.010531103491708037,286.56142857142856,306.81866666666673,306.30255555555556,-2.7200000000000273,9.029999999999973,285.82,285.49,291.54,0.0182609734489239,0.01797834395491666,-2.7100000000000364,1
2022-01-28,296.94,297.16,283.64,289.21,49743700,0.028078800678599917,287.23857142857145,305.97099999999995,306.45233333333334,7.730000000000018,13.520000000000039,288.83,277.9,292.2,0.021410015468475315,0.018420793614337315,4.740000000000009,1
2022-01-31,299.56,300.91,295.12,297.61,46444500,0.008823331312723124,288.5285714285714,305.52400000000006,306.5908888888889,1.9499999999999886,5.7900000000000205,296.94,285.82,290.53,0.021184528265397996,0.01782598366947218,9.03000000000003,1
2022-02-01,297.43,299.23,293.93,299.02,40950400,-0.007110428628655346,290.2814285714286,305.0413333333334,306.69522222222224,-1.589999999999975,5.300000000000011,299.56,288.83,285.16,0.01948973370008482,0.017853926223941743,12.269999999999982,0
2022-02-02,301.95,303.55,297.54,298.26,36636000,0.015196853041051615,292.6328571428571,304.834,306.852,3.6899999999999977,6.009999999999991,297.43,296.94,285.49,0.019606457917172023,0.01798880063904321,16.45999999999998,1
2022-02-03,290.19,299.81,288.95,298.13,43730000,-0.038946845504222526,294.3885714285714,303.9976666666667,306.9335555555556,-7.939999999999998,10.860000000000014,301.95,299.56,277.9,0.02344332600195988,0.018732143730661833,12.29000000000002,0
2022-02-04,294.71,297.46,288.96,289.19,35096500,0.015576001929770088,295.65857142857146,303.12233333333336,307.1791111111111,5.519999999999982,8.5,290.19,297.43,285.82,0.02187272284463957,0.018643480934639484,8.889999999999986,1
2022-02-07,289.9,296.54,288.89,294.93,28533300,-0.01632112924569917,295.81142857142856,302.03899999999993,307.36600000000004,-5.03000000000003,7.650000000000034,294.71,301.95,288.83,0.022984099380362458,0.01875516170185071,1.0699999999999932,0
2022-02-08,293.38,294.34,288.94,290.19,32421200,0.012004139358399512,295.30285714285714,300.82233333333335,307.6137777777777,3.1899999999999977,5.399999999999977,289.9,290.19,296.94,0.020464219447483514,0.018314515429616488,-3.5600000000000023,1
2022-02-09,299.79,300.48,296.11,298.5,31284700,0.02184879678233017,295.3357142857143,299.858,307.8561111111111,1.2900000000000205,4.3700000000000045,293.38,294.71,299.56,0.02209109230346291,0.01890118150962069,0.2300000000000182,1
2022-02-10,291.28,297.77,289.66,292.88,45386200,-0.02838653724273674,294.45714285714286,298.5873333333333,308.0678888888889,-1.6000000000000227,8.109999999999957,299.79,289.9,297.43,0.024604638900315584,0.019435865326226813,-6.150000000000034,0
2022-02-11,284.21,293.12,283.42,292.06,39175600,-0.024272177973084296,291.92285714285714,297.1656666666667,308.14077777777777,-7.850000000000023,9.699999999999989,291.28,293.38,301.95,0.024335830891448123,0.01977978394827538,-17.74000000000001,0
2022-02-14,284.17,285.87,280.66,282.99,36359500,-0.00014074100137209677,291.0628571428571,295.83899999999994,308.1666666666667,1.1800000000000068,5.2099999999999795,284.21,299.79,290.19,0.020289652048408022,0.019777098136130548,-6.019999999999982,0
2022-02-15,289.44,289.76,286.12,289.0,27058300,0.01854523700601746,290.31,294.73833333333334,308.23255555555556,0.4399999999999977,3.6399999999999864,284.17,291.28,294.71,0.020763669582388202,0.020206371201243183,-5.269999999999982,1
2022-02-16,289.1,290.43,283.48,288.01,29982100,-0.0011746821448313121,290.19571428571425,293.81066666666663,308.29466666666667,1.0900000000000318,6.949999999999989,289.44,284.21,289.9,0.01983840591320298,0.02004123758959851,-0.7999999999999545,0
2022-02-17,280.64,286.5,279.93,286.07,32461600,-0.029263230716015342,288.3757142857143,293.0063333333333,308.26944444444445,-5.430000000000007,6.569999999999993,289.1,284.17,293.38,0.02164772732186098,0.019547893818871193,-12.740000000000009,0
2022-02-18,277.93,283.66,276.37,282.88,34264000,-0.0096564994298745,285.2528571428571,292.192,308.22855555555554,-4.949999999999989,7.2900000000000205,280.64,289.44,299.79,0.01779592711551781,0.019566991220579026,-21.860000000000014,0
2022-02-22,277.73,281.42,274.62,275.11,41736100,-0.000719605656100416,283.3171428571428,291.366,308.14877777777775,2.6200000000000045,6.800000000000011,277.93,289.1,291.28,0.016192874071147716,0.019561577775760015,-13.549999999999955,0
2022-02-23,270.54,281.57,270.38,280.11,37811200,-0.025888452813883977,281.36428571428576,290.293,307.9203333333333,-9.569999999999993,11.189999999999998,277.73,280.64,284.21,0.016494433021151594,0.02000134586310251,-13.669999999999959,0
2022-02-24,284.36,284.91,262.09,263.05,56989700,0.051083019146891374,281.39142857142855,289.6576666666667,307.8297777777778,21.310000000000002,22.82000000000005,270.54,277.93,284.17,0.027609998566017268,0.022339487816704515,0.18999999999999773,1
2022-02-25,286.99,287.3,281.53,284.89,32546700,0.009248839499226317,281.0414285714286,289.00433333333336,307.73555555555555,2.1000000000000227,5.770000000000039,284.36,277.73,289.44,0.02680457801650783,0.022317667308062783,-2.4499999999999886,1
2022-02-28,288.42,288.76,282.83,284.09,34627500,0.004982752012265259,280.94428571428574,288.83133333333336,307.64722222222224,4.330000000000041,5.930000000000007,286.99,270.54,289.1,0.02689532697116276,0.020998723818663394,-0.6800000000000068,1
2022-03-01,284.71,289.56,282.01,286.11,31217800,-0.012863185632064476,281.5257142857143,288.36133333333333,307.5263333333333,-1.400000000000034,7.550000000000011,288.42,284.36,280.64,0.024535186893296274,0.020831638044079583,4.069999999999993,0
2022-03-02,289.77,291.0,283.5,285.11,31873000,0.017772470232868542,283.21714285714285,288.3023333333333,307.4258888888889,4.659999999999968,7.5,284.71,286.99,277.93,0.024495348972746002,0.02065106520900103,11.839999999999975,1
2022-03-03,285.65,292.61,283.84,292.38,27314500,-0.014218173033785433,284.3485714285714,288.084,307.29677777777783,-6.730000000000018,8.770000000000039,289.77,288.42,277.73,0.025638369070641813,0.020807489232531846,7.919999999999959,0
2022-03-04,279.8,285.4,277.2,284.07,32356500,-0.020479607911780034,285.6714285714285,287.72633333333334,307.1136666666667,-4.269999999999982,8.199999999999989,285.65,284.71,270.54,0.024638844794420536,0.021106413417189187,9.259999999999991,0
2022-03-07,269.23,279.63,268.86,278.51,43157200,-0.037776983559685465,283.51000000000005,287.19533333333334,306.792,-9.279999999999973,10.769999999999982,279.8,289.77,284.36,0.019295961147108742,0.021934001070674277,-15.129999999999995,0
2022-03-08,266.27,274.1,260.63,268.16,48159500,-0.010994317126620495,280.55,286.5546666666667,306.2978888888889,-1.8900000000000432,13.470000000000027,269.23,285.65,286.99,0.01780602682427913,0.02199188782045872,-20.720000000000027,0
2022-03-09,278.48,279.55,271.03,273.6,35204500,0.04585571036917429,279.13,286.574,305.9268888888889,4.8799999999999955,8.520000000000039,266.27,279.8,288.42,0.027691216414425526,0.0231554136409569,-9.939999999999998,1
2022-03-10,275.68,276.65,270.84,273.19,30628000,-0.01005458201666192,277.84,286.236,305.44711111111116,2.490000000000009,5.810000000000002,278.48,269.23,284.71,0.027572844860617465,0.02260121015236699,-9.029999999999973,0
2022-03-11,270.35,279.46,269.73,277.96,27209300,-0.01933401044689489,275.0657142857143,285.61999999999995,304.9321111111111,-7.609999999999957,9.729999999999961,275.68,266.27,289.77,0.026159344179383343,0.022735065813258848,-19.41999999999996,0
2022-03-14,266.84,275.49,266.24,270.61,30660700,-0.012983169964860541,272.37857142857143,284.6166666666667,304.33788888888887,-3.7700000000000387,9.25,270.35,278.48,285.65,0.026126928238753292,0.022091642273600682,-18.810000000000002,0
2022-03-15,277.18,277.83,269.05,270.62,34245100,0.03874981262179596,272.0042857142857,283.87066666666664,303.84933333333333,6.560000000000002,8.779999999999973,266.84,275.68,279.8,0.031063443939999196,0.023301493791990324,-2.6200000000000045,1
2022-03-16,284.17,284.34,273.37,279.07,37826300,0.02521826971642979,274.1385714285715,283.42866666666663,303.4123333333333,5.100000000000023,10.96999999999997,277.18,270.35,269.23,0.027535547421726436,0.023814410957666163,14.939999999999998,1
2022-03-17,284.97,285.35,279.32,283.11,30816600,0.0028152162437977664,276.81,282.8626666666667,302.98833333333334,1.8600000000000136,6.03000000000003,284.17,266.84,266.27,0.026414285497590756,0.02362615797246236,18.700000000000045,1
2022-03-18,290.0,290.55,282.57,285.12,43390600,0.01765098080499692,278.4557142857143,282.85633333333334,302.6102222222222,4.8799999999999955,7.980000000000018,284.97,277.18,278.48,0.02178570705599454,0.022790949137431106,11.519999999999982,1
2022-03-21,288.77,289.72,284.66,288.51,28351200,-0.00424137931034489,280.3257142857143,282.65833333333336,302.2295555555556,0.2599999999999909,5.060000000000002,290.0,284.17,275.68,0.021173517203929126,0.022617277361704803,13.089999999999975,0
2022-03-22,293.5,294.41,288.4,289.39,27599700,0.01637981784811448,283.6328571428571,282.77833333333336,301.9564444444444,4.110000000000014,6.010000000000048,288.77,284.97,270.35,0.01785902613439591,0.02261316062775976,23.149999999999977,1
2022-03-23,289.09,292.7,287.38,290.08,25715400,-0.015025553662691737,286.81142857142856,282.63533333333334,301.61699999999996,-0.9900000000000091,5.319999999999993,293.5,290.0,266.84,0.018344187259179245,0.022683826318018723,22.25,0
2022-03-24,293.54,293.64,287.96,288.76,24484500,0.015393130167076156,289.1485714285714,282.42699999999996,301.2811111111111,4.78000000000003,5.680000000000007,289.09,288.77,277.18,0.014263671665009015,0.02249686679497086,16.360000000000014,1
2022-03-25,293.14,294.89,288.9,294.63,22566500,-0.0013626762962459429,290.42999999999995,282.489,300.9477777777778,-1.490000000000009,5.990000000000009,293.54,293.5,284.17,0.012433860802954198,0.021872437017262436,8.96999999999997,0
2022-03-28,299.91,300.01,293.77,293.77,29578200,0.0230947670055265,292.56428571428575,283.01233333333334,300.65288888888887,6.140000000000043,6.240000000000009,293.14,289.09,284.97,0.01420766288955948,0.021736124945015818,14.939999999999998,1
2022-03-29,304.46,304.86,298.32,303.01,30393400,0.015171218032076137,294.63,283.6886666666667,300.4061111111111,1.4499999999999886,6.5400000000000205,299.91,293.54,290.0,0.013938196850149178,0.021863031138489718,14.45999999999998,1
2022-03-30,302.96,304.98,300.76,302.87,28163600,-0.004926755567233792,296.65714285714284,284.13933333333335,300.11966666666666,0.08999999999997499,4.220000000000027,304.46,293.14,288.77,0.014032889503327779,0.02168947147836836,14.189999999999998,0
2022-03-31,297.61,304.2,297.2,303.0,33422100,-0.017659096910483122,297.2442857142857,284.42299999999994,299.75399999999996,-5.389999999999986,7.0,302.96,299.91,293.5,0.015986536939982254,0.02197303357578345,4.110000000000014,0
2022-04-01,298.68,299.36,294.93,298.63,27110500,0.003595309297402618,298.61428571428576,285.02433333333335,299.43533333333335,0.05000000000001137,4.430000000000007,297.61,304.46,289.09,0.014100315480820585,0.021207854815260132,9.590000000000032,1
2022-04-04,304.04,304.17,298.96,299.33,24289600,0.01794562742734704,300.11428571428576,285.8946666666667,299.1993333333333,4.710000000000036,5.210000000000036,298.68,302.96,293.54,0.01444985715380936,0.021270158628901997,10.5,1
2022-04-05,300.09,303.94,299.11,302.39,23156700,-0.012991711616892663,301.10714285714283,286.64000000000004,298.9168888888889,-2.3000000000000114,4.829999999999984,304.04,297.61,293.14,0.015914045890349476,0.02146553706272837,6.949999999999989,0
2022-04-06,289.1,296.34,286.41,294.6,40110400,-0.036622346629344375,299.5628571428571,287.25866666666667,298.6004444444444,-5.5,9.92999999999995,300.09,298.68,299.91,0.01928437869773239,0.022042025105472915,-10.810000000000002,0
2022-04-07,290.91,293.11,286.06,286.36,31411200,0.0062608094085091735,297.6271428571428,287.477,298.2297777777777,4.550000000000011,7.050000000000011,289.1,304.04,304.46,0.017975295178374737,0.020061827164480586,-13.549999999999955,1
2022-04-08,286.66,290.67,285.99,290.01,24361900,-0.014609329345845794,295.29857142857145,287.46600000000007,297.8764444444445,-3.349999999999966,4.680000000000007,290.91,300.09,302.96,0.0182190767267466,0.020194092300174948,-16.299999999999955,0
2022-04-11,275.36,282.45,275.11,281.66,34569300,-0.039419521384218274,292.12,287.03066666666666,297.4031111111111,-6.300000000000011,7.339999999999975,286.66,289.1,297.61,0.021717059786856063,0.02141835476549882,-22.25,0
2022-04-12,272.27,280.65,270.75,279.2,30966700,-0.011221673445671236,288.34714285714284,286.616,296.90166666666664,-6.930000000000007,9.899999999999977,275.36,290.91,298.68,0.0207780042610996,0.0213899318677575,-26.410000000000025,0
2022-04-13,277.64,278.56,271.53,272.92,21907200,0.01972306901237744,284.5757142857143,286.2116666666667,296.52933333333334,4.71999999999997,7.03000000000003,272.27,286.66,304.04,0.02122457388379556,0.021452676164654957,-26.400000000000034,1
2022-04-14,270.12,278.3,269.62,278.09,28221600,-0.02708543437545016,280.2942857142857,285.694,296.03933333333333,-7.96999999999997,8.680000000000007,277.64,275.36,300.09,0.021914425996789975,0.02184688766964504,-29.96999999999997,0
2022-04-18,270.78,272.65,268.68,269.23,20778000,0.0024433585073299576,277.6771428571429,285.3933333333333,295.4632222222222,1.5499999999999545,3.9699999999999704,270.12,272.27,289.1,0.020320638563487946,0.021563962778391073,-18.32000000000005,1
2022-04-19,275.4,276.24,268.74,269.68,22297700,0.017061821404830507,275.4614285714286,285.59900000000005,294.93800000000005,5.71999999999997,7.5,270.78,277.64,290.91,0.022022846769224287,0.020631402340594542,-15.510000000000048,1
2022-04-20,276.42,279.64,275.46,279.35,22906700,0.0037037037037038444,273.99857142857144,285.93733333333336,294.4441111111111,-2.930000000000007,4.180000000000007,275.4,270.12,286.66,0.022137017304828872,0.02051188255805587,-10.240000000000009,1
2022-04-21,271.06,283.12,270.34,278.56,29454600,-0.019390782143115598,273.38428571428574,285.69,293.7895555555556,-7.5,12.78000000000003,276.42,270.78,275.36,0.01781476076774345,0.019048088373595718,-4.300000000000011,0
2022-04-22,264.52,273.37,263.89,271.9,29405800,-0.02412749944661706,272.27714285714285,285.31800000000004,293.09600000000006,-7.3799999999999955,9.480000000000018,271.06,275.4,272.27,0.01950283116963409,0.01945474134702883,-7.75,0
2022-04-25,270.97,271.35,261.37,263.8,35678900,0.024383789505519605,271.32428571428574,285.33866666666665,292.5924444444444,7.170000000000016,9.980000000000018,264.52,276.42,277.64,0.0204999096174584,0.019685020831889163,-6.669999999999959,1
2022-04-26,260.84,268.7,260.63,267.87,46518400,-0.037384212274421715,269.99857142857144,285.13866666666667,291.9087777777778,-7.03000000000003,8.069999999999993,270.97,271.06,270.12,0.022739737769646225,0.02072775982182923,-9.28000000000003,0
2022-04-27,273.39,280.87,269.47,272.31,63477700,0.04811378622910601,270.37142857142857,285.0123333333333,291.469,1.079999999999984,11.399999999999977,260.84,264.52,270.78,0.030408936196577148,0.02139957509989012,2.6100000000000136,1
2022-04-28,279.58,280.88,271.69,275.29,33646600,0.022641647463330767,270.9685714285714,284.85933333333327,291.10977777777777,4.289999999999964,9.189999999999998,273.39,270.97,275.4,0.03094512710476214,0.02129882019291781,4.180000000000007,1
2022-04-29,267.89,279.82,266.9,278.59,37073900,-0.04181271907861792,269.75,284.29,290.6622222222222,-10.699999999999989,12.920000000000016,279.58,260.84,276.42,0.03516043628879737,0.02259135683926957,-8.53000000000003,0
2022-05-02,274.59,275.05,266.63,268.07,35151100,0.025010265407443312,270.2542857142857,283.77633333333335,290.21011111111113,6.519999999999982,8.420000000000016,267.89,273.39,271.06,0.03590552849274607,0.022848461075448436,3.5299999999999727,1
2022-05-03,272.0,274.27,270.42,274.1,25978600,-0.009432244437160767,271.3228571428571,283.21733333333333,289.666,-2.1000000000000227,3.849999999999966,274.59,279.58,264.52,0.034497778567423136,0.022889044529967987,7.480000000000018,0
2022-05-04,279.91,280.78,267.12,272.78,33599300,0.02908088235294127,272.6,282.76433333333335,289.1938888888889,7.130000000000052,13.659999999999968,272.0,267.89,270.97,0.03499108452337481,0.023348574029106135,8.939999999999998,1
2022-05-05,267.72,276.41,264.82,275.63,43260400,-0.04354971240755956,273.5828571428571,282.05199999999996,288.50322222222223,-7.909999999999968,11.590000000000032,279.91,274.59,260.84,0.03629422167964634,0.0244795447278074,6.880000000000052,0
2022-05-06,265.19,269.56,261.85,265.27,37780300,-0.00945017182130595,272.4114285714286,281.107,287.7973333333333,-0.07999999999998408,7.7099999999999795,267.72,272.0,273.39,0.030819038408957822,0.024280971705283153,-8.199999999999989,0
2022-05-09,255.4,262.91,254.18,260.68,47726000,-0.03691692748595344,268.95714285714286,279.849,286.9751111111111,-5.280000000000001,8.730000000000018,265.19,279.91,279.58,0.030480000315164436,0.025049102135468043,-24.17999999999998,0
2022-05-10,260.14,264.25,255.87,262.26,39336400,0.018559122944400864,267.85,278.52333333333337,286.2337777777778,-2.1200000000000045,8.379999999999995,255.4,267.72,267.89,0.029301677834557723,0.024891377121197232,-7.75,1
2022-05-11,251.5,261.94,250.3,256.46,48975900,-0.03321288536941642,264.5514285714286,276.758,285.42855555555553,-4.9599999999999795,11.639999999999986,260.14,265.19,274.59,0.027990166703871024,0.02514374756899888,-23.089999999999975,0
2022-05-12,246.49,250.86,241.34,248.74,51033800,-0.0199204771371769,260.9071428571429,274.8756666666667,284.58444444444444,-2.25,9.52000000000001,251.5,255.4,272.0,0.028102075116700456,0.02526949778346115,-25.50999999999999,0
2022-05-13,252.06,253.91,246.49,248.42,34925100,0.022597265609152473,256.92857142857144,273.3573333333333,283.8636666666667,3.640000000000015,7.4199999999999875,246.49,260.14,279.91,0.026522158716279196,0.025723616572358457,-27.850000000000023,1
2022-05-16,252.42,256.59,246.9,250.94,32550900,0.0014282313734824456,254.74285714285716,271.81533333333334,283.28200000000004,1.4799999999999898,9.68999999999997,252.06,251.5,267.72,0.02361648596061405,0.025701096550935124,-15.30000000000004,1
2022-05-17,257.56,259.01,253.35,256.87,28828800,0.020362887251406447,253.65285714285713,270.266,282.7842222222222,0.6899999999999977,5.659999999999997,252.42,246.49,265.19,0.025915271932972633,0.02578006749780368,-7.6299999999999955,1
2022-05-18,245.83,255.04,244.56,254.46,31356000,-0.04554278614691718,252.28571428571428,268.45733333333334,282.15444444444444,-8.629999999999995,10.47999999999999,257.56,252.06,255.4,0.027879110319580364,0.026785056935486187,-9.569999999999993,0
2022-05-19,244.92,249.3,243.7,245.66,32692300,-0.003701745108408351,250.11142857142858,266.98466666666667,281.5121111111111,-0.7400000000000091,5.600000000000023,245.83,252.42,260.14,0.025931625748312023,0.026166209458030013,-15.219999999999999,0
2022-05-20,244.36,250.15,238.44,248.89,39199300,-0.002286460885186893,249.09142857142857,265.433,280.8558888888889,-4.529999999999973,11.710000000000008,244.92,257.56,251.5,0.023496790394216018,0.02608374179582891,-7.139999999999986,0
2022-05-23,252.19,253.01,245.2,247.2,33175400,0.03204288754296932,249.90571428571428,264.284,280.2514444444444,4.990000000000009,7.810000000000002,244.36,245.83,246.49,0.025685830792010034,0.02689774762912941,5.699999999999989,1
2022-05-24,251.19,252.85,245.27,249.52,29043900,-0.003965264284864586,249.78142857142856,263.4783333333333,279.7801111111111,1.6699999999999875,7.579999999999984,252.19,244.92,252.06,0.02433049681000371,0.02604926287217669,-0.8700000000000045,0
2022-05-25,254.0,255.99,248.78,249.76,28547900,0.011186751064930937,250.00714285714284,262.8693333333333,279.28222222222223,4.240000000000009,7.210000000000008,251.19,244.36,252.42,0.02471832149188841,0.026118503843325175,1.5800000000000125,1
2022-05-26,257.27,258.44,252.94,253.75,25002100,0.012874015748031424,249.96571428571428,262.1903333333333,278.90144444444445,3.519999999999982,5.5,254.0,252.19,257.56,0.023896921452542314,0.025951644542024057,-0.29000000000002046,1
2022-05-27,264.37,264.47,258.87,259.76,26910800,0.027597465697516317,252.61428571428573,261.9986666666667,278.59222222222223,4.610000000000014,5.600000000000023,257.27,251.19,245.83,0.0149272969767925,0.026064330975507907,18.539999999999992,1
2022-05-31,263.04,265.85,260.2,263.68,37827700,-0.005030828006203367,255.20285714285714,261.7406666666667,278.2867777777778,-0.6399999999999864,5.650000000000034,264.37,254.0,244.92,0.015145427885646592,0.026072065385589926,18.120000000000033,0
2022-06-01,263.58,268.67,261.27,266.27,25292200,0.002052919708029059,257.9485714285714,261.3466666666667,278.04699999999997,-2.6899999999999977,7.400000000000034,263.04,257.27,244.36,0.014621982607382287,0.025863923429721287,19.21999999999997,1
2022-06-02,265.67,265.73,253.11,255.86,44008200,0.00792928143258226,259.87428571428575,260.98833333333334,277.82677777777775,9.810000000000002,12.620000000000005,263.58,264.37,252.19,0.011289421535883297,0.02590266761263261,13.480000000000018,1
2022-06-03,261.25,264.57,259.7,261.53,28059000,-0.016637181465728217,261.31142857142856,260.66133333333335,277.6417777777778,-0.2799999999999727,4.8700000000000045,265.67,263.04,251.19,0.014103430018649424,0.02584003861414327,10.060000000000002,0
2022-06-06,260.02,265.28,258.54,263.23,22400300,-0.0047081339712919355,262.1714285714286,260.5113333333333,277.3551111111111,-3.2100000000000364,6.739999999999952,261.25,263.58,254.0,0.014352129172156227,0.025478914428877383,6.019999999999982,0
2022-06-07,263.65,264.26,257.31,257.98,22860700,0.013960464579647704,263.0828571428571,260.26733333333334,277.07533333333333,5.669999999999959,6.949999999999989,260.02,265.67,257.27,0.014476494349633108,0.025200873765055122,6.3799999999999955,1
2022-06-08,261.63,264.14,260.86,262.89,17372300,-0.0076616726721030984,262.6914285714286,260.29366666666664,276.683,-1.259999999999991,3.2799999999999727,263.65,261.25,264.37,0.01025017463179308,0.024272166594562068,-2.740000000000009,0
2022-06-09,256.19,263.86,256.04,259.09,26439700,-0.020792722547108504,261.7128571428571,259.7203333333333,276.2011111111111,-2.8999999999999773,7.819999999999993,261.63,260.02,263.04,0.012625840105366727,0.02281670759563103,-6.850000000000023,0
2022-06-10,244.78,252.12,244.33,252.12,31422800,-0.04453725750419609,259.02714285714285,258.5603333333333,275.61611111111114,-7.340000000000003,7.789999999999992,256.19,263.65,263.58,0.019500154928497385,0.023606937943258945,-18.799999999999983,0
2022-06-13,234.39,240.94,233.69,237.15,46135800,-0.042446278290710085,254.5585714285714,257.4436666666667,274.86544444444445,-2.7600000000000193,7.25,244.78,261.63,265.67,0.0208769691293065,0.02364205062675103,-31.28000000000003,0
2022-06-14,236.55,237.76,233.67,235.94,28651500,0.009215410213746427,251.02999999999997,256.1756666666667,274.26944444444445,0.6100000000000136,4.090000000000003,234.39,256.19,261.25,0.02321982070490694,0.023140354901849174,-24.69999999999999,1
2022-06-15,243.59,247.01,238.42,240.25,33111700,0.029761149862608294,248.68285714285713,255.22866666666667,273.70144444444446,3.3400000000000034,8.590000000000003,236.55,244.78,260.02,0.02853005691151409,0.023955799505737674,-16.42999999999998,1
2022-06-16,237.02,239.39,235.13,237.99,33169200,-0.026971550556262543,244.87857142857143,253.799,273.1138888888889,-0.9699999999999989,4.259999999999991,243.59,234.39,263.65,0.027221524227565127,0.023517775917254867,-26.629999999999967,0
2022-06-17,239.61,242.37,236.11,236.76,43084800,0.010927347903130552,241.7328571428571,252.862,272.51644444444446,2.8500000000000227,6.259999999999991,237.02,236.55,261.63,0.028887012927843674,0.02254219100376281,-22.019999999999982,1
2022-06-21,245.5,246.48,241.41,242.13,29928300,0.024581611785818563,240.2057142857143,252.20566666666667,271.91322222222226,3.3700000000000045,5.069999999999993,239.61,243.59,256.19,0.03158185464322319,0.023079354665422876,-10.689999999999998,1
2022-06-22,244.91,248.82,242.24,243.71,25939900,-0.0024032586558044946,240.2242857142857,251.85600000000002,271.398,1.1999999999999886,6.579999999999984,245.5,237.02,244.78,0.02654626451348408,0.022135633504237157,0.12999999999999545,0
2022-06-23,250.46,250.95,245.4,247.27,25861400,0.022661385815197468,242.52,251.53333333333333,271.023,3.1899999999999977,5.549999999999983,244.91,239.61,234.39,0.019514695269556494,0.02227387487922551,16.07000000000002,1
2022-06-24,259.01,259.28,253.22,253.31,33923200,0.034137187574862185,245.72857142857146,251.78366666666668,270.74344444444444,5.699999999999989,6.059999999999974,250.46,245.5,236.55,0.021579558929829767,0.022311479557774547,22.45999999999998,1
2022-06-27,256.29,259.59,254.73,259.5,24615100,-0.010501525037643221,247.54285714285714,252.11033333333333,270.3751111111111,-3.2099999999999795,4.859999999999985,259.01,244.91,243.59,0.021807308078543565,0.022068630535299623,12.700000000000017,0
2022-06-28,248.15,258.24,248.0,255.41,27295500,-0.03176089586015847,249.13285714285715,251.98000000000002,269.9201111111111,-7.259999999999991,10.240000000000009,256.29,250.46,237.02,0.023105234907206756,0.022507088233811534,11.129999999999995,0
2022-06-29,251.81,253.46,247.46,249.23,20069800,0.014749143663106978,250.8757142857143,251.95966666666666,269.5997777777778,2.5800000000000125,6.0,248.15,259.01,239.61,0.023263465184645254,0.022672626341000018,12.199999999999989,1
2022-06-30,248.49,251.1,244.69,248.7,31730900,-0.013184543902148418,251.30285714285716,251.65733333333336,269.2726666666667,-0.20999999999997954,6.409999999999997,251.81,256.29,245.5,0.022979210017417675,0.022468714853897075,2.990000000000009,0
2022-07-01,251.15,251.34,246.34,248.07,22837700,0.010704656122982803,252.19428571428574,251.83466666666666,268.9773333333333,3.0800000000000125,5.0,248.49,248.15,244.91,0.023098464901312708,0.020912080413129107,6.240000000000009,1
2022-07-05,254.32,254.44,246.47,247.84,22941000,0.012621939080230888,252.74571428571429,252.148,268.7971111111111,6.47999999999999,7.969999999999999,251.15,251.81,250.46,0.022020822621792956,0.02099968927159303,3.859999999999985,1
2022-07-06,257.57,259.29,253.88,255.19,23824400,0.01277917584145958,252.54,252.58833333333334,268.49944444444446,2.3799999999999955,5.410000000000025,254.32,248.49,259.01,0.01800279560226114,0.02108670614125131,-1.4399999999999977,1
2022-07-07,259.69,260.32,256.42,256.51,20859900,0.008230772217261345,253.0257142857143,252.8383333333333,268.1961111111111,3.180000000000007,3.8999999999999773,257.57,251.15,256.29,0.017684815046304845,0.020351119523063448,3.3999999999999773,1
2022-07-08,258.97,259.4,254.74,256.19,19658800,-0.0027725364858098905,254.57142857142858,253.09766666666667,267.8688888888889,2.7800000000000296,4.659999999999968,259.69,254.32,248.15,0.01031412548793241,0.020341886215683516,10.820000000000022,0
2022-07-11,255.92,257.88,253.67,257.03,19455200,-0.011777425956674671,255.15857142857143,253.1616666666667,267.549,-1.1099999999999852,4.210000000000008,258.97,257.57,251.81,0.011444121477038846,0.020385879570399144,4.109999999999985,0
2022-07-12,245.43,257.31,243.86,257.25,35868500,-0.0409893716786495,254.72142857142856,252.76699999999997,267.0563333333333,-11.819999999999993,13.449999999999989,255.92,259.69,248.49,0.01963648956583209,0.02159058491812199,-3.0600000000000023,0
2022-07-13,244.51,245.32,240.05,242.07,29497400,-0.003748523000448258,253.77285714285713,252.105,266.59922222222224,2.4399999999999977,5.269999999999982,245.43,258.97,251.15,0.018871973680314146,0.020888854190277875,-6.640000000000015,0
2022-07-14,245.83,246.86,237.96,242.43,25102800,0.005398552206453812,252.56,251.53133333333332,266.2217777777778,3.4000000000000057,8.900000000000006,244.51,255.92,254.32,0.018010811721034733,0.020930082946493473,-8.48999999999998,1
2022-07-15,248.39,251.92,246.5,247.42,29774100,0.01041370052475277,251.24857142857144,251.025,265.9902222222222,0.9699999999999989,5.4199999999999875,245.83,245.43,257.57,0.017646779625357826,0.021041818189354928,-9.180000000000007,1
2022-07-18,246.0,252.37,245.08,251.32,20975000,-0.009621965457546545,249.29285714285714,250.36933333333334,265.765,-5.319999999999993,7.289999999999992,248.39,244.51,259.69,0.0166732416329294,0.02100707655698568,-13.689999999999998,0
2022-07-19,251.1,251.29,245.44,249.22,25012600,0.020731707317073148,248.16857142857143,250.03099999999998,265.46077777777776,1.8799999999999955,5.849999999999994,246.0,245.83,258.97,0.019865187017720554,0.021237082517710275,-7.870000000000033,1
2022-07-20,253.75,256.27,250.5,251.46,22788300,0.0105535643170052,247.85857142857142,249.822,265.21711111111114,2.289999999999992,5.769999999999982,251.1,248.39,255.92,0.020240218477909896,0.02133026262720184,-2.1699999999999875,1
2022-07-21,256.24,256.29,248.69,251.36,22404700,0.009812807881773435,249.40285714285716,249.575,265.06033333333335,4.8799999999999955,7.600000000000023,253.75,246.0,245.43,0.010090250396259234,0.021245965474261504,10.810000000000002,1
2022-07-22,251.91,256.72,250.66,256.63,21881300,-0.016898220418357836,250.46,249.25100000000003,264.89444444444445,-4.719999999999999,6.060000000000031,256.24,251.1,244.51,0.013046435774498056,0.021416128637305677,7.400000000000006,0
2022-07-25,250.43,253.01,248.47,252.53,21056000,-0.005875114128061569,251.11714285714285,249.059,264.59722222222223,-2.0999999999999943,4.539999999999992,251.91,253.75,245.83,0.013579157538978683,0.021112656135746203,4.599999999999994,0
2022-07-26,243.72,251.44,241.47,251.42,39348000,-0.02679391446711659,250.45000000000002,249.02366666666666,264.1477777777778,-7.699999999999989,9.969999999999999,250.43,256.24,248.39,0.016937531809605815,0.02005991736515467,-4.6699999999999875,0
2022-07-27,260.01,261.28,250.45,252.68,45994000,0.06683899556868535,252.45142857142858,249.87766666666667,263.87044444444444,7.329999999999984,10.829999999999984,243.72,251.91,246.0,0.030703379546271233,0.02191368692593144,14.009999999999991,1
2022-07-28,267.44,268.82,259.17,260.99,33459300,0.028575824006768998,254.78571428571428,250.9073333333333,263.6197777777778,6.449999999999989,9.649999999999977,260.01,250.43,251.1,0.031367052869045065,0.022362380074390786,16.340000000000003,1
2022-07-29,271.63,272.84,267.65,268.68,32152800,0.015667065510020933,257.34,251.842,263.4293333333333,2.9499999999999886,5.189999999999998,267.44,243.72,253.75,0.03145620566651029,0.02195421033421317,17.879999999999995,1
2022-08-01,268.98,272.15,266.88,268.8,21539600,-0.009755917976659343,259.15999999999997,252.90733333333336,263.1568888888889,0.18000000000000682,5.269999999999982,271.63,260.01,256.24,0.03235206156256716,0.021336575131975042,12.740000000000009,0
2022-08-02,265.9,268.87,263.54,267.04,22754200,-0.011450665476987289,261.15857142857146,253.78366666666668,262.89922222222225,-1.1400000000000432,5.329999999999984,268.98,267.44,251.91,0.03172986039118574,0.021492678198380178,13.98999999999998,0
2022-08-03,273.3,274.3,267.63,267.77,23518900,0.027830011282437138,264.42571428571426,254.71033333333335,262.6743333333333,5.53000000000003,6.670000000000016,265.9,271.63,250.43,0.03180017705084026,0.021609386273168222,22.870000000000005,1
2022-08-04,274.44,274.59,271.07,272.65,18098700,0.0041712403951700925,268.8142857142857,255.69466666666665,262.4665555555556,1.7900000000000205,3.519999999999982,273.3,268.98,243.72,0.027159116165878898,0.02157756068079492,30.72,1
2022-08-05,273.72,274.44,269.63,270.09,16774600,-0.0026235242675993675,270.7728571428571,256.47,262.17555555555555,3.6300000000000523,4.810000000000002,274.44,265.9,260.01,0.016806052634618877,0.021316753052269193,13.710000000000036,0
2022-08-08,271.22,276.64,270.25,274.83,18739200,-0.009133421014175068,271.3128571428571,256.877,261.80622222222223,-3.609999999999957,6.389999999999986,273.72,273.3,267.44,0.014849655078897251,0.020601938009528163,3.7800000000000296,0
2022-08-09,273.13,273.89,268.6,270.56,23405200,0.007042253521126643,271.52714285714285,257.43833333333333,261.4747777777778,2.569999999999993,5.289999999999964,271.22,274.44,271.63,0.013861332127598236,0.020491179736593226,1.5,1
2022-08-10,279.77,280.4,277.62,278.81,24687800,0.0243107677662651,273.06857142857143,258.4923333333333,261.2765555555556,0.9599999999999795,2.7799999999999727,273.13,273.72,268.98,0.01540392210026638,0.019821221901869433,10.789999999999964,1
2022-08-11,277.7,281.76,277.21,281.41,20065900,-0.0073989348393322845,274.7542857142857,259.3553333333333,261.04344444444445,-3.7100000000000364,4.550000000000011,279.77,271.22,265.9,0.014711055374347972,0.01982697481656082,11.800000000000011,0
2022-08-12,282.43,282.43,277.62,279.11,22619700,0.01703276917536917,276.0585714285714,260.4866666666666,260.80333333333334,3.319999999999993,4.810000000000002,277.7,273.13,273.3,0.012475249070501772,0.019719748666299414,9.129999999999995,1
2022-08-15,283.94,284.63,280.69,281.55,18085700,0.005346457529299263,277.4157142857143,261.5796666666667,260.6238888888889,2.3899999999999864,3.9399999999999977,282.43,279.77,274.44,0.012473730912381421,0.019685498292153793,9.5,1
2022-08-16,283.21,284.49,280.99,282.51,18102900,-0.002570965696978299,278.7714285714286,262.54266666666666,260.5584444444445,0.6999999999999886,3.5,283.94,277.7,273.72,0.01246843443470542,0.01965900659858837,9.489999999999952,0
2022-08-17,282.46,284.43,280.67,280.93,18253400,-0.002648211574450055,280.3771428571428,263.3723333333333,260.4645555555556,1.5299999999999727,3.759999999999991,283.21,282.43,271.22,0.01144692087698193,0.019617151157836177,11.239999999999952,0
2022-08-18,281.35,283.03,280.29,281.36,17186200,-0.003929759966012734,281.5514285714286,264.09433333333334,260.40555555555557,-0.009999999999990905,2.7399999999999523,282.46,283.94,273.13,0.011998131080324438,0.019636594990621377,8.220000000000027,0
2022-08-19,277.45,280.45,276.88,280.11,20570000,-0.013861738048693917,281.21999999999997,264.7103333333333,260.4287777777778,-2.660000000000025,3.569999999999993,281.35,283.21,279.77,0.0098779663737798,0.019849455539468125,-2.319999999999993,0
2022-08-22,269.3,273.87,268.79,273.5,25061100,-0.02937466210127943,280.02,265.1563333333333,260.3957777777778,-4.199999999999989,5.079999999999984,277.45,282.46,277.7,0.014572579733590224,0.020533773587598034,-8.399999999999977,0
2022-08-23,268.03,270.38,267.02,268.03,17527400,-0.004715930189380017,277.96285714285716,265.9096666666667,260.28900000000004,0.0,3.3600000000000136,269.3,281.35,282.43,0.011197154274421554,0.018926109122789695,-14.400000000000034,0
2022-08-24,267.4,268.8,266.74,267.03,18137000,-0.0023504831548707065,275.6,266.67266666666666,260.25877777777777,0.37000000000000455,2.0600000000000023,268.03,277.45,283.94,0.010057494149864713,0.01891035176947609,-16.54000000000002,0
2022-08-25,270.37,270.53,266.17,268.9,16583400,0.01110695587135388,273.7657142857143,267.4906666666667,260.2542222222222,1.4700000000000273,4.359999999999957,267.4,269.3,283.21,0.012445101711602803,0.01896232843190196,-12.839999999999975,1
2022-08-26,259.94,271.81,259.83,270.59,27549300,-0.03857676517365095,270.5485714285714,267.87566666666663,260.08244444444443,-10.649999999999977,11.980000000000018,270.37,268.03,282.46,0.01710821577345638,0.0203886854243202,-22.519999999999982,0
2022-08-29,257.16,259.27,255.83,257.76,20338500,-0.010694775717473157,267.09285714285716,268.24766666666665,259.86844444444444,-0.5999999999999659,3.4399999999999693,259.94,267.4,281.35,0.016786026800221513,0.02041018423197006,-24.189999999999998,0
2022-08-30,254.97,258.93,252.73,258.56,22767100,-0.008516098926738318,263.88142857142856,268.37666666666667,259.68966666666665,-3.5900000000000034,6.200000000000017,257.16,270.37,277.45,0.01684258777961342,0.020165785180323588,-22.47999999999999,0
2022-08-31,253.52,258.99,253.38,257.32,24791800,-0.00568694356198764,261.62714285714287,268.369,259.56744444444445,-3.799999999999983,5.610000000000014,254.97,259.94,269.3,0.01502170778265932,0.020110167168504164,-15.780000000000001,0
2022-09-01,252.48,252.96,247.64,251.0,23263400,-0.0041022404544021,259.4057142857143,268.2436666666666,259.362,1.4799999999999898,5.320000000000022,253.52,257.16,268.03,0.015049174758699014,0.02004026547693214,-15.549999999999983,0
2022-09-02,248.27,256.69,246.73,253.74,22855400,-0.016674588086184963,256.67285714285714,268.12233333333336,259.2223333333334,-5.469999999999999,9.960000000000008,252.48,254.97,267.4,0.015062887087245026,0.02003391955900217,-19.129999999999967,0
2022-09-06,245.55,249.99,244.28,248.41,21328200,-0.010955814234502754,253.12714285714287,267.9596666666667,258.913,-2.859999999999985,5.710000000000008,248.27,253.52,270.37,0.011743039627611456,0.020104080607140123,-24.819999999999993,0
2022-09-07,250.24,250.96,245.52,246.95,24126700,0.01909997963754835,251.74142857142857,268.177,258.587,3.2900000000000205,5.439999999999998,245.55,252.48,259.94,0.011530635081097876,0.01977480256290278,-9.699999999999989,1
2022-09-08,250.66,252.51,247.04,249.68,20319900,0.001678388746803019,250.81285714285715,267.86533333333335,258.3955555555555,0.9799999999999898,5.469999999999999,250.24,248.27,257.16,0.011525180166934025,0.015394905445064408,-6.500000000000028,1
2022-09-09,256.42,257.16,252.37,252.58,22084700,0.022979334556770203,251.01999999999998,267.498,258.1936666666667,3.8400000000000034,4.7900000000000205,250.66,245.55,254.97,0.014928600444443585,0.015052948503991252,1.450000000000017,1
2022-09-12,258.54,259.32,257.1,257.7,18747700,0.008267685827938555,251.73714285714286,267.06166666666667,258.04411111111114,0.8400000000000318,2.2199999999999704,256.42,250.24,253.52,0.014832974821940787,0.014824375349367388,5.02000000000001,1
2022-09-13,244.33,252.48,243.94,250.97,33353300,-0.05496248162760117,250.57285714285715,266.24,257.64877777777775,-6.639999999999986,8.539999999999992,258.54,250.66,252.48,0.026612951472268838,0.01770600324389445,-8.149999999999977,0
2022-09-14,244.55,246.5,242.26,245.82,23913000,0.0009004215610035561,250.04142857142855,265.52833333333336,257.3913333333333,-1.2699999999999818,4.240000000000009,244.33,256.42,248.27,0.026082020350635757,0.017647320934291503,-3.719999999999999,1
2022-09-15,237.92,243.75,236.6,242.17,31530900,-0.027111020241259554,248.95142857142858,264.349,257.08833333333337,-4.25,7.150000000000006,244.55,258.54,245.55,0.02768680045794035,0.017222573550790956,-7.630000000000024,0
2022-09-16,237.3,237.84,234.7,236.83,39791800,-0.0026059179556152325,247.10285714285715,263.11100000000005,256.8872222222222,0.46999999999999886,3.140000000000015,237.92,244.33,250.24,0.025798138600812575,0.017149679541553203,-12.939999999999998,0
2022-09-19,237.08,237.68,233.53,235.1,26826900,-0.0009270965023177364,245.16285714285715,261.8896666666667,256.63100000000003,1.9800000000000182,4.150000000000006,237.3,244.55,250.66,0.025666059972312184,0.017159525598598187,-13.579999999999984,0
2022-09-20,235.08,236.1,232.35,234.71,26660300,-0.008435970980259827,242.11428571428573,260.685,256.4485555555556,0.37000000000000455,3.75,237.08,237.92,256.42,0.02188899562851185,0.01715369149011029,-21.340000000000003,0
2022-09-21,231.68,240.13,231.63,236.84,28625600,-0.014463161476944042,238.27714285714288,259.30333333333334,256.284,-5.159999999999997,8.5,235.08,237.3,258.54,0.01996064924135726,0.017099170954410835,-26.860000000000014,0
2022-09-22,233.65,236.44,230.34,230.64,31061200,0.008503107734806625,236.75142857142856,257.766,256.07944444444445,3.0100000000000193,6.099999999999994,231.68,237.08,244.33,0.011674690001368877,0.016382897424076295,-10.680000000000007,1
2022-09-23,230.68,233.8,228.05,232.25,34176000,-0.012711320350952274,234.77,256.1986666666667,255.8378888888889,-1.5699999999999932,5.75,233.65,235.08,244.55,0.011404871918185455,0.016428807475541284,-13.870000000000005,0
2022-09-26,230.23,234.11,229.7,229.84,27694200,-0.0019507542916595156,233.67142857142858,254.4586666666667,255.53422222222224,0.38999999999998636,4.410000000000025,230.68,231.68,237.92,0.00789456364735908,0.015865735346432482,-7.689999999999998,0
2022-09-27,229.22,234.45,227.37,232.68,27018700,-0.004386917430395652,232.5171428571429,252.63466666666667,255.34966666666665,-3.460000000000008,7.079999999999984,230.23,233.65,237.3,0.007846036091053847,0.01571040225751471,-8.080000000000013,0
2022-09-28,233.74,234.96,227.59,229.61,29029700,0.019719047203559943,232.04,250.98566666666665,255.22544444444446,4.1299999999999955,7.3700000000000045,229.22,230.68,237.08,0.01224204405641393,0.016436855360537746,-3.3400000000000034,1
2022-09-29,230.28,232.65,227.28,231.62,27484200,-0.014802772311114947,231.3542857142857,249.24633333333335,255.069,-1.3400000000000034,5.3700000000000045,233.74,230.23,235.08,0.01301539292202211,0.016494805631395507,-4.800000000000011,0
2022-09-30,225.82,233.22,225.65,231.04,35694800,-0.019367726246308874,230.51714285714283,247.39533333333335,254.776,-5.219999999999999,7.569999999999993,230.28,229.22,231.68,0.013848802711160478,0.016647079831093693,-5.860000000000014,0
2022-10-03,233.42,234.26,227.52,228.25,28880400,0.03365512354972985,230.48428571428573,245.92766666666665,254.57855555555554,5.1699999999999875,6.739999999999981,225.82,233.74,233.65,0.01958044852112716,0.01817814436036659,-0.2300000000000182,1
2022-10-04,241.31,242.75,237.53,237.64,34888400,0.03380173078570823,232.00285714285715,244.99466666666666,254.43755555555558,3.670000000000016,5.219999999999999,233.42,230.28,230.68,0.02224942410087329,0.01896899733519015,10.629999999999995,1
2022-10-05,241.62,242.96,236.68,238.51,20347100,0.0012846545936761936,233.63000000000002,244.11433333333335,254.26366666666667,3.1100000000000136,6.280000000000001,241.31,225.82,230.23,0.022073479384010396,0.01898710261910165,11.390000000000015,1
2022-10-06,239.28,242.73,238.6,240.39,20239900,-0.009684628755897704,235.06714285714287,243.177,253.9848888888889,-1.1099999999999852,4.1299999999999955,241.62,233.42,229.22,0.02261822101138487,0.019021956209638573,10.060000000000002,0
2022-10-07,227.12,233.98,226.08,233.57,37769600,-0.050819124038783,234.12142857142857,241.73533333333336,253.58577777777776,-6.449999999999989,7.899999999999977,239.28,241.31,233.74,0.03014246319799563,0.020668613672616062,-6.6200000000000045,0
2022-10-10,222.28,227.43,219.83,225.96,29743600,-0.0213103205353998,232.97857142857143,240.48000000000002,253.1268888888889,-3.680000000000007,7.599999999999994,227.12,241.62,230.28,0.03063807474286372,0.01994599929354056,-8.0,0
2022-10-11,218.55,222.09,217.29,220.7,30474000,-0.016780637034371017,231.94000000000003,239.19300000000004,252.60333333333332,-2.1499999999999773,4.800000000000011,222.28,239.28,225.82,0.030445726004882157,0.02003656004203088,-7.269999999999982,0
2022-10-12,218.88,220.93,217.15,218.54,21903900,0.001509951956074052,229.86285714285714,237.99000000000004,252.13255555555557,0.3400000000000034,3.780000000000001,218.55,227.12,233.42,0.02585042940443487,0.020063149705866864,-14.539999999999992,1
2022-10-13,227.12,228.92,212.47,213.16,42551800,0.0376461988304094,227.83571428571432,237.11,251.767,13.960000000000008,16.44999999999999,218.88,222.28,241.31,0.02692624581976038,0.02151056708381813,-14.189999999999998,1
2022-10-14,221.61,230.02,221.4,228.38,30198600,-0.024260302923564594,224.97714285714284,236.08100000000002,251.29988888888892,-6.769999999999982,8.620000000000005,227.12,218.55,241.62,0.027139724351267516,0.02184442757959184,-20.00999999999999,0
2022-10-17,230.31,231.69,227.99,228.65,28142300,0.039258156220387114,223.69571428571427,235.48233333333334,250.95188888888887,1.6599999999999966,3.6999999999999886,221.61,218.88,239.28,0.03340412899312057,0.023086295024313867,-8.969999999999999,1
2022-10-18,231.25,236.51,228.21,235.84,26329600,0.0040814554296383036,224.28571428571428,235.00566666666666,250.67477777777776,-4.590000000000003,8.299999999999983,230.31,227.12,227.12,0.026594760206273764,0.02305377809657403,4.1299999999999955,1
2022-10-19,229.29,232.32,227.16,229.83,19985700,-0.00847567567567571,225.2871428571429,234.30733333333333,250.50266666666664,-0.5400000000000205,5.159999999999997,231.25,221.61,222.28,0.0250465953444215,0.022741842453657162,7.009999999999991,0
2022-10-20,228.97,233.97,227.73,228.6,21811000,-0.0013956125430677011,226.77571428571426,233.58433333333332,250.44244444444445,0.37000000000000455,6.240000000000009,229.29,230.31,218.55,0.023471856579991995,0.022728547031139218,10.419999999999987,0
2022-10-21,234.76,235.61,227.37,227.6,26299700,0.025287155522557506,229.0442857142857,232.86233333333334,250.42255555555553,7.159999999999997,8.240000000000009,228.97,231.25,218.88,0.024267269358945333,0.022822385839546676,15.879999999999995,1
2022-10-24,239.73,240.3,233.96,236.35,24911200,0.02117055716476401,230.84571428571425,232.23533333333336,250.37966666666665,3.3799999999999955,6.340000000000003,234.76,229.29,227.12,0.021852434077415276,0.02315505678141592,12.609999999999985,1
2022-10-25,243.04,243.41,238.35,239.74,34775500,0.01380719976640388,233.90714285714284,232.19233333333335,250.44655555555553,3.299999999999983,5.060000000000002,239.73,228.97,221.61,0.01660715735639123,0.021067005104691363,21.42999999999998,1
2022-10-26,224.28,231.05,223.06,224.14,82543200,-0.07718894009216587,233.0457142857143,231.51666666666668,250.2762222222222,0.14000000000001478,7.990000000000009,243.04,234.76,230.31,0.034768626362050775,0.025346367567363713,-6.030000000000001,0
2022-10-27,219.85,226.58,218.91,224.01,40424600,-0.019752095594792254,231.41714285714286,230.9143333333333,249.9912222222222,-4.159999999999997,7.670000000000016,224.28,239.73,231.25,0.03509703449646618,0.02513535625186163,-11.400000000000006,0
2022-10-28,228.7,229.4,219.18,219.36,40647700,0.04025471912667725,231.33285714285716,230.62766666666667,249.8111111111111,9.339999999999975,10.219999999999999,219.85,243.04,229.29,0.03926036724228704,0.026309217633585937,-0.5900000000000034,1
2022-10-31,225.07,227.78,224.12,226.65,28357300,-0.015872321818976805,230.7757142857143,230.22733333333332,249.529,-1.5800000000000125,3.6599999999999966,228.7,224.28,228.97,0.039743618861884704,0.026451036374399474,-3.9000000000000057,0
2022-11-01,221.23,228.57,220.42,227.47,30592300,-0.017061358688408065,228.84285714285716,229.76566666666665,249.10922222222223,-6.240000000000009,8.150000000000006,225.07,219.85,234.76,0.03813142356849931,0.026576850339693828,-13.530000000000001,0
2022-11-02,213.41,224.27,213.35,222.48,38407000,-0.03534782805225328,225.08285714285714,229.1566666666667,248.6327777777778,-9.069999999999993,10.920000000000016,221.23,228.7,239.73,0.03693825428387822,0.02718978478758797,-26.319999999999993,0
2022-11-03,207.73,213.71,207.47,213.4,36633900,-0.02661543507801887,220.03857142857143,228.29266666666666,248.18366666666665,-5.670000000000016,6.240000000000009,213.41,225.07,243.04,0.03460995336827241,0.027460030347371347,-35.31,0
2022-11-04,214.66,214.85,206.94,210.93,36789100,0.03336061233331732,218.66428571428568,227.75866666666664,247.7708888888889,3.7299999999999898,7.909999999999997,207.73,221.23,224.28,0.029955108518955775,0.028207766035675715,-9.620000000000005,1
2022-11-07,220.94,221.46,214.55,215.24,33498000,0.029255566943072773,218.82,227.449,247.46477777777775,5.699999999999989,6.909999999999997,214.66,213.41,219.85,0.031835641805267906,0.028779543450301176,1.0900000000000034,1
2022-11-08,221.91,224.6,218.97,221.74,28192500,0.004390332216891459,217.84999999999997,227.20533333333333,247.1398888888889,0.1699999999999875,5.6299999999999955,220.94,207.73,228.7,0.027011847369383828,0.028788198093366354,-6.789999999999992,1
2022-11-09,217.68,221.68,217.51,220.45,27852900,-0.019061781803433778,216.7942857142857,226.67000000000002,246.73277777777776,-2.769999999999982,4.170000000000016,221.91,214.66,225.07,0.027271447967619957,0.028711447296109333,-7.389999999999986,0
2022-11-10,235.59,235.93,227.85,228.27,46268000,0.08227673649393603,218.84571428571425,226.847,246.48855555555554,7.319999999999993,8.080000000000013,217.68,220.94,221.23,0.041659651595300676,0.0324432242333196,14.360000000000014,1
2022-11-11,239.59,240.45,234.57,235.6,34620200,0.01697864934844433,222.58571428571432,227.30599999999998,246.2652222222222,3.990000000000009,5.8799999999999955,235.59,221.91,213.41,0.03660674938008545,0.032324465886043915,26.180000000000007,1
2022-11-14,234.2,236.49,231.93,234.63,31123300,-0.022496765307400204,226.36714285714288,227.332,245.98999999999998,-0.4300000000000068,4.560000000000002,239.59,217.68,207.73,0.03580904157727418,0.03208183710354064,26.47,0
2022-11-15,234.61,239.49,232.73,238.19,31390100,0.0017506404782238474,229.21714285714285,227.10866666666666,245.75322222222223,-3.579999999999984,6.760000000000019,234.2,235.59,214.66,0.0355137671941662,0.03146608746518836,19.950000000000017,1
2022-11-16,235.04,237.05,233.77,236.07,24093300,0.0018328289501725347,231.23142857142855,226.88933333333335,245.63777777777779,-1.0300000000000011,3.280000000000001,234.61,239.59,220.94,0.03496855842034833,0.03146729487368444,14.099999999999994,1
2022-11-17,234.99,236.52,231.05,231.2,23123500,-0.00021272974812790567,233.1,226.74633333333335,245.53199999999998,3.7900000000000205,5.469999999999999,235.04,234.2,221.91,0.03512100809687266,0.03141884229020854,13.080000000000013,0
2022-11-18,234.54,236.99,232.41,236.77,27613500,-0.0019149751053237033,235.50857142857143,226.99366666666666,245.40655555555557,-2.230000000000018,4.5800000000000125,234.99,234.61,217.68,0.0334166864266622,0.029931465456516655,16.859999999999985,0
2022-11-21,235.35,237.9,234.51,234.75,26394700,0.0034535686876439086,235.47428571428574,227.42933333333335,245.26166666666666,0.5999999999999943,3.390000000000015,234.54,235.04,235.59,0.011664687180563202,0.029620450744596443,-0.2400000000000091,1
2022-11-22,238.25,238.52,234.05,236.85,19665700,0.012322073507541983,235.28285714285715,228.08599999999998,245.17555555555555,1.4000000000000057,4.469999999999999,235.35,234.99,239.59,0.010614776631677274,0.02944907804288169,-1.3400000000000034,1
2022-11-23,240.73,241.41,237.51,238.33,19508500,0.010409233997901321,236.2157142857143,228.8143333333333,245.06033333333335,2.3999999999999773,3.9000000000000057,238.25,234.54,234.2,0.005371306447099062,0.029475241673515513,6.530000000000001,1
2022-11-25,240.64,241.82,239.9,240.46,9200800,-0.000373862833880295,237.07714285714286,229.265,244.91466666666668,0.1799999999999784,1.9199999999999875,240.73,235.35,234.61,0.005572458110639049,0.028769635293226386,6.029999999999973,0
2022-11-28,235.07,239.82,234.13,239.27,24778200,-0.023146609042553164,237.08142857142857,229.71366666666665,244.67944444444447,-4.200000000000017,5.689999999999998,240.64,238.25,235.04,0.01163105972774564,0.028734840424139284,0.030000000000001137,0
2022-11-29,233.68,236.07,231.62,234.72,17956300,-0.00591313225847614,236.8942857142857,229.826,244.4768888888889,-1.039999999999992,4.449999999999989,235.07,240.73,234.99,0.011852153197660692,0.027906567623289545,-1.3100000000000023,0
2022-11-30,248.08,248.26,233.22,233.91,47594200,0.06162273194111608,238.82857142857142,230.387,244.45077777777777,14.170000000000016,15.039999999999992,233.68,240.64,234.54,0.02631081875504392,0.030032095312173726,13.54000000000002,1
2022-12-01,247.64,249.03,243.97,246.84,26041500,-0.001773621412447703,240.5842857142857,230.99866666666665,244.49433333333332,0.799999999999983,5.060000000000002,248.08,235.07,235.35,0.026545718154618442,0.029970358316190947,12.289999999999992,0
2022-12-02,247.96,248.97,242.78,242.9,21528500,0.001292198352447188,241.97142857142856,231.63166666666666,244.36044444444448,5.060000000000002,6.189999999999998,247.64,233.68,238.25,0.026545539336664804,0.029960776172370838,9.710000000000008,1
2022-12-05,243.27,246.79,241.19,245.03,23435300,-0.018914341022745595,242.33428571428573,231.91533333333334,244.09188888888886,-1.759999999999991,5.599999999999994,247.96,248.08,240.73,0.028010170366124448,0.029918420685287144,2.5400000000000205,0
2022-12-06,238.33,244.89,237.03,243.88,22463700,-0.02030665515682163,242.00428571428571,231.86866666666666,243.7218888888889,-5.549999999999983,7.859999999999985,243.27,247.64,240.64,0.029256731847136907,0.02994205044929792,-2.309999999999974,0
2022-12-07,237.61,239.35,235.51,238.05,20481500,-0.0030210212730247925,242.36714285714288,231.68766666666664,243.37333333333336,-0.4399999999999977,3.8400000000000034,238.33,247.96,235.07,0.027665530202436832,0.029836466814154205,2.5400000000000205,0
2022-12-08,240.55,241.85,236.33,238.06,22611800,0.012373216615462302,243.34857142857143,232.23,243.09166666666667,2.490000000000009,5.519999999999982,237.61,243.27,233.68,0.027673098352878123,0.026131081175083552,6.8700000000000045,1
2022-12-09,238.63,241.44,237.4,237.93,20609700,-0.007981708584493935,241.99857142857147,232.85600000000002,242.70644444444446,0.6999999999999886,4.039999999999992,240.55,238.33,248.08,0.011481532184433962,0.025870035608316633,-9.450000000000017,0
2022-12-12,245.52,245.55,240.33,240.6,30665100,0.028873150903071763,241.6957142857143,233.41666666666666,242.38511111111112,4.920000000000016,5.219999999999999,238.63,237.61,247.64,0.01743050251084714,0.025384542039097575,-2.119999999999976,1
2022-12-13,249.81,256.61,246.06,254.45,42196900,0.01747311827956986,241.96,234.24133333333333,242.11944444444444,-4.639999999999986,10.550000000000011,245.52,240.55,247.96,0.018817991581296527,0.025274324493729797,1.8499999999999943,1
2022-12-14,250.1,255.32,247.27,250.01,35410900,0.0011608822705255677,242.93571428571428,235.2036666666667,241.8847777777778,0.09000000000000341,8.049999999999983,249.81,238.63,243.27,0.016643281370696268,0.02497324973651628,6.829999999999984,1
2022-12-15,242.12,247.16,240.49,246.7,35560400,-0.031907237105157894,243.47714285714287,236.16066666666666,241.5402222222222,-4.579999999999984,6.6699999999999875,250.1,245.52,238.33,0.01976181836396434,0.024791699379141045,3.789999999999992,0
2022-12-16,237.92,242.92,236.77,241.67,86102000,-0.0173467701965968,243.52142857142854,237.167,241.07522222222218,-3.75,6.149999999999977,242.12,249.81,237.61,0.021115174484634104,0.024445826893872633,0.30999999999997385,0
2022-12-19,233.79,238.42,232.1,238.08,29696400,-0.01735877605917954,242.55571428571426,237.8046666666667,240.58733333333333,-4.2900000000000205,6.319999999999993,237.92,250.1,240.55,0.02128973003918291,0.024155705816820264,-6.760000000000019,0
2022-12-20,235.11,236.19,231.82,232.77,25150800,0.005646092647247623,242.05285714285714,238.277,240.06155555555557,2.3400000000000034,4.3700000000000045,233.79,242.12,238.63,0.021473332889194553,0.023654401805079897,-3.519999999999982,1
2022-12-21,237.66,238.82,233.46,235.0,23690600,0.010845986984815545,240.93,238.802,239.5473333333333,2.6599999999999966,5.359999999999985,235.11,237.92,245.52,0.01795759019773208,0.02370303477198128,-7.860000000000014,1
2022-12-22,231.6,235.29,227.4,234.58,28651700,-0.025498611461752092,238.32857142857142,239.266,238.9738888888889,-2.980000000000018,7.889999999999986,237.66,233.79,249.81,0.016478984764453104,0.02393345017118217,-18.210000000000008,0
2022-12-23,232.12,232.26,227.46,229.57,21207000,0.0022452504317789735,235.76000000000002,239.15033333333335,238.41455555555558,2.5500000000000114,4.799999999999983,231.6,235.11,250.1,0.01661292583322263,0.018576792806612088,-17.97999999999999,1
2022-12-27,230.4,232.32,229.3,232.09,16688600,-0.007409960365328274,234.08571428571426,238.84400000000002,237.8484444444444,-1.6899999999999977,3.019999999999982,232.12,237.66,242.12,0.01366627226647754,0.0183251760194562,-11.719999999999999,0
2022-12-28,228.04,233.08,227.69,230.33,17457100,-0.010243055555555615,232.67428571428573,238.6386666666667,237.29944444444445,-2.2900000000000205,5.390000000000015,230.4,231.6,237.92,0.013016686091158117,0.017965830801489124,-9.879999999999995,0
2022-12-29,234.34,235.22,229.13,229.13,19770700,0.02762673215225404,232.75285714285715,238.62966666666665,236.91099999999997,5.210000000000008,6.090000000000003,228.04,232.12,233.79,0.01696233038605676,0.018695567836624623,0.5500000000000114,1
2022-12-30,233.18,233.32,230.11,231.62,21938500,-0.0049500725441665805,232.47714285714284,238.56766666666667,236.52377777777778,1.5600000000000023,3.2099999999999795,234.34,230.4,235.11,0.016894942639257737,0.0187152496943991,-1.9300000000000068,0
2023-01-03,232.95,238.95,230.83,236.35,25740000,-0.0009863624667639515,231.8042857142857,238.49966666666666,236.14100000000002,-3.4000000000000057,8.119999999999976,233.18,228.04,237.66,0.01607798386463389,0.018715946740706386,-4.710000000000008,0
2023-01-04,222.76,226.42,219.71,225.85,50623400,-0.04374329255204979,230.54142857142855,238.107,235.61199999999997,-3.0900000000000034,6.7099999999999795,232.95,234.34,231.6,0.02108152545427583,0.020341461590437104,-8.840000000000003,0
2023-01-05,216.16,221.25,215.62,220.91,39585600,-0.029628299515173255,228.26142857142858,237.46733333333333,235.12555555555554,-4.75,5.6299999999999955,222.76,233.18,232.12,0.022557712689761943,0.020950260481170716,-15.960000000000008,0
2023-01-06,218.7,219.51,213.28,216.83,43613600,0.011750555144337491,226.59,236.81566666666666,234.69822222222223,1.8699999999999761,6.22999999999999,216.16,232.95,230.4,0.024025646035860677,0.020936459647538517,-11.700000000000017,1
2023-01-09,220.83,224.84,220.14,220.18,27369800,0.009739368998628367,225.56,236.15233333333333,234.3188888888889,0.6500000000000057,4.700000000000017,218.7,222.76,228.04,0.024774779202763532,0.020922415755228536,-7.2099999999999795,1
2023-01-10,222.52,224.91,221.04,221.46,27033900,0.007652945704840817,223.87142857142857,235.54833333333332,233.9744444444444,1.0600000000000023,3.8700000000000045,220.83,216.16,234.34,0.021403972350815478,0.021003849132731355,-11.819999999999993,1
2023-01-11,229.24,229.42,224.71,224.89,28669300,0.03019953262628078,223.30857142857144,235.35399999999998,233.7162222222222,4.350000000000023,4.7099999999999795,222.52,218.7,233.18,0.025702092478009655,0.021439989905559686,-3.9399999999999977,1
2023-01-12,231.91,233.26,227.09,228.75,27269500,0.01164718199267138,223.16000000000003,235.295,233.53444444444443,3.1599999999999966,6.1699999999999875,229.24,220.83,232.95,0.02623505371819652,0.021529907346484897,-1.039999999999992,1
2023-01-13,232.61,232.74,228.42,230.44,21333300,0.003018412315122319,224.56714285714287,234.77933333333334,233.39066666666668,2.170000000000016,4.320000000000022,231.91,222.52,222.76,0.018003465571841782,0.018133832193677958,9.850000000000023,1
2023-01-17,233.7,234.24,230.53,231.38,29831300,0.00468595503202775,227.07285714285715,234.31466666666668,233.20688888888893,2.319999999999993,3.710000000000008,232.61,229.24,216.16,0.00899591735873383,0.018174722521154082,17.539999999999992,1
2023-01-18,229.28,235.67,229.0,234.88,30028700,-0.018913136499785998,228.5842857142857,233.692,232.96933333333334,-5.599999999999994,6.6699999999999875,233.7,231.91,218.7,0.01449315494079022,0.018429963921771687,10.580000000000013,0
2023-01-19,225.51,229.0,224.29,227.31,28623000,-0.016442777390090764,229.25285714285715,233.1,232.6258888888889,-1.8000000000000114,4.710000000000008,229.28,232.61,220.83,0.01681856814062313,0.018359180228723904,4.679999999999978,0
2023-01-20,233.57,234.08,228.02,228.36,35389800,0.0357412088155736,230.83142857142857,232.94133333333332,232.34844444444445,5.2099999999999795,6.060000000000002,225.51,233.7,222.52,0.020928484341410477,0.019297695619112324,11.049999999999983,1
2023-01-23,235.87,238.38,233.02,234.43,31934000,0.009847155028471171,231.77857142857144,232.88333333333333,232.25444444444446,1.4399999999999977,5.359999999999985,233.57,229.28,229.24,0.018457914000710052,0.019382364756237766,6.6299999999999955,1
2023-01-24,235.34,237.2,233.78,235.79,40234400,-0.0022470004663585922,232.26857142857142,232.70966666666666,232.15211111111114,-0.44999999999998863,3.4199999999999875,235.87,225.51,231.91,0.01827303539684948,0.01924219296105006,3.430000000000007,0
2023-01-25,233.95,236.57,224.51,227.99,66526600,-0.005906348262088955,232.46,232.55366666666666,232.108,5.9599999999999795,12.060000000000002,235.34,233.57,232.61,0.018519477439259833,0.01921826968483821,1.339999999999975,0
2023-01-26,241.14,241.44,235.3,236.91,33454500,0.030733062620217987,233.52285714285713,232.40766666666664,232.1506666666667,4.22999999999999,6.139999999999986,233.95,235.87,233.7,0.021729863425319074,0.019318965841967514,7.439999999999998,1
2023-01-27,241.29,242.91,240.0,242.1,26498900,0.0006220452848967641,235.23857142857145,232.12366666666668,232.19744444444444,-0.8100000000000023,2.9099999999999966,241.14,235.34,229.28,0.019313828913443565,0.019023527484222567,12.009999999999991,1
2023-01-30,235.99,238.8,235.5,237.74,25867400,-0.021965270007045394,236.7357142857143,231.6533333333333,232.20755555555556,-1.75,3.3000000000000114,241.29,233.95,225.51,0.020528402106885276,0.019398617456803033,10.480000000000018,0
2023-01-31,240.95,241.09,236.22,236.71,26541100,0.021017839738971904,237.79,231.61433333333335,232.31055555555557,4.239999999999981,4.8700000000000045,235.99,241.14,233.57,0.01760121272557212,0.018963296388592635,7.3799999999999955,1
2023-02-01,245.75,248.12,238.68,241.14,31259900,0.019921145465864334,239.20142857142855,231.87533333333334,232.445,4.610000000000014,9.439999999999998,240.95,241.29,235.87,0.018492370762230894,0.019007524459494857,9.879999999999995,1
2023-02-02,257.28,257.36,250.13,251.66,39940400,0.04691759918616469,242.33571428571426,232.65833333333333,232.74055555555555,5.619999999999976,7.230000000000018,245.75,235.99,235.34,0.023488544746357455,0.020408069313620048,21.93999999999997,1
2023-02-03,251.2,256.89,249.98,252.36,29077300,-0.02363184079601984,244.79999999999998,233.19466666666668,232.97355555555555,-1.160000000000025,6.909999999999997,257.28,240.95,233.95,0.026619384273778503,0.020988620208021478,17.25,0
2023-02-06,249.66,251.15,247.73,250.31,22518000,-0.006130573248407612,246.0171428571429,233.59466666666668,233.20066666666668,-0.6500000000000057,3.420000000000016,251.2,245.75,241.14,0.02557936395728667,0.02098250784865435,8.52000000000001,0
2023-02-07,260.15,261.33,252.88,253.32,50841400,0.0420171433149082,248.71142857142854,234.5463333333333,233.49411111111112,6.829999999999984,8.449999999999989,249.66,257.28,241.29,0.028900471140007055,0.021560218755787976,18.859999999999985,1
2023-02-08,259.35,269.1,258.84,265.64,54686000,-0.0030751489525272136,252.0485714285714,235.454,233.81711111111113,-6.289999999999964,10.260000000000048,260.15,251.2,235.99,0.026030949897787172,0.02159790278138369,23.360000000000014,0
2023-02-09,256.32,266.4,255.53,266.22,42375100,-0.01168305378831706,254.24428571428572,236.31799999999996,234.156,-9.900000000000034,10.869999999999976,259.35,249.66,240.95,0.027429491454717035,0.0216891573039276,15.370000000000005,0
2023-02-10,255.82,256.78,253.44,254.29,25818500,-0.0019506866416978776,255.68285714285713,237.244,234.40488888888888,1.5300000000000011,3.339999999999975,256.32,260.15,245.75,0.027248586469863657,0.02155663223970383,10.069999999999993,0
2023-02-13,263.81,267.0,259.76,260.23,44630900,0.031232898131498748,256.61571428571426,238.22633333333334,234.65488888888888,3.579999999999984,7.240000000000009,255.82,259.35,257.28,0.023749717816677517,0.02170212547991723,6.53000000000003,1
2023-02-14,264.64,267.36,261.83,265.12,37047900,0.0031462037072134646,258.5357142857143,239.275,234.91066666666666,-0.4800000000000182,5.53000000000003,263.81,256.32,251.2,0.020528074151698765,0.021634871358538144,13.439999999999998,1
2023-02-15,262.52,263.9,259.46,261.55,28922400,-0.008010882708585266,260.37285714285713,240.26066666666665,235.1688888888889,0.9699999999999704,4.439999999999998,264.64,255.82,249.66,0.020749572612798455,0.021733556890037645,12.859999999999985,0
2023-02-16,255.53,260.01,255.29,257.35,29603600,-0.02662654273960072,259.71285714285716,241.353,235.48455555555557,-1.8200000000000216,4.719999999999999,262.52,263.81,260.15,0.01764071234434528,0.02062755643374746,-4.619999999999976,0
2023-02-17,251.55,253.52,249.54,252.84,30000100,-0.015575470590537275,258.5985714285714,242.53266666666667,235.80977777777775,-1.289999999999992,3.980000000000018,255.53,264.64,259.35,0.018336601872360574,0.019968040610038058,-7.800000000000011,0
2023-02-21,246.29,249.04,245.24,248.06,28397400,-0.0209103557940768,257.1657142857143,243.45233333333334,236.118,-1.7700000000000102,3.799999999999983,251.55,262.52,256.32,0.01927124091914095,0.020485495290922015,-10.030000000000001,0
2023-02-22,245.16,247.92,244.02,247.68,22491100,-0.004588087214259595,255.64285714285714,244.26333333333335,236.40999999999997,-2.5200000000000102,3.8999999999999773,246.29,255.53,255.82,0.01921534891612504,0.020518137995403925,-10.659999999999997,0
2023-02-23,248.34,250.36,244.16,249.11,29219100,0.012971120900636348,253.43285714285713,245.124,236.64577777777777,-0.7700000000000102,6.200000000000017,245.16,251.55,263.81,0.013813247837479673,0.0205764359849441,-15.469999999999999,1
2023-02-24,242.93,244.66,241.84,243.65,24990900,-0.021784650076508,250.33142857142857,245.58033333333333,236.88266666666667,-0.7199999999999989,2.819999999999993,248.34,246.29,264.64,0.013516783343065724,0.020471179128825668,-21.70999999999998,0
2023-02-27,243.84,246.44,243.09,246.09,21190000,0.003745935043016493,247.66285714285712,245.978,237.03300000000002,-2.25,3.3499999999999943,242.93,245.16,262.52,0.014777567324574846,0.020395277417771064,-18.67999999999998,1
2023-02-28,243.12,245.14,242.45,242.78,22491000,-0.002952755905511806,245.89000000000001,246.32833333333332,237.1648888888889,0.3400000000000034,2.6899999999999977,243.84,248.34,255.53,0.013052072636804524,0.020412838024352047,-12.409999999999997,0
2023-03-01,240.05,244.6,239.58,244.43,27565300,-0.012627509049029258,244.24714285714285,246.54,237.28444444444446,-4.3799999999999955,5.019999999999982,243.12,242.93,251.55,0.01277437318798511,0.02056888051730874,-11.5,0
2023-03-02,244.77,245.05,239.41,240.33,24808200,0.019662570297854606,244.03,247.05633333333336,237.45999999999998,4.439999999999998,5.640000000000015,240.05,243.84,246.29,0.014307663739393678,0.020480442059152,-1.5199999999999818,1
2023-03-03,248.85,249.17,245.04,245.82,30760100,0.01666870940066178,244.55714285714288,247.83433333333332,237.61655555555558,3.030000000000001,4.1299999999999955,244.77,243.12,245.16,0.015568931432688986,0.020322557064240025,3.6899999999999977,1
2023-03-06,250.39,253.55,249.52,249.96,24109800,0.006188466947960587,244.85,248.395,237.735,0.4299999999999784,4.030000000000001,248.85,240.05,248.34,0.014990095416743518,0.019400473768367874,2.049999999999983,1
2023-03-07,247.73,251.18,246.99,249.83,21473200,-0.010623427453173037,245.53571428571428,248.79033333333334,237.7871111111111,-2.1000000000000227,4.189999999999998,250.39,244.77,242.93,0.012518812702121468,0.019492955130765276,4.799999999999983,0
2023-03-08,247.3,248.11,244.48,247.63,17340200,-0.0017357607072214848,246.03,249.189,238.04288888888888,-0.3299999999999841,3.630000000000024,247.73,248.85,243.84,0.012625590516556026,0.019489501550970952,3.460000000000008,0
2023-03-09,245.95,253.01,245.23,249.36,26653400,-0.005458956732713395,246.43428571428572,249.589,238.33288888888887,-3.410000000000025,7.780000000000001,247.3,250.39,243.12,0.012826130174366245,0.019483543561744397,2.829999999999984,0
2023-03-10,242.31,246.41,241.35,244.74,28333900,-0.014799756047977177,246.75714285714284,249.62800000000001,238.4841111111111,-2.430000000000007,5.060000000000002,245.95,247.73,240.05,0.013250509933426427,0.018921400550366427,2.259999999999991,0
2023-03-13,247.51,251.4,239.53,241.15,33339700,0.021460113078288098,247.14857142857142,249.83533333333335,238.73344444444442,6.359999999999985,11.870000000000005,242.31,247.3,244.77,0.013673751272802756,0.019310861986724083,2.7399999999999807,1
2023-03-14,254.21,254.48,249.4,250.27,33620300,0.02706961334895567,247.91428571428568,250.4426666666667,239.09988888888887,3.9399999999999977,5.079999999999984,247.51,245.95,248.85,0.015950579422432967,0.019372722342204367,5.360000000000014,1
2023-03-15,258.74,259.75,252.67,253.42,46028000,0.01781991267062665,249.10714285714286,251.03566666666666,239.60355555555554,5.320000000000022,7.0800000000000125,254.21,242.31,250.39,0.016896772896897134,0.01927679687030133,8.350000000000023,1
2023-03-16,269.23,269.58,256.63,258.51,54768800,0.04054262966684706,252.17857142857142,251.8183333333333,240.28688888888888,10.720000000000027,12.949999999999989,258.74,247.51,247.73,0.01990283960608853,0.020259987714809056,21.50000000000003,1
2023-03-17,272.38,276.18,269.34,271.24,69527400,0.011700033428666854,255.76142857142855,252.32166666666666,240.92822222222225,1.1399999999999864,6.840000000000032,269.23,254.21,247.3,0.01896893028542003,0.018593866945222415,25.079999999999984,1
2023-03-20,265.36,270.47,263.04,269.99,43466600,-0.025772817387473317,258.5342857142857,252.79366666666664,241.4217777777778,-4.6299999999999955,7.430000000000007,272.38,258.74,245.95,0.023470313246303096,0.018699717952547396,19.410000000000025,0
2023-03-21,266.87,268.06,262.72,267.94,34558700,0.005690382876092821,262.04285714285714,253.36733333333333,241.92133333333337,-1.0699999999999932,5.339999999999975,265.36,269.23,242.31,0.020823666226685397,0.018647014057756987,24.560000000000002,1
2023-03-22,265.42,273.95,265.31,266.5,34873300,-0.0054333570652377134,264.6014285714286,253.54300000000003,242.45177777777778,-1.079999999999984,8.639999999999986,266.87,272.38,247.51,0.021696188604854467,0.01711985311909662,17.910000000000025,0
2023-03-23,270.65,273.96,268.25,270.92,36610900,0.019704619094265546,266.95,253.91966666666667,242.84133333333335,-0.27000000000003865,5.7099999999999795,265.42,265.36,254.21,0.020907765189393277,0.01744372516695433,16.43999999999997,1
2023-03-24,273.49,273.55,268.33,270.24,28172000,0.010493256973951717,269.0571428571429,254.49200000000002,243.21800000000002,3.25,5.220000000000027,270.65,266.87,258.74,0.02058396574048518,0.017332306521178904,14.75,1
2023-03-27,269.4,274.35,268.56,273.42,26840200,-0.014954842955866875,269.08142857142855,254.94466666666668,243.6091111111111,-4.020000000000039,5.7900000000000205,273.49,265.42,269.23,0.016252012653516775,0.017602991276275924,0.16999999999995907,0
2023-03-28,268.28,269.17,265.18,268.83,21878600,-0.004157386785449163,268.4957142857143,255.09366666666668,243.9832222222222,-0.5500000000000114,3.990000000000009,269.4,270.65,272.38,0.015468810434334913,0.016731992527050696,-4.100000000000023,0
2023-03-29,273.43,274.04,271.38,271.92,25087000,0.019196362009840595,269.6485714285714,255.38666666666668,244.40977777777775,1.509999999999991,2.660000000000025,268.28,273.49,265.36,0.013143316168644318,0.017066332699252236,8.069999999999993,1
2023-03-30,276.88,277.28,274.37,277.05,25053400,0.012617488936839368,271.0785714285715,255.86533333333333,244.87522222222222,-0.17000000000001592,2.909999999999968,273.43,269.4,266.87,0.013515448699716215,0.01709670940830984,10.009999999999991,1
2023-03-31,281.02,281.97,275.86,276.57,32766000,0.014952325917364874,273.3071428571429,256.715,245.39166666666668,4.449999999999989,6.110000000000014,276.88,268.28,265.42,0.012990162792956648,0.01637295045612712,15.599999999999966,1
2023-04-03,279.98,280.99,276.78,279.29,24883300,-0.003700804213223129,274.64,257.66266666666667,245.88755555555556,0.6899999999999977,4.210000000000036,281.02,273.43,270.65,0.0125598646329173,0.01604097499591061,9.330000000000041,0
2023-04-04,279.93,283.12,278.46,279.98,25824300,-0.0001785841845846538,275.56,258.784,246.35066666666668,-0.05000000000001137,4.660000000000025,279.98,276.88,273.49,0.012417630858865655,0.015377035951649616,6.439999999999998,0
2023-04-05,277.16,279.9,275.78,278.63,22064800,-0.009895330975600978,276.66857142857145,259.85066666666665,246.75544444444444,-1.4699999999999704,4.1200000000000045,279.93,281.02,269.4,0.011265217325364977,0.015513814526746682,7.760000000000048,0
2023-04-06,284.24,284.71,274.91,276.06,29770300,0.025544811661134304,278.9485714285714,261.0473333333333,247.23988888888888,8.180000000000007,9.799999999999955,277.16,279.98,268.28,0.013076422522033886,0.01592301698112061,15.960000000000036,1
2023-04-10,282.08,282.29,277.52,281.91,23103000,-0.007599211933577346,280.1842857142857,262.3523333333334,247.7622222222222,0.16999999999995907,4.770000000000039,284.24,279.93,273.43,0.013296486931327735,0.015310315518487532,8.649999999999977,0
2023-04-11,275.69,278.76,274.53,278.54,27276600,-0.022653148043108293,280.0142857142857,263.414,248.229,-2.8500000000000227,4.230000000000018,282.08,277.16,276.88,0.01610842399090303,0.01612797297871128,-1.1899999999999977,0
2023-04-12,276.33,279.76,274.84,277.6,27403400,0.0023214480031919413,279.3442857142857,264.521,248.54288888888888,-1.2700000000000387,4.920000000000016,275.69,284.24,281.02,0.01473756414842157,0.016075687086994306,-4.689999999999998,1
2023-04-13,282.52,282.58,276.02,276.43,24222700,0.022400752723193276,279.70714285714286,265.93666666666667,248.93044444444448,6.089999999999975,6.560000000000002,276.33,282.08,279.98,0.017389968171489863,0.016068278606251905,2.5399999999999636,1
2023-04-14,278.92,281.2,276.53,279.75,20987900,-0.012742460710746022,279.5628571428571,267.075,249.2744444444444,-0.8299999999999841,4.670000000000016,282.52,275.69,279.93,0.018211435439510468,0.016177012200822332,-1.009999999999991,0
2023-04-17,281.51,284.24,278.94,282.61,23836200,0.009285816721640524,280.1842857142857,268.16366666666664,249.69933333333336,-1.1000000000000227,5.300000000000011,278.92,276.33,277.16,0.017981765187264416,0.01604091836081396,4.349999999999966,1
2023-04-18,281.09,284.39,279.76,284.21,20161800,-0.0014919541046499803,279.7342857142857,269.187,250.17444444444445,-3.1200000000000045,4.6299999999999955,281.51,282.52,284.24,0.014794324752971153,0.016070057137551785,-3.150000000000034,0
2023-04-19,281.17,281.75,277.36,278.77,17150300,0.00028460635383699504,279.6042857142857,270.3016666666667,250.65844444444443,2.400000000000034,4.389999999999986,281.09,278.92,282.08,0.01455042740639814,0.015849984550357226,-0.9099999999999682,1
2023-04-20,278.89,281.73,277.88,278.05,23244400,-0.00810897321904908,280.06142857142856,271.3546666666667,251.08444444444442,0.839999999999975,3.8500000000000227,281.17,281.51,275.69,0.011571834823731524,0.015976575594453195,3.1999999999999886,0
2023-04-21,278.55,279.04,275.91,277.81,21676400,-0.001219118648929596,280.37857142857143,272.4413333333333,251.528,0.7400000000000091,3.1299999999999955,278.89,281.09,276.33,0.011617789720079926,0.01590735783156884,2.2200000000000273,0
2023-04-24,274.66,277.76,271.68,274.97,26611000,-0.013965176808472398,279.2557142857143,273.5196666666667,251.85177777777778,-0.3100000000000023,6.079999999999984,278.55,281.17,282.52,0.008180394661781788,0.015873535167095405,-7.859999999999957,0
2023-04-25,268.47,274.49,268.42,272.45,45772200,-0.022536954780455826,277.7628571428572,274.2183333333333,252.05911111111112,-3.9799999999999613,6.069999999999993,274.66,278.89,278.92,0.010449212331258754,0.016261814041437082,-10.449999999999989,0
2023-04-26,287.91,292.01,285.34,289.21,64599200,0.0724103251759973,278.6771428571429,275.34166666666664,252.4792222222222,-1.2999999999999545,6.670000000000016,268.47,278.55,281.51,0.031421267264242235,0.020217216226400315,6.400000000000034,1
2023-04-27,297.13,297.5,287.8,288.5,46462600,0.03202389635650019,280.96857142857147,276.6213333333333,253.09044444444444,8.629999999999995,9.699999999999989,287.91,274.66,281.09,0.03302433104492411,0.020703962858462734,16.04000000000002,1
2023-04-28,299.5,301.13,295.65,296.34,36469600,0.00797630666711542,283.58714285714285,277.63033333333334,253.7746666666667,3.160000000000025,5.480000000000018,297.13,268.47,281.17,0.03283624033907527,0.019590476656775695,18.329999999999984,1
2023-05-01,297.85,300.81,297.45,299.22,21294100,-0.00550918196994984,286.2957142857143,278.4793333333334,254.48644444444446,-1.3700000000000045,3.3600000000000136,299.5,287.91,278.89,0.03261770090464435,0.01960130273993542,18.960000000000036,0
2023-05-02,297.7,301.37,296.24,299.99,26404400,-0.0005036091992614876,289.0314285714286,279.5573333333333,255.18188888888886,-2.2900000000000205,5.1299999999999955,297.85,297.13,278.55,0.03257820880728563,0.01884312939766443,19.149999999999977,0
2023-05-03,296.72,300.82,296.41,298.88,22360800,-0.00329190460194814,292.18285714285713,280.5523333333333,255.83811111111112,-2.159999999999968,4.409999999999968,297.7,299.5,274.66,0.03150245336807061,0.018886793798224277,22.060000000000002,0
2023-05-04,297.7,299.99,295.74,298.51,22519900,0.0033027770288486156,296.3585714285714,281.62833333333333,256.5725555555556,-0.8100000000000023,4.25,296.72,297.85,268.47,0.028187510650749408,0.018808157376311745,29.22999999999996,1
2023-05-05,302.81,304.09,296.59,298.0,28197100,0.017164931138730313,298.4871428571428,282.70033333333333,257.35799999999995,4.810000000000002,7.5,297.7,297.7,287.91,0.013305277343311318,0.018740628117321512,14.899999999999977,1
2023-05-08,300.86,302.37,298.36,302.3,21318600,-0.006439681648558465,299.02,283.6126666666667,258.14088888888887,-1.4399999999999977,4.009999999999991,302.81,296.72,297.13,0.008456116091028103,0.018790615959091116,3.730000000000018,0
2023-05-09,299.25,302.21,298.58,300.22,21340800,-0.005351326198231781,298.9842857142857,284.6076666666667,258.9321111111111,-0.9700000000000273,3.6299999999999955,300.86,297.7,299.5,0.008337009788398691,0.018548241187377586,-0.25,0
2023-05-10,304.43,305.1,299.9,300.83,30078000,0.01730994152046786,299.92428571428576,285.81266666666664,259.71088888888886,3.6000000000000227,5.2000000000000455,299.25,302.81,297.85,0.010132655710906099,0.018649623971034972,6.579999999999984,1
2023-05-11,302.28,303.27,298.53,302.27,31680200,-0.007062378871990389,300.5785714285715,286.77433333333335,260.4786666666667,0.009999999999990905,4.740000000000009,304.43,300.86,297.7,0.010809619218271492,0.01854651460919065,4.579999999999984,0
2023-05-12,301.17,302.81,298.86,302.71,19774700,-0.0036720921000395557,301.2142857142857,287.584,261.2366666666667,-1.5399999999999636,3.9499999999999886,302.28,299.25,296.72,0.010842910482067156,0.018509143638175428,4.449999999999989,0
2023-05-15,301.65,302.08,299.82,301.3,16336500,0.0015937842414581842,301.7785714285714,288.27166666666665,262.11322222222225,0.3499999999999659,2.259999999999991,301.17,304.43,297.7,0.01083262208588911,0.01837107348250745,3.9499999999999886,1
2023-05-16,303.87,305.79,302.01,302.01,26730300,0.007359522625559514,301.93,289.06800000000004,263.0877777777778,1.8600000000000136,3.7800000000000296,301.65,302.28,302.81,0.009016730731968103,0.01835283203726876,1.0600000000000023,1
2023-05-17,306.74,307.16,303.56,305.07,24315000,0.00944482838055749,302.77,289.9616666666667,264.066,1.670000000000016,3.6000000000000227,303.87,301.17,300.86,0.00896785826538458,0.01838139270065827,5.8799999999999955,1
2023-05-18,311.16,311.67,306.47,307.26,27276000,0.014409597704896707,304.47142857142853,291.095,265.06966666666665,3.900000000000034,5.199999999999989,306.74,301.65,299.25,0.009082610379227985,0.018319248395131285,11.910000000000025,1
2023-05-19,310.98,311.38,309.06,309.42,27546700,-0.0005784805244890308,305.40714285714284,291.98633333333333,266.0525555555556,1.5600000000000023,2.319999999999993,311.16,303.87,304.43,0.007651104982004373,0.017876474645082036,6.550000000000011,0
2023-05-22,313.76,315.13,310.66,311.24,24115700,0.008939481638690502,307.04714285714283,293.0423333333334,266.9916666666667,2.519999999999982,4.46999999999997,310.98,306.74,302.28,0.006408592706822238,0.017788283263443175,11.480000000000018,1
2023-05-23,307.97,315.26,307.96,312.63,30797200,-0.018453595104538385,308.0185714285714,294.1183333333333,267.8367777777778,-4.659999999999968,7.300000000000011,313.76,311.16,301.17,0.01080599430671478,0.017589127395842157,6.800000000000011,0
2023-05-24,306.6,309.18,305.38,307.46,23384900,-0.004448485242069047,308.7257142857143,295.1273333333333,268.6588888888889,-0.8599999999999568,3.8000000000000114,307.97,310.98,301.65,0.011194231736102928,0.017652640292891375,4.9500000000000455,0
2023-05-25,318.39,319.34,312.6,315.77,43301700,0.03845401174168285,310.8,296.32300000000004,269.59988888888887,2.6200000000000045,6.739999999999952,306.6,313.76,303.87,0.017749015911414222,0.01846621394876872,14.519999999999982,1
2023-05-26,325.2,325.69,316.39,316.53,36630600,0.021388862715537558,313.4371428571429,297.86566666666664,270.66566666666665,8.670000000000016,9.300000000000011,318.39,307.97,306.74,0.018596836982711827,0.01844080004923995,18.45999999999998,1
2023-05-30,323.55,327.98,322.88,327.48,29503100,-0.0050738007380073105,315.20714285714286,299.267,271.755,-3.930000000000007,5.100000000000023,325.2,306.6,311.16,0.01902334784925988,0.018519713371958072,12.389999999999986,0
2023-05-31,320.8,328.17,319.76,324.61,45950600,-0.008499459125328387,316.61,300.59066666666666,272.72422222222224,-3.8100000000000023,8.410000000000025,323.55,318.39,310.98,0.019686336503767155,0.0186457263227665,9.819999999999993,0
2023-06-01,324.89,325.82,317.21,318.4,26773900,0.012749376558603413,318.2,302.04799999999994,273.71333333333337,6.490000000000009,8.610000000000014,320.8,325.2,313.76,0.019877550996161248,0.018685585584613303,11.129999999999995,1
2023-06-02,327.65,329.7,324.86,326.52,25873800,0.008495182985010284,321.01142857142855,303.67333333333335,274.739,1.1299999999999955,4.839999999999975,324.89,323.55,307.97,0.01693369160197984,0.01852935217683628,19.67999999999995,1
2023-06-05,328.17,330.73,326.92,327.47,21307100,0.001587059362124336,324.09285714285716,305.32733333333334,275.7858888888889,0.6999999999999886,3.8100000000000023,327.65,320.8,306.6,0.016275094230841336,0.0185010780048702,21.569999999999993,1
2023-06-06,325.97,327.62,324.49,327.58,20396200,-0.006703842520644753,325.17571428571426,307.0376666666667,276.7284444444444,-1.6099999999999568,3.1299999999999955,328.17,324.89,318.39,0.011223077344948713,0.018281934889788996,7.580000000000041,0
2023-06-07,315.91,326.76,315.05,323.98,40717100,-0.030861735742553,323.84857142857146,308.61899999999997,277.5575555555555,-8.069999999999993,11.70999999999998,325.97,327.65,325.2,0.014248594982154132,0.018784452615686394,-9.289999999999964,0
2023-06-08,317.74,319.09,315.88,316.45,23277700,0.005792789085498983,323.0185714285714,309.61333333333334,278.4658888888889,1.2900000000000205,3.2099999999999795,315.91,328.17,323.55,0.014702410753901765,0.01392345312760272,-5.810000000000002,1
2023-06-09,319.24,322.36,316.91,317.48,22529000,0.004720840939132624,322.7957142857143,310.35033333333337,279.33577777777776,1.759999999999991,5.449999999999989,317.74,325.97,320.8,0.014651052419010588,0.012836841161782117,-1.5600000000000023,1
2023-06-12,324.18,324.42,317.64,320.99,24260300,0.015474251346948997,322.69428571428574,311.173,280.20722222222224,3.1899999999999977,6.78000000000003,319.24,315.91,324.89,0.015094429683341527,0.013019345772065025,-0.7099999999999795,1
2023-06-13,326.56,329.19,322.75,326.74,22951300,0.007341600345487061,322.5385714285714,312.13,280.977,-0.18000000000000682,6.439999999999998,324.18,317.74,327.65,0.014989434081589299,0.012950322357064992,-1.089999999999975,1
2023-06-14,329.54,331.2,325.12,326.61,26003800,0.009125428711416028,322.7342857142857,313.1913333333333,281.8474444444445,2.930000000000007,6.079999999999984,326.56,319.24,328.17,0.015418824535861232,0.012975871671421387,1.3700000000000045,1
2023-06-15,340.05,341.75,329.41,329.68,38899100,0.031892941676275995,324.7457142857143,314.6356666666667,282.8517777777778,10.370000000000005,12.339999999999975,329.54,324.18,325.97,0.018849957133442907,0.013900413069800648,14.079999999999984,1
2023-06-16,334.42,343.35,334.05,343.2,46552000,-0.016556388766357875,327.39,315.8596666666666,283.677,-8.779999999999973,9.300000000000011,340.05,326.56,315.91,0.014414226717462713,0.0144294280408177,18.50999999999999,0
2023-06-20,330.24,334.17,328.1,331.47,26375400,-0.012499252437055219,329.17571428571426,316.774,284.4646666666667,-1.2300000000000182,6.069999999999993,334.42,329.54,317.74,0.016449569680217675,0.014511253381761336,12.5,0
2023-06-21,325.85,329.92,324.39,328.6,25117800,-0.013293362403100733,330.12,317.60699999999997,285.2372222222223,-2.75,5.53000000000003,330.24,340.05,319.24,0.017957814399628062,0.014717410257996985,6.610000000000014,0
2023-06-22,331.86,332.26,325.63,326.4,23556800,0.018444069357066106,331.21714285714285,318.694,286.0821111111111,5.460000000000036,6.6299999999999955,325.85,334.42,324.18,0.01833093572925212,0.014904787193522014,7.680000000000007,1
2023-06-23,327.28,330.15,325.74,326.63,23146900,-0.013801000421864764,331.32000000000005,319.4556666666667,286.7873333333333,0.6499999999999773,4.409999999999968,331.86,330.24,326.56,0.019307061868618917,0.01499718491409562,0.7199999999999704,0
2023-06-26,321.0,328.34,320.9,326.01,21520600,-0.019188462478611504,330.09999999999997,320.07966666666664,287.41355555555555,-5.009999999999991,7.439999999999998,327.28,325.85,329.54,0.020140220214666205,0.0154218539445483,-8.54000000000002,0
2023-06-27,326.84,328.38,321.69,324.19,24354100,0.018193146417445405,328.2128571428571,320.9353333333333,288.12822222222223,2.6499999999999773,6.689999999999998,321.0,331.86,340.05,0.016446520586249465,0.01565364231184193,-13.210000000000036,1
2023-06-28,328.09,330.17,326.09,326.92,20259500,0.0038245012850324322,327.3085714285714,321.81666666666666,288.93444444444447,1.169999999999959,4.080000000000041,326.84,327.28,334.42,0.015965914925383858,0.015652775796280903,-6.330000000000041,1
2023-06-29,327.31,328.34,324.93,326.97,16997000,-0.0023773964460970247,326.89,322.598,289.7762222222222,0.339999999999975,3.409999999999968,328.09,321.0,330.24,0.015368957200397151,0.015658551477626074,-2.930000000000007,0
2023-06-30,332.67,334.81,329.41,329.94,26832800,0.016375912743270948,327.86428571428576,323.46233333333333,290.736,2.730000000000018,5.399999999999977,327.31,326.84,325.85,0.015558663367195353,0.015813422970407585,6.819999999999993,1
2023-07-03,330.18,333.02,328.79,331.35,12508700,-0.007484894940932483,327.6242857142857,324.0963333333333,291.6806666666667,-1.170000000000016,4.229999999999961,332.67,328.09,331.86,0.014325320937940079,0.015765696936005772,-1.6800000000000068,0
2023-07-05,330.33,333.75,326.99,327.34,18172400,0.0004542976558240271,328.06,324.74133333333333,292.59166666666664,2.990000000000009,6.759999999999991,330.18,327.31,327.28,0.013103149472260421,0.015760774908330468,3.0500000000000114,1
2023-07-06,333.38,335.06,327.75,329.5,28161200,0.009233191051372904,329.82857142857137,325.3953333333333,293.5966666666667,3.8799999999999955,7.310000000000002,330.33,332.67,321.0,0.00959387078023201,0.015765238887782473,12.379999999999995,1
2023-07-07,329.43,333.89,329.21,331.48,21214800,-0.011848341232227454,330.1985714285714,326.1106666666667,294.54766666666666,-2.0500000000000114,4.680000000000007,333.38,330.18,326.84,0.00966748719917855,0.015511749265893672,2.590000000000032,0
2023-07-10,324.16,327.48,320.02,326.87,32791400,-0.015997328719302983,329.63714285714286,326.696,295.44811111111113,-2.7099999999999795,7.460000000000036,329.43,330.33,328.09,0.011490802690091723,0.015826747627666973,-3.92999999999995,0
2023-07-11,324.79,325.17,319.44,323.41,26698200,0.0019434846989141023,329.27714285714285,326.9093333333333,296.38966666666664,1.3799999999999955,5.730000000000018,324.16,333.38,327.31,0.011561897900386609,0.014250485908529776,-2.519999999999982,1
2023-07-12,329.41,333.75,327.91,328.82,29995300,0.014224575879799268,328.8114285714286,327.04966666666667,297.33011111111114,0.5900000000000318,5.839999999999975,324.79,329.43,332.67,0.011038343262894533,0.013949753076269465,-3.259999999999991,1
2023-07-13,334.74,335.79,331.18,331.71,20567200,0.01618044382380615,329.46285714285716,327.42266666666666,298.28444444444443,3.0300000000000296,4.610000000000014,329.41,324.16,330.18,0.012388919149768524,0.014193307910553296,4.560000000000002,1
2023-07-14,337.26,343.31,336.35,339.56,28352700,0.007528230865746495,330.45285714285717,327.9713333333333,299.24966666666666,-2.3000000000000114,6.9599999999999795,334.74,324.79,330.33,0.012526975779036097,0.01411583563599845,6.930000000000007,1
2023-07-17,337.74,338.97,334.29,337.69,20363900,0.0014232342999466827,331.0757142857143,328.39966666666675,300.24977777777775,0.05000000000001137,4.680000000000007,337.26,329.41,333.38,0.01222743013528962,0.013962568763651866,4.360000000000014,1
2023-07-18,351.18,358.3,334.26,337.84,64738600,0.039793924320483204,334.1828571428572,329.18399999999997,301.404,13.340000000000032,24.04000000000002,337.74,334.74,329.43,0.0171305143678981,0.015586786076896248,21.75,1
2023-07-19,346.87,354.08,344.29,353.39,39732900,-0.012272908479981783,337.4271428571429,329.80733333333336,302.5253333333333,-6.519999999999982,9.789999999999964,351.18,337.26,324.16,0.0162490241497661,0.01581639210405145,22.70999999999998,0
2023-07-20,338.85,349.7,337.39,345.4,33778400,-0.023121053997174682,339.4357142857143,330.2366666666667,303.598,-6.5499999999999545,12.310000000000002,346.87,337.74,324.79,0.020486137266509753,0.01640007469131452,14.060000000000002,0
2023-07-21,335.82,342.2,331.97,341.08,69405400,-0.008942009738822575,340.3514285714286,330.9003333333333,304.57922222222226,-5.259999999999991,10.229999999999961,338.85,351.18,329.41,0.020851326067116798,0.015367970962501592,6.409999999999968,0
2023-07-24,337.13,338.9,334.4,337.86,26678100,0.003900899291287006,340.6928571428571,331.5466666666667,305.5005555555556,-0.7300000000000182,4.5,335.82,346.87,334.74,0.020053155752684407,0.015356396504567394,2.3899999999999864,1
2023-07-25,342.87,343.76,337.09,339.09,41637700,0.01702607302820873,341.4942857142857,332.33433333333335,306.43533333333335,3.7800000000000296,6.670000000000016,337.13,338.85,337.26,0.020858846188192275,0.015591633751481202,5.610000000000014,1
2023-07-26,329.96,336.7,325.41,333.55,58383700,-0.03765275468836592,340.3828571428571,332.527,307.1101111111111,-3.590000000000032,11.289999999999964,342.87,335.82,337.74,0.02584227884685578,0.017018949241688012,-7.78000000000003,0
2023-07-27,323.08,333.44,321.44,332.61,39635300,-0.02085101224390834,336.36857142857144,332.411,307.67344444444444,-9.53000000000003,12.0,329.96,337.13,351.18,0.018093447326083395,0.01741498779984999,-28.100000000000023,0
2023-07-28,330.55,332.15,325.47,325.96,28484900,0.023121208369444188,334.0371428571429,332.44466666666665,308.3977777777778,4.590000000000032,6.67999999999995,323.08,342.87,346.87,0.0223517005046773,0.01785560687893323,-16.319999999999993,1
2023-07-31,328.16,329.89,325.65,329.13,25446000,-0.00723037361972466,332.51000000000005,332.04833333333335,309.07877777777776,-0.9699999999999704,4.240000000000009,330.55,329.96,338.85,0.02117552274953933,0.016866587113370066,-10.689999999999998,0
2023-08-01,328.57,330.71,325.99,327.44,18311900,0.0012493905411993177,331.4742857142857,331.85333333333335,309.78044444444447,1.1299999999999955,4.71999999999997,328.16,323.08,335.82,0.021159566845787174,0.016613436449665318,-7.25,1
2023-08-02,319.93,325.92,318.82,325.92,27761300,-0.026295766503332582,329.01714285714286,331.5096666666667,310.32800000000003,-5.990000000000009,7.100000000000023,328.57,330.55,337.13,0.022568533939009712,0.017140921160270453,-17.19999999999999,0
2023-08-03,319.11,322.25,318.42,318.46,18253700,-0.0025630606695214364,325.6228571428572,331.285,310.8348888888889,0.6500000000000341,3.829999999999984,319.93,328.16,342.87,0.02014326346785036,0.01698495413573251,-23.75999999999999,0
2023-08-04,320.2,327.39,319.68,324.21,23741500,0.0034157500548399455,324.2285714285714,330.8963333333333,311.39933333333335,-4.009999999999991,7.7099999999999795,319.11,328.57,329.96,0.016388395889566188,0.016622985045546754,-9.759999999999991,1
2023-08-07,322.48,323.46,319.95,320.78,17741500,0.007120549656464802,324.14285714285717,330.73633333333333,312.00155555555557,1.7000000000000455,3.509999999999991,320.2,319.93,323.08,0.014992420621245131,0.01650840633520366,-0.5999999999999659,1
2023-08-08,318.51,321.15,315.53,319.4,22327600,-0.012310840982386589,322.42285714285714,330.65333333333336,312.50244444444445,-0.8899999999999864,5.6200000000000045,322.48,319.11,330.55,0.011359918260486155,0.016284157076021537,-12.04000000000002,0
2023-08-09,314.78,319.55,313.63,318.92,22373300,-0.01171077831151304,320.51142857142855,330.2513333333334,312.92355555555554,-4.140000000000043,5.920000000000016,318.51,320.2,328.16,0.011614733184862395,0.016037166257901973,-13.380000000000052,0
2023-08-10,315.47,320.67,313.76,318.48,20113700,0.002192007116081246,318.64,329.8306666666667,313.3063333333333,-3.009999999999991,6.910000000000025,314.78,322.48,328.57,0.011716062673719267,0.016022544869890236,-13.099999999999966,1
2023-08-11,313.59,314.96,311.83,312.86,24355500,-0.00595936222144753,317.7342857142857,329.3733333333333,313.67977777777776,0.7299999999999613,3.1299999999999955,315.47,318.51,319.93,0.0075483123572845185,0.01604508652769499,-6.340000000000032,0
2023-08-14,316.55,316.57,312.68,313.96,18836100,0.009439076501164058,317.36857142857144,328.836,314.08666666666664,2.590000000000032,3.8899999999999864,313.59,314.78,319.11,0.008867186787652442,0.015830087706359155,-2.5600000000000023,1
2023-08-15,314.42,317.58,313.48,315.53,16966300,-0.006728794819143881,316.54285714285714,328.3106666666667,314.5006666666667,-1.1099999999999568,4.099999999999966,316.55,315.47,320.2,0.008831972218861579,0.015820884288305956,-5.779999999999973,0
2023-08-16,313.66,317.59,313.07,314.05,20698900,-0.0024171490363208157,315.28285714285715,327.75500000000005,314.82755555555553,-0.38999999999998636,4.519999999999982,314.42,313.59,322.48,0.0077591927973161175,0.015817289191215073,-8.819999999999993,0
2023-08-17,310.21,315.1,309.56,313.79,21257200,-0.01099917107696246,314.09714285714284,326.98266666666666,315.14011111111114,-3.580000000000041,5.5400000000000205,313.66,316.55,318.51,0.0075356268572624625,0.01577055990544129,-8.300000000000011,0
2023-08-18,309.82,311.68,304.99,307.87,24755000,-0.0012572128558073123,313.3885714285715,326.32899999999995,315.5193333333333,1.9499999999999886,6.689999999999998,310.21,314.42,314.78,0.006680149869937526,0.015667140060330736,-4.9599999999999795,0
2023-08-21,315.11,315.98,310.37,311.24,24040000,0.017074430314376155,313.3371428571428,326.02733333333333,315.95022222222224,3.8700000000000045,5.610000000000014,309.82,313.66,315.47,0.009914006909719298,0.01580572848578445,-0.36000000000001364,1
2023-08-22,315.67,319.22,314.69,318.65,16084600,0.0017771571832058718,313.63428571428574,325.72333333333336,316.3185555555555,-2.9799999999999613,4.53000000000003,315.11,310.21,313.59,0.009580307993115494,0.015804753885386172,2.080000000000041,1
2023-08-23,320.12,322.27,316.65,317.0,21166400,0.014097000031678615,314.14428571428573,325.4136666666667,316.77633333333335,3.1200000000000045,5.6200000000000045,315.67,309.82,316.55,0.010392756665827233,0.015800580645921786,3.569999999999993,1
2023-08-24,313.24,325.97,313.23,325.84,23281400,-0.02149194052230412,313.9757142857143,324.697,317.12888888888887,-12.599999999999966,12.740000000000009,320.12,315.11,314.42,0.013430376000321738,0.01589856068875871,-1.1800000000000068,0
2023-08-25,316.18,318.51,312.09,314.7,21684100,0.009385774486017105,314.33571428571435,323.9943333333334,317.51877777777776,1.4800000000000182,6.420000000000016,313.24,315.67,313.66,0.013877121773760773,0.015940864822824752,2.519999999999982,1
2023-08-28,316.89,319.29,314.95,318.81,14808500,0.0022455563286734757,315.29,323.2993333333333,317.91566666666665,-1.920000000000016,4.340000000000032,316.18,320.12,310.21,0.012792941152862367,0.015947706381812112,6.680000000000007,1
2023-08-29,321.5,322.06,315.11,315.11,19284600,0.014547634825964889,316.9585714285714,322.31000000000006,318.3891111111111,6.389999999999986,6.949999999999989,316.89,313.24,309.82,0.01327744869711651,0.014241095638002096,11.680000000000007,1
2023-08-30,321.87,322.87,319.58,321.75,15222100,0.0011508553654743531,317.92428571428576,321.47666666666663,318.87044444444444,0.12000000000000455,3.2900000000000205,321.5,316.18,315.11,0.01226469175830778,0.014145069058687532,6.759999999999991,1
2023-08-31,320.86,323.95,319.9,322.27,26411000,-0.0031379128219467204,318.6657142857143,320.877,319.38377777777777,-1.4099999999999682,4.050000000000011,321.87,316.89,315.67,0.012491753286151033,0.013595125161312751,5.189999999999998,0
2023-09-01,321.74,325.0,319.9,324.34,14942000,0.0027426291840678034,318.8971428571429,320.40766666666667,319.97566666666665,-2.599999999999966,5.100000000000023,320.86,321.5,320.12,0.011410037670229873,0.013548586312702586,1.6200000000000045,1
2023-09-05,326.53,327.8,321.74,322.08,18553900,0.014887797600546912,320.7957142857143,320.0543333333334,320.4047777777778,4.449999999999989,6.060000000000002,321.74,321.87,313.24,0.007014698060168681,0.013840412720452994,13.289999999999964,1
2023-09-06,325.87,327.42,323.23,326.36,17535800,-0.0020212537898507588,322.18,319.48766666666666,320.72411111111114,-0.4900000000000091,4.189999999999998,326.53,320.86,316.18,0.007404337986943702,0.013416747935908167,9.689999999999998,0
2023-09-07,322.97,326.07,322.11,324.32,18381000,-0.008899254303863433,323.04857142857145,319.2546666666667,320.98488888888886,-1.349999999999966,3.9599999999999795,325.87,321.74,316.89,0.008964793006712117,0.011665643571502331,6.080000000000041,0
2023-09-08,327.23,329.09,322.53,323.14,19530100,0.013190079573954207,323.8671428571429,319.39300000000003,321.3113333333333,4.090000000000032,6.560000000000002,322.97,326.53,321.5,0.00867718105477221,0.011281973442065048,5.730000000000018,1
2023-09-11,330.83,331.3,328.37,330.14,16583300,0.011001436298627772,325.1471428571429,319.40233333333333,321.67944444444447,0.6899999999999977,2.930000000000007,327.23,325.87,321.87,0.00919411823012803,0.010642396924453252,8.95999999999998,1
2023-09-12,324.79,329.7,324.5,328.75,17565500,-0.018257110902880524,325.7085714285714,319.29,321.99133333333333,-3.9599999999999795,5.199999999999989,330.83,322.97,320.86,0.012368931365661142,0.011084910764718158,3.930000000000007,0
2023-09-13,328.99,329.76,324.2,324.34,16544400,0.012931432617999287,326.7442857142857,319.30400000000003,322.339,4.650000000000034,5.560000000000002,324.79,327.23,321.74,0.013076720702856022,0.011342838002737613,7.25,1
2023-09-14,331.57,333.69,329.49,332.01,20267000,0.007842183652998522,327.4642857142857,319.692,322.65855555555555,-0.4399999999999977,4.199999999999989,328.99,330.83,326.53,0.012279585879105343,0.01026402679289727,5.0400000000000205,1
2023-09-15,323.27,330.3,322.71,329.83,37679800,-0.025032421509786806,327.09285714285716,319.8306666666667,322.9075555555556,-6.560000000000002,7.590000000000032,331.57,324.79,325.87,0.01610081825598806,0.011317115520011271,-2.6000000000000227,0
2023-09-18,322.13,323.45,319.49,320.9,16834200,-0.0035264639465461887,326.97285714285715,319.89500000000004,323.1617777777778,1.2300000000000182,3.9599999999999795,323.27,328.99,322.97,0.015788299367218164,0.011326283407413826,-0.8400000000000318,0
2023-09-19,321.73,322.46,317.68,319.31,16505900,-0.0012417347033805521,326.1871428571429,319.87,323.354,2.420000000000016,4.779999999999973,322.13,331.57,327.23,0.014638991224480527,0.01125435647405924,-5.5,0
2023-09-20,314.02,322.65,313.76,322.58,21436500,-0.023964193578466526,323.7857142857143,319.7203333333334,323.4844444444444,-8.560000000000002,8.889999999999986,321.73,323.27,330.83,0.015284676431380588,0.011877212155808043,-16.810000000000002,0
2023-09-21,312.81,318.5,308.37,312.54,35560400,-0.003853257754283102,322.07428571428574,319.6546666666666,323.6137777777778,0.2699999999999818,10.129999999999995,314.02,322.13,324.79,0.014517353916980563,0.011704675359406015,-11.980000000000018,0
2023-09-22,310.34,314.68,309.5,314.56,21447900,-0.007896167002333773,319.40999999999997,319.4836666666667,323.7103333333333,-4.220000000000027,5.180000000000007,312.81,321.73,328.99,0.012099773922378295,0.011779958953365659,-18.650000000000034,0
2023-09-25,310.86,310.98,308.37,309.93,17836000,0.0016755816201586605,316.45142857142855,319.3926666666667,323.78799999999995,0.9300000000000068,2.6100000000000136,310.34,314.02,331.57,0.010898706913468444,0.011739882672798947,-20.70999999999998,1
2023-09-26,305.57,309.23,303.5,308.5,26297600,-0.01701730682622409,313.92285714285714,319.02666666666664,323.77500000000003,-2.930000000000007,5.730000000000018,310.86,312.81,323.27,0.009243670426190589,0.011980159015615855,-17.69999999999999,0
2023-09-27,306.21,307.69,303.17,305.73,19410100,0.002094446444349859,311.6485714285714,318.753,323.72,0.47999999999996135,4.519999999999982,305.57,310.34,322.13,0.009914308482123192,0.011945625486442615,-15.920000000000016,1
2023-09-28,307.04,308.84,302.94,304.44,19683600,0.0027105581137129454,309.55,318.5323333333333,323.67622222222224,2.6000000000000227,5.899999999999977,306.21,310.86,321.73,0.010408529535249846,0.011958548335324793,-14.689999999999998,1
2023-09-29,309.1,312.75,308.35,311.06,24147300,0.0067092235539343474,308.8471428571429,318.49533333333335,323.62444444444446,-1.9599999999999795,4.399999999999977,307.04,305.57,314.02,0.008079582684797639,0.011866343955498574,-4.919999999999959,1
2023-10-02,315.03,315.12,308.55,309.62,20570000,0.01918472986088628,309.1642857142857,318.669,323.7028888888889,5.409999999999968,6.569999999999993,309.1,306.21,312.81,0.011340154541170332,0.012370886350352155,2.2199999999999704,1
2023-10-03,306.79,314.63,304.66,314.08,21033500,-0.026156239088340645,308.65714285714284,318.39166666666665,323.705,-7.289999999999964,9.96999999999997,315.03,307.04,310.34,0.0151914818746229,0.012896057068445562,-3.5499999999999545,0
2023-10-04,312.25,313.3,307.39,307.42,20720100,0.017797190260438668,308.8557142857143,318.2776666666667,323.6367777777778,4.829999999999984,5.910000000000025,306.79,309.1,310.86,0.016888022240957777,0.0133312471951036,1.3899999999999864,1
2023-10-05,312.64,313.25,308.27,312.37,16965600,0.0012489991993594439,309.86571428571426,318.0283333333333,323.4972222222222,0.2699999999999818,4.980000000000018,312.25,315.03,305.57,0.014987546234176675,0.01305712173262982,7.069999999999993,1
2023-10-06,320.37,322.26,309.64,309.89,25673600,0.02472492323439105,311.8885714285715,318.26599999999996,323.4618888888889,10.480000000000018,12.620000000000005,312.64,306.79,306.21,0.016975518552323578,0.013245097901268979,14.160000000000025,1
2023-10-09,322.88,323.35,316.38,317.92,19891200,0.007834691138371229,314.15142857142854,318.48933333333326,323.48499999999996,4.9599999999999795,6.970000000000027,320.37,312.25,307.04,0.016889971094399603,0.013213560827275884,15.839999999999975,1
2023-10-10,321.48,324.13,320.77,323.99,20557100,-0.00433597621407327,315.92,318.64233333333334,323.4471111111111,-2.509999999999991,3.3600000000000136,322.88,312.64,309.1,0.017464316439225257,0.013243059533857113,12.379999999999995,0
2023-10-11,325.42,325.82,322.21,324.24,20063200,0.012255816847082237,317.4042857142857,318.773,323.42233333333337,1.1800000000000068,3.6100000000000136,321.48,320.37,315.03,0.016758504736506932,0.013166001033311038,10.390000000000043,1
2023-10-12,324.19,326.61,321.8,323.61,19313100,-0.0037797308094155804,319.89,318.85033333333337,323.3781111111111,0.5799999999999841,4.810000000000002,325.42,322.88,306.79,0.011032923866918214,0.013188198466475915,17.399999999999977,0
2023-10-13,320.83,326.8,319.49,325.38,21072400,-0.010364292544495553,321.11571428571426,318.84933333333333,323.321,-4.550000000000011,7.310000000000002,324.19,321.48,312.25,0.011946232017709748,0.013318951157086584,8.579999999999984,0
2023-10-16,325.64,329.07,323.64,324.08,22158000,0.014992363557023977,322.97285714285715,318.9793333333334,323.4291111111111,1.5600000000000023,5.430000000000007,320.83,325.42,312.64,0.012544505747082072,0.013588351976959142,13.0,1
2023-10-17,325.07,326.44,320.52,322.65,18338500,-0.001750399213855771,323.64428571428573,318.9306666666667,323.5105555555556,2.420000000000016,5.920000000000016,325.64,324.19,320.37,0.009560458515816854,0.013317335243472334,4.699999999999989,0
2023-10-18,323.16,328.53,321.39,325.49,23153600,-0.005875657550681294,323.6842857142857,318.8403333333334,323.5541111111111,-2.329999999999984,7.139999999999986,325.07,320.83,322.88,0.009599327456621178,0.013355413491252046,0.28000000000002956,0
2023-10-19,324.35,329.79,323.95,325.16,25052100,0.0036823864339645923,324.0942857142857,318.8863333333333,323.556,-0.8100000000000023,5.840000000000032,323.16,325.64,321.48,0.00945022369514946,0.013269825929297057,2.8700000000000045,1
2023-10-20,319.79,324.93,318.6,324.74,25027700,-0.014058887004778794,323.28999999999996,318.6383333333333,323.4807777777778,-4.949999999999989,6.329999999999984,324.35,325.07,325.42,0.009602406349451089,0.013284528814600634,-5.6299999999999955,0
2023-10-23,322.39,325.73,317.56,318.62,24374700,0.008130335532693224,323.03285714285715,318.357,323.4013333333333,3.769999999999982,8.170000000000016,319.79,323.16,324.19,0.010353442845242077,0.013207585572736888,-1.8000000000000114,1
2023-10-24,323.57,324.86,320.71,324.33,31153600,0.0036601631564254686,323.42428571428576,318.3163333333333,323.2182222222222,-0.7599999999999909,4.150000000000034,322.39,324.35,320.83,0.00950487808513368,0.012807418568547824,2.740000000000009,1
2023-10-25,333.5,338.91,330.51,337.76,55053800,0.030688877213585954,324.54714285714283,318.46666666666664,323.20799999999997,-4.259999999999991,8.400000000000034,323.57,319.79,325.64,0.014050611201530427,0.013799768172526334,7.860000000000014,1
2023-10-26,320.99,334.44,320.06,333.37,37828500,-0.037511244377811066,323.9642857142857,318.114,323.1052222222222,-12.379999999999995,14.379999999999995,333.5,322.39,325.07,0.02103942933785579,0.01536804653293907,-4.079999999999984,0
2023-10-27,322.87,329.63,321.49,323.48,29856500,0.005856880276644118,323.92285714285714,318.1006666666666,323.0721111111111,-0.6100000000000136,8.139999999999986,320.99,323.57,323.16,0.021110370170331384,0.014721166857779943,-0.29000000000002046,1
2023-10-30,330.21,332.31,324.85,326.39,22828100,0.022733607953665483,324.76000000000005,318.37,323.0537777777778,3.819999999999993,7.4599999999999795,322.87,333.5,324.35,0.022813928972477818,0.015270786676032889,5.859999999999957,1
2023-10-31,330.99,331.87,327.65,331.72,20265300,0.002362133187971381,326.36,318.6786666666667,323.09499999999997,-0.7300000000000182,4.220000000000027,330.21,320.99,319.79,0.021605442208916265,0.015267213297593531,11.199999999999989,1
2023-11-01,338.79,340.11,332.5,332.64,28158800,0.02356566663645431,328.70285714285717,319.50433333333336,323.29266666666666,6.150000000000034,7.610000000000014,330.99,322.87,322.39,0.022721353879111048,0.015045451691784135,16.400000000000034,1
2023-11-02,340.99,341.49,337.51,339.93,24348100,0.006493698161102714,331.1914285714286,320.44366666666673,323.4498888888889,1.0600000000000023,3.980000000000018,338.79,330.21,323.57,0.02267012326630599,0.015009936192202856,17.420000000000016,1
2023-11-03,345.37,346.93,340.02,342.27,23637700,0.012844951464852329,332.88714285714286,321.61133333333333,323.6418888888889,3.1000000000000227,6.910000000000025,340.99,330.99,333.5,0.020565257966739227,0.014968909518980623,11.870000000000005,1
2023-11-06,349.03,350.02,345.91,346.01,23828300,0.010597330399281837,336.89285714285717,322.88366666666667,323.88322222222223,3.019999999999982,4.109999999999957,345.37,338.79,320.99,0.008292292466213397,0.015016266260347133,28.039999999999964,1
2023-11-07,352.94,354.83,350.1,351.84,25833900,0.01120247543191137,341.18857142857144,324.4626666666667,324.10844444444444,1.1000000000000227,4.729999999999961,349.03,340.99,322.87,0.007860182396630746,0.014531823948176616,30.069999999999993,1
2023-11-08,355.56,356.21,352.96,354.07,26767800,0.007423358077860273,344.81,326.10766666666666,324.3904444444444,1.490000000000009,3.25,352.94,345.37,330.21,0.006687233336929384,0.014528689152310838,25.350000000000023,1
2023-11-09,353.1,357.11,352.78,354.67,24847300,-0.006918663516705984,347.96857142857147,327.64300000000003,324.64344444444447,-1.5699999999999932,4.330000000000041,355.56,349.03,330.99,0.009090460879469247,0.014688682924584036,22.110000000000014,0
2023-11-10,361.89,362.31,353.47,353.88,28042100,0.02489379779099395,351.26857142857136,329.4026666666667,324.9602222222222,8.009999999999991,8.839999999999975,353.1,352.94,338.79,0.009444424072856806,0.015139558414087746,23.099999999999966,1
2023-11-13,358.96,360.72,358.2,360.47,19986500,-0.008096382878775338,353.8357142857143,330.86699999999996,325.28833333333336,-1.5100000000000477,2.5200000000000387,361.89,355.56,340.99,0.011586786081009388,0.015101103730385972,17.96999999999997,0
2023-11-14,362.48,364.12,359.62,363.2,27683900,0.009806106529975593,356.28000000000003,332.72333333333336,325.7141111111111,-0.7199999999999704,4.5,358.96,353.1,345.37,0.011405202121597314,0.013971095048918296,17.110000000000014,1
2023-11-15,362.62,366.02,360.11,364.2,26860100,0.0003862282056940696,358.22142857142853,334.40233333333333,326.13444444444445,-1.579999999999984,5.909999999999968,362.48,361.89,349.03,0.011518893406223422,0.013810669831315943,13.590000000000032,1
2023-11-16,369.0,369.18,363.12,363.89,27182300,0.017594175721140574,360.51571428571424,336.281,326.5743333333333,5.110000000000014,6.060000000000002,362.62,358.96,352.94,0.01227235657676175,0.013975355261871296,16.060000000000002,1
2023-11-17,362.8,367.23,360.01,366.49,40157000,-0.016802168021680185,361.55,337.69533333333334,326.8861111111111,-3.6899999999999977,7.220000000000027,369.0,362.48,355.56,0.01505055932226018,0.014075526477335478,7.240000000000009,0
2023-11-20,370.25,371.65,363.93,364.14,52465100,0.020534729878721028,364.0,339.2743333333334,327.25266666666664,6.110000000000014,7.71999999999997,362.8,362.62,353.1,0.015607727358894385,0.014374845266659025,17.149999999999977,1
2023-11-21,365.96,369.05,364.05,368.51,28423100,-0.011586765698852182,364.5814285714286,340.75699999999995,327.5662222222223,-2.5500000000000114,5.0,370.25,369.0,361.89,0.014660853352094492,0.01459088692909737,4.069999999999993,0
2023-11-22,370.65,372.55,367.82,370.8,23345300,0.012815608263198159,366.2514285714286,342.26466666666664,327.7825555555556,-0.1500000000000341,4.730000000000018,365.96,362.8,358.96,0.014463408707395011,0.01460159150349622,11.689999999999998,1
2023-11-24,370.24,370.77,367.99,370.14,10176600,-0.0011061648455415302,367.36,343.79966666666667,328.0422222222223,0.10000000000002274,2.7799999999999727,370.65,370.25,362.48,0.014406567425815432,0.014557719016201733,7.759999999999991,0
2023-11-27,371.39,373.39,369.03,369.6,22179200,0.0031060933448573283,368.61285714285714,345.485,328.4037777777778,1.7899999999999636,4.360000000000014,370.24,365.96,362.62,0.014357160647274278,0.014287398892685174,8.769999999999982,1
2023-11-28,375.41,375.7,370.95,371.14,20453100,0.01082420097471671,369.52857142857147,347.144,328.84366666666665,4.270000000000039,4.75,371.39,370.65,369.0,0.013449450810637883,0.014206803765890329,6.410000000000025,1
2023-11-29,371.63,376.98,370.25,376.45,28963400,-0.010068991236248447,370.78999999999996,348.69599999999997,329.227,-4.819999999999993,6.730000000000018,375.41,370.24,362.8,0.011997960859512173,0.014419655365006947,8.829999999999984,0
2023-11-30,371.69,372.85,368.31,371.28,30554400,0.00016145090547050095,370.99571428571426,350.3136666666667,329.5472222222222,0.410000000000025,4.5400000000000205,371.63,371.39,370.25,0.009358448992446033,0.014310527441812226,1.4399999999999977,1
2023-12-01,367.37,370.95,364.23,369.58,33040500,-0.011622588716403436,371.19714285714286,351.7476666666667,329.96288888888887,-2.2099999999999795,6.71999999999997,371.69,375.41,365.96,0.009366225495145085,0.014620236313670454,1.410000000000025,0
2023-12-04,362.1,362.48,355.98,362.07,32063300,-0.014345210550670937,369.9757142857143,353.158,330.39644444444446,0.03000000000002956,6.5,367.37,371.63,370.65,0.009077506095802839,0.014632697905653285,-8.549999999999955,0
2023-12-05,365.42,365.97,358.65,359.47,23065000,0.009168737917702273,369.2871428571429,354.5923333333333,330.7838888888889,5.949999999999989,7.32000000000005,362.1,371.69,370.24,0.010245633505917999,0.014643407443973525,-4.819999999999993,1
2023-12-06,361.77,367.05,361.02,366.42,21182100,-0.00998850637622471,367.9128571428572,355.86566666666664,331.1573333333333,-4.650000000000034,6.03000000000003,365.42,367.37,371.39,0.010389616556755679,0.014873822274851829,-9.620000000000005,0
2023-12-07,363.88,364.37,359.34,361.21,23118900,0.005832434972496375,366.26571428571424,356.8783333333333,331.54966666666667,2.670000000000016,5.03000000000003,361.77,362.1,375.41,0.009345779022239209,0.013992474254949601,-11.53000000000003,1
2023-12-08,367.1,367.32,361.21,362.16,20154400,0.008849071122348102,365.61857142857144,358.4153333333333,332.07377777777776,4.939999999999998,6.110000000000014,363.88,365.42,371.63,0.010137990529919564,0.011742662632365737,-4.529999999999973,1
2023-12-11,364.22,364.52,359.12,361.46,27708800,-0.007845273767365827,364.5514285714286,359.7936666666667,332.575,2.7600000000000477,5.399999999999977,367.1,361.77,371.69,0.010341761735336368,0.011954664389091433,-7.46999999999997,0
2023-12-12,367.24,367.28,363.4,363.78,24838300,0.008291691834605408,364.53285714285715,361.028,333.0976666666666,3.4600000000000364,3.8799999999999955,364.22,363.88,367.37,0.01026518968508421,0.011458673382853253,-0.12999999999999545,1
2023-12-13,367.23,370.44,363.7,368.85,30955500,-2.7230149221192967e-05,365.2657142857143,362.236,333.5948888888889,-1.6200000000000045,6.740000000000009,367.24,367.1,362.1,0.008137624664995758,0.01147595433479432,5.1299999999999955,0
2023-12-14,358.96,366.64,357.19,366.2,43277500,-0.02251994662745429,364.34285714285716,362.9083333333334,334.0443333333333,-7.240000000000009,9.449999999999989,367.23,364.22,365.42,0.011592043378784412,0.011782309387716124,-6.460000000000036,0
2023-12-15,363.66,365.3,359.3,359.86,78502300,0.013093380878092394,364.61285714285714,363.664,334.5874444444445,3.8000000000000114,6.0,358.96,367.24,361.77,0.012359947421567248,0.011929858664554429,1.8900000000000432,1
2023-12-18,365.55,365.89,361.65,362.41,21802900,0.005197162184457972,364.8514285714286,364.3366666666667,335.1438888888889,3.1399999999999864,4.240000000000009,363.66,367.23,363.88,0.012319193945467951,0.011775627288801112,1.670000000000016,1
2023-12-19,366.15,366.15,362.79,364.41,20603700,0.0016413623307344164,364.7157142857142,364.9073333333333,335.7278888888889,1.7399999999999523,3.359999999999957,365.55,358.96,367.1,0.011817489935096554,0.011662126867899717,-0.9500000000000455,1
2023-12-20,363.56,368.86,363.47,367.85,26316700,-0.007073603714324662,364.6214285714286,365.2613333333333,336.25022222222225,-4.2900000000000205,5.389999999999986,366.15,363.66,364.22,0.011738817899205327,0.011623918254925985,-0.660000000000025,0
2023-12-21,366.42,367.27,362.99,365.46,17708000,0.007866651996919391,364.5042857142857,365.6233333333333,336.82800000000003,0.9600000000000364,4.279999999999973,363.56,365.55,367.24,0.011688567433643786,0.011632572881134983,-0.8199999999999932,1
2023-12-22,367.44,368.03,365.61,366.56,17107500,0.0027836908465694605,364.53428571428566,366.1013333333333,337.42555555555555,0.8799999999999955,2.419999999999959,366.42,366.15,367.23,0.011746052923241148,0.01153733207881335,0.20999999999997954,1
2023-12-26,367.52,369.76,366.38,367.85,12673100,0.0002177226213803181,365.7571428571428,366.289,338.06233333333336,-0.3300000000000409,3.3799999999999955,367.44,363.56,358.96,0.006330317761740518,0.01064950143379278,8.560000000000002,1
2023-12-27,366.94,367.91,365.7,366.57,14905400,-0.0015781454070526342,366.2257142857143,366.55500000000006,338.697,0.37000000000000455,2.2100000000000364,367.52,366.42,363.66,0.004833884763610211,0.010532449024094991,3.2799999999999727,0
2023-12-28,368.13,369.29,367.03,368.22,14327000,0.0032430370087752703,366.5942857142857,366.7433333333333,339.2861111111111,-0.09000000000003183,2.2600000000000477,366.94,367.44,365.55,0.004622687580928593,0.010406053010582672,2.579999999999984,1
2023-12-29,368.87,369.97,366.36,368.83,18730800,0.0020101594545405403,366.98285714285714,366.9516666666667,339.87722222222226,0.040000000000020464,3.6100000000000136,368.13,367.52,366.15,0.004633114083215662,0.01040929758355916,2.7200000000000273,1
2024-01-02,363.8,368.74,359.78,366.73,25258600,-0.01374467969745437,367.01714285714286,366.77833333333336,340.36255555555556,-2.930000000000007,8.960000000000036,368.87,366.94,363.56,0.0067768511969189624,0.01021809453603207,0.2400000000000091,0
2024-01-03,363.54,366.15,361.49,361.98,23083500,-0.0007146783947223499,366.6057142857143,366.803,340.92144444444443,1.5600000000000023,4.659999999999968,363.8,368.13,366.42,0.005854037760260878,0.009739779847065949,-2.8799999999999955,0
2024-01-04,360.93,365.99,360.17,363.61,20901500,-0.007179402541673581,365.67571428571426,366.4923333333333,341.4186666666667,-2.680000000000007,5.819999999999993,363.54,368.87,367.44,0.005959281321048551,0.009024129741413195,-6.509999999999991,0
2024-01-05,360.74,364.97,359.51,361.94,21004600,-0.0005264178649599582,364.7071428571429,366.3183333333334,341.9058888888889,-1.1999999999999886,5.460000000000036,360.93,363.8,367.52,0.005908409363884042,0.008791601997011513,-6.779999999999973,0
2024-01-08,367.55,368.05,361.98,362.26,23134000,0.018877862172201592,364.7942857142857,366.21500000000003,342.41755555555557,5.2900000000000205,6.069999999999993,360.74,363.54,366.94,0.01009643117036124,0.00916841436082839,0.6100000000000136,1
2024-01-09,368.63,368.82,364.12,364.92,20830000,0.0029383757311929916,364.86571428571426,366.16133333333335,342.9371111111111,3.7099999999999795,4.699999999999989,367.55,360.93,368.13,0.010082180315932469,0.009184948242432175,0.5,1
2024-01-10,375.47,376.85,369.15,369.2,25514200,0.018555190841765542,365.8085714285715,366.2973333333333,343.54388888888883,6.270000000000039,7.7000000000000455,368.63,360.74,368.87,0.012269190779212376,0.00978466740597018,6.600000000000023,1
2024-01-11,377.3,383.23,373.13,378.64,27850800,0.004873891389458503,367.7371428571428,366.3603333333333,344.16122222222225,-1.339999999999975,10.100000000000023,375.47,367.55,363.8,0.009930302401119044,0.00962530654213789,13.5,1
2024-01-12,381.07,381.27,377.32,378.14,21661200,0.009992048767558923,370.24142857142857,366.675,344.76722222222224,2.930000000000007,3.9499999999999886,377.3,368.63,363.54,0.00967789494041322,0.009583166555325266,17.529999999999973,1
2024-01-16,382.83,386.52,380.23,386.16,27202300,0.004618574015272761,373.37,367.04633333333334,345.4001111111111,-3.330000000000041,6.289999999999964,381.07,375.47,360.93,0.007655618408423814,0.009606149950383776,21.899999999999977,1
2024-01-17,382.05,382.67,377.48,380.59,22234100,-0.002037457879476459,376.4142857142857,367.53566666666666,346.0565555555556,1.4600000000000364,5.189999999999998,382.83,377.3,360.74,0.007966732732056735,0.009326147055919998,21.310000000000002,0
2024-01-18,386.36,386.48,382.68,384.25,23392100,0.01128124591022118,379.1014285714286,368.34433333333334,346.71355555555556,2.1100000000000136,3.8000000000000114,382.05,381.07,367.55,0.006695204022998238,0.009007245093170382,18.810000000000002,1
2024-01-19,391.07,391.07,386.0,388.22,29331100,0.01219070297132203,382.3071428571429,369.19933333333336,347.3828888888889,2.849999999999966,5.069999999999993,386.36,382.83,368.63,0.006632517676770564,0.009104205844298515,22.439999999999998,1
2024-01-22,388.95,392.98,386.09,392.4,27016900,-0.005421024369038803,384.2328571428571,370.1053333333333,348.09577777777776,-3.4499999999999886,6.890000000000043,391.07,382.05,375.47,0.006761783977636569,0.008928037163506814,13.479999999999961,0
2024-01-23,391.3,391.77,386.42,388.21,20525900,0.006041907700218596,386.23285714285714,371.01933333333335,348.7881111111111,3.090000000000032,5.349999999999966,388.95,386.36,377.3,0.006770511101091066,0.008930850152896538,14.0,1
2024-01-24,394.89,397.9,392.82,393.89,24867000,0.009174546383848646,388.20714285714286,371.9456666666667,349.4916666666667,1.0,5.079999999999984,391.3,391.07,381.07,0.006681303111619866,0.008939069112108282,13.819999999999993,1
2024-01-25,397.15,399.25,394.86,396.61,21021200,0.005723112765580266,390.2528571428571,373.0433333333333,350.31255555555555,0.5399999999999636,4.389999999999986,394.89,388.95,382.83,0.006680496703924576,0.008739985685606766,14.319999999999993,1
2024-01-26,396.23,398.43,394.76,396.66,17803300,-0.0023165050988290547,392.2785714285714,374.00966666666665,351.13588888888887,-0.4300000000000068,3.670000000000016,397.15,391.3,382.05,0.0067320655303967246,0.008730015816496411,14.180000000000007,0
2024-01-29,401.91,402.17,396.62,398.32,24510200,0.014335108396638332,394.5,375.16566666666665,352.0267777777778,3.590000000000032,5.550000000000011,396.23,394.89,386.36,0.007266607794413553,0.008972948462560896,15.550000000000011,1
2024-01-30,400.8,405.18,398.7,404.4,33477600,-0.0027618123460476564,395.89,376.5603333333333,352.991,-3.599999999999966,6.480000000000018,401.91,397.15,391.07,0.007229793071998449,0.007660432881827343,9.730000000000018,0
2024-01-31,390.0,407.4,389.64,399.2,47871100,-0.026946107784431166,396.04,377.43833333333333,353.84866666666665,-9.199999999999989,17.75999999999999,400.8,396.23,388.95,0.013518528456512018,0.009284953536313298,1.0500000000000114,0
2024-02-01,396.08,400.22,394.14,394.17,30657700,0.015589743589743549,396.72285714285715,378.456,354.80133333333333,1.9099999999999682,6.080000000000041,390.0,401.91,391.3,0.014612492214747705,0.009582952692484685,4.779999999999973,1
2024-02-02,403.38,404.79,395.87,396.11,28256700,0.0184306200767522,397.9357142857143,379.697,355.82933333333335,7.269999999999982,8.920000000000016,396.08,400.8,394.89,0.015761662529527664,0.009998894707927319,8.490000000000009,1
2024-02-05,397.92,403.32,396.29,402.09,25352300,-0.013535623977390995,398.0457142857143,380.8423333333333,356.8554444444444,-4.169999999999959,7.029999999999973,403.38,390.0,397.15,0.01687901309105505,0.010294883650029457,0.7700000000000387,0
2024-02-06,397.76,400.19,395.23,398.14,18382600,-0.0004020908725372562,398.2642857142857,381.887,357.8726666666667,-0.37999999999999545,4.9599999999999795,397.92,396.08,396.23,0.01684314589645897,0.010272591360445277,1.5299999999999727,0
2024-02-07,406.16,406.4,399.64,399.67,22340500,0.02111826226870483,398.8714285714286,383.17766666666665,358.974,6.490000000000009,6.759999999999991,397.76,403.38,401.91,0.017920817290274456,0.010803832635724054,4.25,1
2024-02-08,406.22,407.64,404.67,406.16,21225300,0.0001477250344691803,399.6457142857143,384.4676666666667,360.0531111111111,0.060000000000002274,2.9699999999999704,406.16,397.92,400.8,0.017835194342696432,0.01080455148917113,5.420000000000016,1
2024-02-09,412.53,412.8,407.18,407.34,22032800,0.01553345477819887,402.86428571428576,385.9873333333333,361.13644444444446,5.189999999999998,5.6200000000000045,406.22,397.76,390.0,0.012852814783424416,0.010982925813202711,22.529999999999973,1
2024-02-12,407.35,412.72,406.85,412.54,21202900,-0.012556662545754127,404.4742857142857,387.29466666666667,362.25377777777777,-5.189999999999998,5.8700000000000045,412.53,406.16,396.08,0.014434106418156166,0.011390233912595726,11.270000000000039,0
2024-02-13,398.58,402.25,395.7,397.22,27824900,-0.0215293973241685,403.7885714285714,388.28499999999997,363.213,1.3599999999999568,6.550000000000011,407.35,406.22,403.38,0.015672973602209404,0.012269225273186284,-4.800000000000011,0
2024-02-14,402.43,402.77,397.59,401.03,20401200,0.009659290481208347,404.43285714285713,389.5726666666667,364.21066666666667,1.400000000000034,5.180000000000007,398.58,412.53,397.92,0.015173818704755801,0.011929647719759502,4.509999999999991,1
2024-02-15,399.55,402.07,397.32,401.1,21825500,-0.007156524115995317,404.68857142857144,390.77299999999997,365.0904444444444,-1.5500000000000114,4.75,402.43,407.35,397.76,0.015540841934331785,0.01206419685057422,1.7900000000000205,0
2024-02-16,397.09,401.25,396.48,400.92,22296500,-0.006156926542360246,403.39285714285717,391.97833333333335,365.91499999999996,-3.830000000000041,4.769999999999982,399.55,398.58,406.16,0.012750201127703632,0.012035202927302657,-9.07000000000005,0
2024-02-20,395.84,397.51,391.15,396.29,24307900,-0.003147900979626785,401.90999999999997,393.1483333333333,366.74122222222223,-0.4500000000000455,6.360000000000014,397.09,402.43,406.22,0.012668666606089065,0.012073083481388684,-10.380000000000052,0
2024-02-21,395.24,395.35,390.37,393.27,18518900,-0.0015157639450282083,399.44,394.0713333333333,367.517,1.9700000000000273,4.980000000000018,395.84,399.55,412.53,0.009651831396676134,0.011727356236753573,-17.289999999999964,0
2024-02-22,404.55,405.71,401.52,403.12,27009900,0.02355530816718956,399.03999999999996,395.2686666666667,368.4098888888889,1.4300000000000068,4.189999999999998,395.24,397.09,407.35,0.014185346502484373,0.012342449488086183,-2.8000000000000114,1
2024-02-23,403.26,408.69,401.92,408.5,16295900,-0.0031887282165369434,399.7085714285714,396.195,369.3257777777778,-5.240000000000009,6.769999999999982,404.55,395.84,398.58,0.01109740133429384,0.012043110172003487,4.680000000000007,0
2024-02-26,400.51,405.05,400.34,404.36,16193500,-0.006819421713038735,399.4342857142857,396.96866666666665,370.15766666666667,-3.8500000000000227,4.710000000000036,403.26,395.24,402.43,0.010878510487970597,0.01215080560847059,-1.920000000000016,0
2024-02-27,400.45,401.28,396.89,400.95,14835800,-0.0001498089935332508,399.5628571428571,397.61466666666666,370.9952222222222,-0.5,4.389999999999986,400.51,404.55,399.55,0.010493756280773679,0.01206337421383207,0.8999999999999773,0
2024-02-28,400.69,402.24,398.33,401.14,13183100,0.0005993257585216858,400.07714285714286,398.21000000000004,371.85666666666674,-0.44999999999998863,3.910000000000025,400.45,403.26,397.09,0.010096780968534908,0.012052447055753732,3.6000000000000227,1
2024-02-29,406.51,407.06,398.92,401.59,31947300,0.014524944470787874,401.6014285714286,399.0253333333333,372.7695555555555,4.920000000000016,8.139999999999986,400.69,400.51,395.84,0.010961981238554568,0.012258073860647924,10.670000000000016,1
2024-03-01,408.33,408.7,403.79,404.18,17823400,0.0044771346338343294,403.47142857142853,399.7576666666667,373.7533333333333,4.149999999999977,4.909999999999968,406.51,400.45,395.24,0.01070331523169835,0.012145601313271236,13.089999999999975,1
2024-03-04,407.76,410.15,405.21,406.31,17596000,-0.0013959297626919237,403.93,400.314,374.70188888888885,1.4499999999999886,4.939999999999998,408.33,400.69,404.55,0.006840683597183626,0.01200174519186674,3.2099999999999795,0
2024-03-05,395.71,407.11,393.73,406.82,26919200,-0.02955169707671182,402.8514285714286,400.53933333333333,375.5034444444444,-11.110000000000014,13.379999999999995,407.76,406.51,403.26,0.013572239159924402,0.013225314448422404,-7.550000000000011,0
2024-03-06,395.16,398.17,391.52,396.02,22344100,-0.0013899067498924832,402.08714285714285,400.66799999999995,376.1885555555556,-0.8599999999999568,6.650000000000034,395.71,408.33,400.51,0.013446576921610545,0.01319057309012625,-5.349999999999966,0
2024-03-07,402.08,402.71,395.3,399.12,18718500,0.017511893916388195,402.32,400.90766666666667,377.08955555555553,2.9599999999999795,7.409999999999968,395.16,407.76,400.45,0.015340411505440478,0.013466509212447431,1.6299999999999955,1
2024-03-08,399.21,403.34,397.36,400.92,18002200,-0.007137883008356558,402.1085714285714,400.97633333333334,377.93777777777774,-1.7100000000000364,5.979999999999961,402.08,395.71,400.69,0.015623512896082426,0.013505396750951977,-1.4800000000000182,0
2024-03-11,397.54,398.68,394.34,396.8,16120800,-0.004183261942336012,400.82714285714286,401.02000000000004,378.6858888888888,0.7400000000000091,4.340000000000032,399.21,395.16,406.51,0.014173105497452031,0.013521971317747062,-8.96999999999997,0
2024-03-12,408.12,408.4,399.77,400.59,22457000,0.026613674095688444,400.79714285714283,401.22700000000003,379.5428888888889,7.53000000000003,8.629999999999995,397.54,402.08,408.33,0.018076482196920228,0.014136475067567308,-0.20999999999997954,1
2024-03-13,407.94,410.97,404.35,410.89,17115900,-0.000441046750955618,400.8228571428571,401.465,380.3112222222222,-2.9499999999999886,6.6200000000000045,408.12,399.21,407.76,0.018067205641435515,0.014123743587226062,0.18000000000000682,0
2024-03-14,417.89,420.44,410.78,412.99,34157300,0.024390841790459354,403.9914285714285,402.3946666666667,381.1656666666667,4.899999999999977,9.660000000000025,407.94,397.54,395.71,0.014390714296558077,0.013765950429840823,22.180000000000007,1
2024-03-15,409.24,415.31,405.67,412.06,45079900,-0.020699227069324408,406.0028571428571,402.8333333333333,381.87533333333334,-2.819999999999993,9.639999999999986,417.89,408.12,395.16,0.017894412104048005,0.014155529790760861,14.079999999999984,0
2024-03-18,410.12,413.47,406.64,407.11,20106000,0.002150327436223232,407.15142857142854,403.058,382.5541111111111,3.009999999999991,6.830000000000041,409.24,407.94,402.08,0.01704773848045099,0.013778714895274748,8.04000000000002,1
2024-03-19,414.14,414.4,408.38,410.62,19837900,0.009802009168048331,409.28428571428566,403.5986666666667,383.23411111111113,3.519999999999982,6.019999999999982,410.12,417.89,399.21,0.01657172550968147,0.013608291441423599,14.930000000000007,1
2024-03-20,417.9,418.61,413.41,414.72,17860100,0.009079055391896438,412.1928571428571,404.27000000000004,383.9267777777777,3.17999999999995,5.199999999999989,414.14,409.24,397.54,0.016046461969588234,0.0136744006925581,20.359999999999957,1
2024-03-21,421.97,423.39,419.79,422.42,21296200,0.00973917205072996,414.17142857142863,404.79699999999997,384.692,-0.44999999999998863,3.599999999999966,417.9,410.12,408.12,0.013761065209607744,0.013270135329004186,13.850000000000023,1
2024-03-22,421.35,422.45,418.72,422.29,17648500,-0.0014692987653150806,416.08714285714285,405.3013333333333,385.3526666666667,-0.9399999999999977,3.7299999999999613,421.97,414.14,407.94,0.013832387777857991,0.013278505507195906,13.410000000000025,0
2024-03-25,415.57,420.04,414.34,417.91,18060500,-0.013717811795419555,415.75571428571436,405.4026666666667,385.98166666666674,-2.340000000000032,5.7000000000000455,421.35,417.9,417.89,0.0122000032598809,0.013271633629041288,-2.319999999999993,0
2024-03-26,414.38,418.64,414.08,418.27,16725600,-0.0028635368289337483,416.48999999999995,405.637,386.55833333333334,-3.8899999999999864,4.560000000000002,415.57,421.97,409.24,0.008692978959011284,0.013063445919752201,5.139999999999986,0
2024-03-27,414.16,417.13,411.78,417.12,16705000,-0.0005309136541338154,417.06714285714287,406.15633333333335,387.1309999999999,-2.9599999999999795,5.350000000000023,414.38,421.35,410.12,0.008734820976771356,0.01237851519524055,4.0400000000000205,0
2024-03-28,413.46,414.59,411.89,413.7,21871200,-0.0016901680509948944,416.96999999999997,406.524,387.625,-0.2400000000000091,2.6999999999999886,414.16,415.57,414.14,0.007944122453105178,0.012289008652393978,-0.6800000000000068,0
2024-04-01,417.25,420.51,414.94,416.64,16316000,0.009166545735984183,416.8771428571429,407.114,388.2300000000001,0.6100000000000136,5.569999999999993,413.46,414.38,417.9,0.007961218952345035,0.012277936093144723,-0.6499999999999773,1
2024-04-02,414.17,415.1,410.63,412.87,17912000,-0.007381665668064671,415.7628571428572,407.68333333333334,388.718,1.3000000000000114,4.470000000000027,417.25,414.16,421.97,0.006968581384058353,0.01230634122109769,-7.800000000000011,0
2024-04-03,413.2,415.96,411.86,412.49,16502300,-0.002342033464519466,414.59857142857146,408.262,389.2428888888889,0.7099999999999795,4.099999999999966,414.17,413.46,421.35,0.00695191202093741,0.01229677171326363,-8.150000000000034,0
2024-04-04,410.67,421.28,410.37,417.66,19370900,-0.006122942884801483,413.8985714285714,408.77633333333335,389.68755555555555,-6.990000000000009,10.909999999999968,413.2,417.25,415.57,0.005370534341016938,0.012364378459822153,-4.899999999999977,0
2024-04-05,418.18,419.15,411.11,412.77,16554800,0.018287189227360143,414.4414285714286,409.23066666666665,390.2202222222222,5.410000000000025,8.039999999999964,410.67,414.17,414.38,0.009187533319512362,0.01207210753045557,3.8000000000000114,1
2024-04-08,417.27,419.91,416.0,417.84,14272400,-0.002176096417810572,414.88571428571424,409.69766666666663,390.7300000000001,-0.5699999999999932,3.910000000000025,418.18,413.2,414.16,0.009264118880519628,0.012060894392411134,3.109999999999957,0
2024-04-09,418.93,420.36,414.35,419.09,12496900,0.003978239509190752,415.6671428571429,410.31166666666667,391.21355555555556,-0.15999999999996817,6.009999999999991,417.27,410.67,413.46,0.009226649559359515,0.011973836473392797,5.470000000000027,1
2024-04-10,415.96,416.72,412.46,414.91,16216600,-0.0070894898909126276,415.4828571428571,410.82866666666666,391.70611111111117,1.0499999999999545,4.260000000000048,418.93,418.18,417.25,0.009142854475487853,0.012074800162573387,-1.2900000000000205,0
2024-04-11,420.55,421.97,415.08,418.48,17966400,0.011034714876430504,416.39428571428573,411.49066666666664,392.249,2.069999999999993,6.890000000000043,415.96,417.27,414.17,0.009445935283158277,0.012202424401346041,6.3799999999999955,1
2024-04-12,414.62,417.85,412.53,416.74,19253800,-0.014100582570443483,416.59714285714284,411.761,392.77399999999994,-2.1200000000000045,5.32000000000005,420.55,418.93,413.2,0.011263886842459464,0.012282768510472226,1.420000000000016,0
2024-04-15,406.51,419.46,406.3,419.24,20273500,-0.019560079108581385,416.0028571428571,411.70033333333333,393.26744444444444,-12.730000000000018,13.159999999999968,414.62,415.96,410.67,0.013510456356231717,0.012803000963435217,-4.160000000000025,0
2024-04-16,407.43,411.18,406.6,407.42,16765600,0.0022631669577624558,414.46714285714285,411.6893333333333,393.73422222222223,0.009999999999990905,4.579999999999984,406.51,420.55,418.18,0.010685993761868358,0.012807359136295866,-10.75,1
2024-04-17,404.74,411.66,403.25,410.05,15855500,-0.006602361141791222,412.6771428571429,411.99033333333335,394.21166666666664,-5.310000000000002,8.410000000000025,407.43,414.62,417.27,0.01071417569082708,0.01160730573003018,-12.529999999999973,0
2024-04-18,397.3,404.79,396.98,403.55,21029900,-0.018382171270445218,409.58714285714285,412.06166666666667,394.583,-6.25,7.810000000000002,404.74,406.51,418.93,0.011159925612296936,0.0121219090211622,-21.629999999999995,0
2024-04-19,392.24,398.49,390.91,397.06,30565800,-0.012735967782532097,406.1985714285715,411.7336666666667,394.86233333333337,-4.819999999999993,7.579999999999984,397.3,407.43,415.96,0.011328855198628127,0.011892474049166588,-23.71999999999997,0
2024-04-22,394.05,395.9,388.93,393.18,20286900,0.00461452172139507,402.41285714285715,411.5616666666666,395.1937777777778,0.8700000000000045,6.96999999999997,392.24,404.74,420.55,0.009636334808646093,0.011868590730123234,-26.5,1
2024-04-23,400.54,401.16,396.11,397.27,15734500,0.016469991117878464,400.40142857142865,411.6616666666667,395.56377777777783,3.2700000000000387,5.050000000000011,394.05,397.3,414.62,0.013288351033810838,0.012232919976559873,-14.079999999999984,1
2024-04-24,402.01,405.36,399.76,402.5,15065300,0.003670045438657738,399.75857142857143,411.45799999999997,395.9502222222222,-0.4900000000000091,5.600000000000023,400.54,392.24,406.51,0.011821461035823558,0.011206729316381583,-4.5,1
2024-04-25,392.16,392.99,381.34,387.23,40586500,-0.024501878062734673,397.57714285714286,410.932,396.3191111111111,4.930000000000007,11.650000000000034,402.01,394.05,407.43,0.01443097207246461,0.012036888188499557,-15.269999999999982,0
2024-04-26,399.31,405.88,398.76,405.06,29694700,0.01823235414116681,396.8014285714285,410.31266666666664,396.7152222222222,-5.75,7.1200000000000045,392.16,400.54,404.74,0.01691199860206656,0.011630270402485434,-5.430000000000007,1
2024-04-29,395.31,399.31,392.31,398.26,19582100,-0.010017279807668228,396.5171428571429,409.84833333333336,397.04588888888884,-2.9499999999999886,7.0,399.31,402.01,397.3,0.015804707459559482,0.011175218182688637,-1.990000000000009,0
2024-04-30,382.62,395.22,382.46,394.57,28781400,-0.032101388783486375,395.14285714285717,408.9316666666667,397.2288888888889,-11.949999999999989,12.760000000000048,395.31,392.16,392.24,0.019535594895945266,0.012503183986612083,-9.620000000000005,0
2024-05-01,388.13,394.79,383.58,385.84,23562500,0.014400710888087373,394.2971428571429,408.0646666666667,397.50188888888886,2.2900000000000205,11.210000000000036,382.62,399.31,394.05,0.020527717167864657,0.0126827477516798,-5.920000000000016,1
2024-05-02,390.98,393.03,387.84,390.8,17709400,0.007342900574549823,392.93142857142857,407.1673333333334,397.7747777777778,0.18000000000000682,5.189999999999998,388.13,395.31,400.54,0.01942064852745279,0.012633932014920649,-9.560000000000002,1
2024-05-03,399.65,400.13,394.93,395.34,17446700,0.022175047316998205,392.5942857142857,406.42333333333335,398.1326666666667,4.310000000000002,5.199999999999989,390.98,382.62,402.01,0.02165557430284983,0.01322720701657686,-2.3600000000000136,1
2024-05-06,406.41,406.79,399.36,401.71,16996600,0.016914800450394216,394.63000000000005,405.92533333333336,398.5647777777778,4.7000000000000455,7.430000000000007,399.65,388.13,392.16,0.01961033988459069,0.01365829593989333,14.25,1
2024-05-07,402.28,407.52,402.04,407.51,20018200,-0.010162151521862287,395.05428571428575,405.4823333333334,398.95744444444443,-5.230000000000018,5.479999999999961,406.41,390.98,399.31,0.01941994927292622,0.013560212049868276,2.9699999999999704,0
2024-05-08,403.46,405.12,399.7,401.13,11792300,0.002933280302277038,396.2185714285714,405.1183333333333,399.35,2.329999999999984,5.420000000000016,402.28,399.65,395.31,0.01877702102433224,0.013573942779038405,8.149999999999977,1
2024-05-09,405.21,405.6,402.04,403.49,14689700,0.0043374807911564965,399.44571428571425,404.82,399.7537777777778,1.7199999999999704,3.5600000000000023,403.46,406.41,382.62,0.01072549262217021,0.013606339100523447,22.589999999999975,1
2024-05-10,407.59,408.22,404.7,405.82,13402300,0.005873497692554467,402.2257142857143,404.62433333333337,400.2403333333333,1.7699999999999818,3.5200000000000387,405.21,402.28,388.13,0.010393218889739526,0.013656159000157559,19.45999999999998,1
2024-05-13,406.59,411.14,403.74,410.8,15440200,-0.0024534458647169953,404.45571428571424,404.269,400.71866666666665,-4.210000000000036,7.399999999999977,407.59,403.46,390.98,0.01099102241192228,0.0135401711842911,15.609999999999957,0
2024-05-14,409.38,410.29,404.45,404.91,15109300,0.006861949383900294,405.8457142857143,404.1093333333334,401.25699999999995,4.46999999999997,5.840000000000032,406.59,405.21,399.65,0.00836668098259123,0.013550184053285484,9.730000000000018,1
2024-05-15,416.53,417.25,410.81,411.43,22239500,0.017465435536665144,407.2914285714286,404.2203333333334,401.87688888888886,5.099999999999966,6.439999999999998,409.38,407.59,406.41,0.008515397054673303,0.013924580841747445,10.119999999999948,1
2024-05-16,414.48,418.84,413.85,415.27,17530100,-0.004921614289486843,409.03428571428566,404.3473333333333,402.3983333333334,-0.7899999999999636,4.989999999999952,416.53,406.59,402.28,0.00724436217034046,0.013907005711575788,12.200000000000045,0
2024-05-17,413.71,416.38,411.56,416.0,15352200,-0.0018577494692145306,410.4985714285714,404.1983333333333,402.89922222222225,-2.2900000000000205,4.819999999999993,414.48,409.38,403.46,0.007611951574412853,0.01349383804109301,10.25,0
2024-05-20,418.76,420.17,413.49,413.71,16272100,0.012206618162480993,412.4342857142857,404.248,403.38022222222224,5.050000000000011,6.680000000000007,413.71,416.53,405.21,0.00828751400912495,0.013678019152121156,13.550000000000011,1
2024-05-21,422.4,426.27,418.28,420.23,21453300,0.008692329735409272,414.55,404.3636666666667,403.8813333333333,2.169999999999959,7.990000000000009,418.76,414.48,407.59,0.008419249604052279,0.013749697360791407,14.810000000000002,1
2024-05-22,423.86,425.72,420.52,423.44,18073700,0.0034564393939394804,417.01714285714286,404.627,404.3567777777778,0.4200000000000159,5.2000000000000455,422.4,413.71,406.59,0.007804530418546585,0.013687162956173546,17.27000000000004,1
2024-05-23,420.39,426.89,418.84,426.27,17211700,-0.008186665408389627,418.59000000000003,404.62166666666667,404.7741111111111,-5.8799999999999955,8.050000000000011,423.86,418.76,409.38,0.009427051851733365,0.013637383434569916,11.009999999999991,0
2024-05-24,423.5,424.39,417.84,420.58,11855300,0.007397892433216808,419.58571428571435,404.9176666666666,405.2346666666666,2.920000000000016,6.550000000000011,420.39,422.4,416.53,0.007590235984973448,0.013429932281047014,6.970000000000027,1
2024-05-28,423.66,424.15,420.0,422.98,15718000,0.00037780401416770957,420.8971428571428,405.48933333333326,405.6491111111111,0.6800000000000068,4.149999999999977,423.5,423.86,414.48,0.0069780687692332696,0.012869578946258202,9.180000000000007,1
2024-05-29,422.53,424.27,419.1,419.1,15517100,-0.0026672331586650904,422.1571428571429,405.9926666666667,405.9986666666666,3.42999999999995,5.169999999999959,423.66,420.39,413.71,0.0070809389803096895,0.012890416809360324,8.819999999999993,0
2024-05-30,408.25,417.73,407.83,417.73,28394500,-0.033796416822474085,420.6557142857143,406.1096666666666,406.2131111111111,-9.480000000000018,9.900000000000034,422.53,423.5,418.76,0.014556615309102724,0.01433957715350716,-10.509999999999991,0
2024-05-31,408.71,410.3,398.25,410.3,47995300,0.0011267605633802317,418.69999999999993,406.48999999999995,406.40655555555554,-1.5900000000000318,12.050000000000011,408.25,423.66,422.4,0.013756569798152686,0.013894456425582433,-13.689999999999998,1
2024-06-03,407.12,409.99,402.59,409.1,17484700,-0.003890288957940777,416.3085714285715,406.986,406.5424444444444,-1.9800000000000182,7.400000000000034,408.71,422.53,423.86,0.013311362466216618,0.013684341096050599,-16.74000000000001,0
2024-06-04,409.63,410.0,403.34,406.05,14348900,0.006165258400471583,414.77142857142854,407.50533333333334,406.6811111111111,3.579999999999984,6.660000000000025,407.12,408.25,420.39,0.01394785496234858,0.013700083482375669,-10.759999999999991,1
2024-06-05,417.45,417.52,409.86,411.35,16988000,0.01909039865244243,413.90714285714284,408.069,406.91688888888893,6.099999999999966,7.659999999999968,409.63,408.71,423.5,0.016030771857032496,0.013807509949011584,-6.050000000000011,1
2024-06-06,417.95,418.73,414.07,417.45,14861300,0.001197748233321356,413.09142857142854,408.60033333333337,407.09511111111107,0.5,4.660000000000025,417.45,407.12,423.66,0.016053526590737797,0.01380131612105008,-5.710000000000036,1
2024-06-07,417.29,419.68,416.46,419.61,13621700,-0.0015791362603181439,412.3428571428571,409.438,407.27833333333336,-2.319999999999993,3.2200000000000273,417.95,409.63,422.53,0.016049277608071226,0.012925164097191938,-5.239999999999952,0
2024-06-10,421.25,421.46,417.33,418.13,13982900,0.00948980325433147,414.19999999999993,410.1693333333333,407.6255555555556,3.1200000000000045,4.1299999999999955,417.29,417.45,408.25,0.007854785889695404,0.012645683767810834,13.0,1
2024-06-11,425.99,426.12,418.67,418.9,14551100,0.011252225519287855,416.66857142857145,411.19199999999995,407.9578888888889,7.090000000000032,7.449999999999989,421.25,417.95,408.71,0.008056699764606847,0.012552575514507879,17.28000000000003,1
2024-06-12,434.24,436.54,426.55,428.58,22366200,0.01936665179933801,420.5428571428571,412.91266666666667,408.3007777777778,5.660000000000025,9.990000000000009,425.99,417.29,407.12,0.008112370503093535,0.011081245374803208,27.120000000000005,1
2024-06-13,434.75,436.53,432.57,434.03,15960600,0.0011744657332350564,424.13142857142856,414.4666666666666,408.7099999999999,0.7200000000000273,3.9599999999999795,434.24,421.25,409.63,0.008634580080636313,0.010927024183571549,25.120000000000005,1
2024-06-14,435.72,436.28,429.96,431.5,13582000,0.002231167337550379,426.74142857142857,415.95799999999997,409.13177777777776,4.220000000000027,6.319999999999993,434.75,425.99,417.45,0.007486025080104548,0.010910459450569768,18.27000000000004,1
2024-06-17,441.43,443.96,433.9,435.74,20790000,0.013104746167263332,430.0957142857143,417.35066666666665,409.52366666666666,5.689999999999998,10.060000000000002,435.72,434.24,417.95,0.007522756728971629,0.010498021439865172,23.480000000000018,1
2024-06-18,439.43,443.18,438.01,442.75,17112500,-0.004530729674014,433.2585714285715,418.45133333333337,409.8926666666666,-3.319999999999993,5.170000000000016,441.43,434.75,417.29,0.008193049345250442,0.01027185747811393,22.139999999999986,0
2024-06-20,438.8,439.62,434.44,439.39,19877400,-0.0014336754431877555,435.7657142857143,419.66866666666664,410.18455555555556,-0.589999999999975,5.180000000000007,439.43,435.72,421.25,0.008758583513461215,0.01001663614687001,17.55000000000001,0
2024-06-21,442.82,443.61,439.6,440.46,34187100,0.009161349134001781,438.17,420.98066666666665,410.57866666666666,2.3600000000000136,4.009999999999991,438.8,441.43,425.99,0.008578670415409497,0.010080624702524922,16.829999999999984,1
2024-06-24,440.74,445.74,439.5,442.84,15913700,-0.004697168149586704,439.09857142857146,422.16499999999996,411.04711111111106,-2.099999999999966,6.240000000000009,442.82,439.43,434.24,0.006763654079418333,0.010178622421322947,6.5,0
2024-06-25,443.97,444.44,439.84,441.31,16413400,0.007328583745518941,440.41571428571433,423.37766666666664,411.50866666666667,2.660000000000025,4.600000000000023,440.74,438.8,434.75,0.007011986985969584,0.010196947765378281,9.220000000000027,1
2024-06-26,445.16,446.58,441.26,442.05,16507000,0.00268036128567245,441.7642857142857,424.66333333333336,412.0154444444444,3.1100000000000136,5.319999999999993,443.97,442.82,435.72,0.007005580230157868,0.010146885375741899,9.439999999999998,1
2024-06-27,445.84,449.11,444.78,445.18,14806300,0.0015275406595380312,442.39428571428573,425.8786666666667,412.5571111111111,0.6599999999999682,4.330000000000041,445.16,440.74,441.43,0.005437723075261598,0.010124961426000396,4.409999999999968,1
2024-06-28,440.03,448.33,439.5,446.06,28362300,-0.013031580836174419,442.47999999999996,426.66200000000003,413.04811111111115,-6.03000000000003,8.829999999999984,445.84,443.97,439.43,0.0075361385356020666,0.010142867618241007,0.5999999999999659,0
2024-07-01,449.66,450.29,438.76,441.72,17662800,0.021884871486035164,444.0314285714286,427.83466666666664,413.65277777777777,7.939999999999998,11.53000000000003,440.03,445.16,438.8,0.011028324617314622,0.010688974361769089,10.860000000000014,1
2024-07-02,452.17,452.48,446.1,446.19,13979800,0.0055819952853266705,445.3671428571428,429.1166666666667,414.1818888888889,5.980000000000018,6.3799999999999955,449.66,445.84,442.82,0.010805548131614618,0.010664065763061415,9.350000000000023,1
2024-07-03,453.64,453.89,450.8,451.1,9932800,0.0032509896720259424,447.21000000000004,430.27933333333334,414.7416666666667,2.5399999999999636,3.089999999999975,452.17,440.03,440.74,0.010260989868693761,0.010522523701604983,12.899999999999977,1
2024-07-05,460.33,461.1,451.87,452.5,16000300,0.014747376774534868,449.54714285714283,431.5436666666667,415.40633333333335,7.829999999999984,9.230000000000018,453.64,449.66,443.97,0.010997724329621265,0.010697562624354855,16.359999999999957,1
2024-07-08,459.03,460.46,457.27,459.33,12962300,-0.0028240609997176188,451.5285714285714,432.716,416.05722222222226,-0.30000000000001137,3.1899999999999977,460.33,452.17,445.16,0.011400205613386536,0.010748159733908589,13.869999999999948,0
2024-07-09,452.43,460.1,450.91,459.77,17207200,-0.014378145219266641,452.46999999999997,433.784,416.6321111111111,-7.339999999999975,9.189999999999998,459.03,453.64,445.84,0.013475572868004654,0.011020729289788695,6.590000000000032,0
2024-07-10,459.04,459.24,451.76,454.08,18196100,0.01460999491634068,455.1857142857143,434.9686666666667,417.2157777777778,4.960000000000036,7.480000000000018,452.43,460.33,440.03,0.012272825773595602,0.01120809086578772,19.010000000000048,1
2024-07-11,447.66,457.59,444.56,455.82,23111200,-0.024790867898222366,454.9,435.7686666666667,417.65277777777777,-8.159999999999968,13.029999999999973,459.04,459.03,449.66,0.014718992161090612,0.012282326457147462,-2.0,0
2024-07-12,446.53,449.3,443.68,447.3,16324300,-0.002524237144261386,454.0942857142858,436.5686666666667,418.0835555555555,-0.7700000000000387,5.6200000000000045,447.66,452.43,452.17,0.014473601548561648,0.012280515772828954,-5.640000000000043,0
2024-07-15,446.94,450.19,444.45,446.29,14429400,0.0009181913869169485,453.13714285714286,437.85833333333335,418.65277777777777,0.6499999999999773,5.740000000000009,446.53,459.04,453.64,0.014367034557013103,0.010270367063474,-6.699999999999989,1
2024-07-16,442.56,447.27,439.75,447.19,17175700,-0.00979997315075848,450.59857142857146,438.9866666666667,419.17944444444436,-4.6299999999999955,7.519999999999982,446.94,447.66,460.33,0.01245697774037819,0.01053220603250003,-17.769999999999982,0
2024-07-17,436.66,437.97,432.38,435.74,21778000,-0.013331525668835813,447.40285714285716,439.9713333333333,419.5636666666667,0.9200000000000159,5.590000000000032,442.56,446.53,459.03,0.012705573569907475,0.010871790278160244,-22.369999999999948,0
2024-07-18,433.56,437.77,427.68,437.46,20794800,-0.007099345028168421,444.70714285714286,440.76900000000006,419.94533333333334,-3.8999999999999773,10.089999999999975,436.66,446.94,452.43,0.01229641197879037,0.010982329244834896,-18.870000000000005,0
2024-07-19,430.35,434.31,425.32,426.4,20940400,-0.007403819540547973,440.60857142857145,441.199,420.3098888888889,3.9500000000000455,8.990000000000009,433.56,442.56,459.04,0.00831732995391306,0.010615823363982754,-28.689999999999998,0
2024-07-22,436.09,437.72,432.12,434.95,15808800,0.013337980713372725,438.9557142857143,441.80366666666663,420.6206666666667,1.1399999999999864,5.600000000000023,430.35,436.66,447.66,0.00883414474886891,0.01084969849957801,-11.57000000000005,1
2024-07-23,437.97,441.45,436.24,437.03,13107100,0.004311036712605317,437.73285714285714,442.49300000000005,420.95433333333335,0.9400000000000546,5.2099999999999795,436.09,433.56,446.53,0.009348599502365535,0.010845834813123213,-8.559999999999945,1
2024-07-24,422.26,434.65,420.97,433.64,26805800,-0.03587003676050879,434.20714285714286,442.5266666666667,421.00288888888883,-11.379999999999995,13.67999999999995,437.97,430.35,446.94,0.01536467105278175,0.012718295267811939,-24.680000000000007,0
2024-07-25,411.93,423.15,411.05,422.17,29943800,-0.02446360062520718,429.83142857142855,442.05800000000005,421.03277777777777,-10.240000000000009,12.099999999999966,422.26,436.09,442.56,0.016603895878047222,0.013302256617755635,-30.629999999999995,0
2024-07-26,418.69,422.28,410.81,411.73,23583800,0.016410555191415994,427.2642857142857,441.5396666666667,421.128,6.9599999999999795,11.46999999999997,411.93,437.97,436.66,0.01922930609607649,0.013156088228799004,-17.970000000000027,1
2024-07-29,420.13,425.46,418.13,424.9,15125800,0.003439298765196202,425.3457142857143,441.05233333333337,421.1945555555555,-4.769999999999982,7.329999999999984,418.69,422.26,433.56,0.019523238810411986,0.013176254327506161,-13.430000000000007,1
2024-07-30,416.38,422.41,410.9,421.1,32687600,-0.00892580867826625,423.34999999999997,440.40766666666667,421.1776666666667,-4.720000000000027,11.510000000000048,420.13,411.93,430.35,0.019571724272668827,0.01323761112387579,-13.970000000000027,0
2024-07-31,411.88,415.25,405.83,413.99,42891400,-0.010807435515634756,419.8914285714286,439.42266666666666,421.0655555555556,-2.1100000000000136,9.420000000000016,416.38,418.69,436.09,0.01795745450531845,0.013051037413331334,-24.20999999999998,0
2024-08-01,410.66,420.85,406.7,414.28,30296400,-0.0029620277750800486,415.98999999999995,438.46366666666665,420.94677777777775,-3.6199999999999477,14.150000000000034,411.88,420.13,437.97,0.017326661270412855,0.013044617865088485,-27.310000000000002,0
2024-08-02,402.17,408.58,398.08,406.11,29437900,-0.020674036916183726,413.12,437.2426666666667,420.79788888888885,-3.9399999999999977,10.5,410.66,416.38,422.26,0.014043696510012055,0.013473023975810796,-20.089999999999975,0
2024-08-05,389.04,394.83,379.61,383.15,40709200,-0.03264788522266702,409.84999999999997,435.45,420.51633333333336,5.890000000000043,15.21999999999997,402.17,411.88,411.93,0.015963490628764697,0.014326978731632809,-22.889999999999986,0
2024-08-06,393.43,399.39,392.33,393.81,24946500,0.011284186716018883,406.24142857142857,433.873,420.28600000000006,-0.37999999999999545,7.060000000000002,389.04,410.66,418.69,0.014725281635122295,0.014602577380062515,-25.25999999999999,1
2024-08-07,392.27,403.73,391.32,402.32,20650900,-0.0029484279287294436,402.26142857142855,432.14966666666663,420.0505555555555,-10.050000000000011,12.410000000000025,393.43,402.17,420.13,0.014024823058685548,0.01445536624233153,-27.860000000000014,0
2024-08-08,396.46,399.58,393.75,396.21,20203000,0.010681418410788483,399.4157142857143,430.5263333333333,419.8195555555555,0.25,5.829999999999984,392.27,389.04,416.38,0.01601474280427252,0.014655609226955385,-19.920000000000016,1
2024-08-09,399.74,401.74,396.04,397.78,19276700,0.008273217979115245,397.68142857142857,428.9896666666666,419.65922222222224,1.9600000000000364,5.699999999999989,396.46,393.43,411.88,0.016835227416968225,0.014790498957894242,-12.139999999999986,1
2024-08-12,400.52,402.44,397.99,400.76,16762900,0.0019512683244107987,396.23285714285714,427.67266666666666,419.5183333333334,-0.2400000000000091,4.449999999999989,399.74,392.27,410.66,0.01699429126036828,0.014711173561141691,-10.140000000000043,1
2024-08-13,407.6,408.53,403.23,403.25,19414300,0.01767701987416369,397.00857142857143,426.27066666666667,419.48422222222223,4.350000000000023,5.2999999999999545,400.52,396.46,402.17,0.016691515573019455,0.014483780035509673,5.430000000000007,1
2024-08-14,410.41,411.26,406.07,408.38,18267000,0.006894013738959769,400.06142857142856,424.8786666666667,419.39788888888893,2.0300000000000296,5.189999999999998,407.6,399.74,389.04,0.006691913189727333,0.014513056459629378,21.370000000000005,1
2024-08-15,415.26,415.34,411.94,414.05,20752100,0.011817450841841002,403.18,423.59933333333333,419.3755555555555,1.2099999999999795,3.3999999999999773,410.41,400.52,393.43,0.006742525454751993,0.014725492971011894,21.829999999999984,1
2024-08-16,412.74,415.57,411.58,414.84,22775600,-0.006068487212830472,406.1042857142857,422.013,419.30677777777777,-2.099999999999966,3.990000000000009,415.26,407.6,392.27,0.0076153243370449845,0.014354104734852305,20.470000000000027,0
2024-08-19,415.76,415.97,410.76,413.22,15234000,0.007316954983766976,408.8614285714286,420.5706666666667,419.3045555555555,2.5399999999999636,5.210000000000036,412.74,410.41,396.46,0.0074724965066743105,0.014490078602617959,19.30000000000001,1
2024-08-20,418.98,420.03,415.86,415.92,16387600,0.007744852799692196,411.61,419.4556666666667,419.2871111111111,3.0600000000000023,4.169999999999959,415.76,415.26,399.74,0.0074582301922691985,0.014464104091631418,19.24000000000001,1
2024-08-21,418.33,420.56,415.94,418.27,16067300,-0.0015513867010359303,414.1542857142857,418.09866666666665,419.3283333333334,0.060000000000002274,4.6200000000000045,418.98,412.74,400.52,0.007936906003037293,0.014103062705098665,17.810000000000002,0
2024-08-22,409.86,420.94,408.93,418.55,19361900,-0.020247173284249208,414.4771428571429,416.83866666666665,419.36555555555555,-8.689999999999998,12.009999999999991,418.33,415.76,407.6,0.01114224806891965,0.01388359579049484,2.259999999999991,0
2024-08-23,411.08,413.52,406.45,411.27,18493800,0.00297662616503189,414.5728571428572,415.65700000000004,419.40611111111104,-0.18999999999999773,7.069999999999993,409.86,418.98,410.41,0.010883085643536513,0.013924206612072193,0.6699999999999591,1
2024-08-26,407.83,411.56,405.71,410.67,13152800,-0.007906003697577114,413.51142857142855,414.35333333333335,419.44044444444444,-2.840000000000032,5.850000000000023,411.08,418.33,415.26,0.009909054683665644,0.013939231897622688,-7.430000000000007,0
2024-08-27,408.17,408.68,404.63,407.2,13492900,0.0008336807002918663,412.85857142857145,413.20700000000005,419.56122222222217,0.9700000000000273,4.050000000000011,407.83,409.86,412.74,0.00984185354420587,0.013894247037844174,-4.569999999999993,1
2024-08-28,404.98,409.32,401.73,409.2,14882700,-0.00781537104637773,411.31857142857143,412.151,419.7027777777778,-4.21999999999997,7.589999999999975,408.17,411.08,415.76,0.00921202006986872,0.013783370110661993,-10.779999999999973,0
2024-08-29,407.46,416.27,404.98,409.26,17045200,0.00612375919798499,409.67285714285714,411.281,419.8517777777777,-1.8000000000000114,11.289999999999964,404.98,407.83,418.98,0.008890857188715559,0.013839708916502817,-11.520000000000039,1
2024-08-30,411.43,411.77,406.48,409.91,24308300,0.009743287684680772,408.6871428571429,410.6503333333333,419.9727777777777,1.5199999999999818,5.289999999999964,407.46,408.17,418.33,0.010308618058456962,0.013961273750546227,-6.899999999999977,1
2024-09-03,403.83,414.13,401.45,412.19,20313600,-0.01847215808278449,407.82571428571424,409.575,419.99300000000005,-8.360000000000014,12.680000000000007,411.43,404.98,409.86,0.009803827249765421,0.01401104006075375,-6.03000000000003,0
2024-09-04,403.3,405.61,398.83,400.35,15135800,-0.0013124334497188737,406.7142857142857,408.4193333333333,420.1167777777777,2.9499999999999886,6.78000000000003,403.83,407.46,411.08,0.009566744118955757,0.013954795832275825,-7.779999999999973,0
2024-09-05,402.8,407.44,400.57,402.04,14195500,-0.001239771881973717,405.9957142857143,407.7706666666666,420.15555555555557,0.7599999999999909,6.8700000000000045,403.3,411.43,407.83,0.009288312421543838,0.012464856817825568,-5.029999999999973,0
2024-09-06,396.2,405.02,395.31,403.46,19609500,-0.01638530287984117,404.2857142857143,407.2463333333333,420.16544444444446,-7.259999999999991,9.70999999999998,402.8,403.83,408.17,0.010671949406666778,0.012031294492124867,-11.970000000000027,0
2024-09-09,400.16,403.05,396.64,401.66,15295100,0.009994952044422101,403.59714285714284,406.6286666666667,420.36033333333336,-1.5,6.410000000000025,396.2,403.3,404.98,0.011734845798456187,0.011760970169251416,-4.819999999999993,1
2024-09-10,408.53,410.63,402.12,402.61,19594300,0.020916633346661204,403.75,406.242,420.58700000000005,5.919999999999959,8.509999999999991,400.16,402.8,407.46,0.01439785910825188,0.012425134994111901,1.0699999999999932,1
2024-09-11,417.25,418.18,403.97,409.81,19266900,0.021344821677722635,404.5814285714286,406.271,420.87888888888887,7.439999999999998,14.20999999999998,408.53,396.2,411.43,0.016199150865536863,0.012964748138059212,5.819999999999993,1
2024-09-12,421.15,421.52,414.0,417.51,17395700,0.009346914319952012,407.0557142857143,406.58,421.11777777777775,3.6399999999999864,7.519999999999982,417.25,400.16,403.83,0.013491079863535958,0.01289932549707958,17.319999999999993,1
2024-09-13,424.69,425.91,419.63,420.0,15874600,0.008405556215125301,410.1114285714285,407.0476666666666,421.32088888888893,4.689999999999998,6.28000000000003,421.15,408.53,403.3,0.013095994459500972,0.01295116320904951,21.389999999999986,1
2024-09-16,425.43,427.59,422.35,424.7,13834700,0.0017424474322447175,413.3442857142857,407.823,421.5781111111112,0.7300000000000182,5.239999999999952,424.69,417.25,402.8,0.012810312985496192,0.012274490063963556,22.629999999999995,1
2024-09-17,429.19,435.8,426.35,434.2,18874200,0.008838116728956564,418.0571428571429,409.16133333333335,421.8639999999999,-5.009999999999991,9.449999999999989,425.43,421.15,396.2,0.007122316323968116,0.010442557228393552,32.99000000000001,1
2024-09-18,424.91,430.06,424.51,429.04,18898000,-0.009972273352128365,421.59285714285716,410.21066666666667,422.0828888888889,-4.1299999999999955,5.550000000000011,429.19,424.69,400.16,0.01085289687576694,0.010604275587791803,24.75,0
2024-09-19,432.68,435.45,430.92,435.19,21706600,0.018286225318302655,425.0428571428571,411.55766666666665,422.3616666666667,-2.509999999999991,4.529999999999973,424.91,425.43,408.53,0.010393624704292531,0.010923423935013771,24.150000000000034,1
2024-09-20,429.31,433.22,428.27,431.23,55167100,-0.007788665988721468,426.76571428571424,412.6526666666667,422.6141111111111,-1.920000000000016,4.9500000000000455,432.68,429.19,417.25,0.010121679642751902,0.011014993358686257,12.060000000000002,0
2024-09-23,427.57,430.48,424.49,428.33,15128900,-0.004053015303626771,427.6828571428572,413.58033333333333,422.8162222222222,-0.7599999999999909,5.990000000000009,429.31,424.91,421.15,0.010235452449670737,0.011030420971713192,6.420000000000016,0
2024-09-24,423.29,427.41,420.26,427.07,17015800,-0.010010056832799244,427.48285714285714,414.33933333333334,422.89133333333336,-3.7799999999999727,7.150000000000034,427.57,432.68,424.69,0.0107317510411249,0.0112574815832892,-1.3999999999999773,0
2024-09-25,426.19,427.19,422.7,423.94,13396400,0.006851094993975708,427.59142857142854,414.959,423.02144444444446,2.25,4.490000000000009,423.29,429.31,425.43,0.011071828648472826,0.010902418175877455,0.7599999999999909,1
2024-09-26,425.4,429.34,423.25,429.13,14492000,-0.001853633356014971,427.05,415.45866666666666,423.1513333333333,-3.730000000000018,6.089999999999975,426.19,427.57,429.19,0.010416954355929948,0.010871363956876353,-3.7900000000000205,0
2024-09-27,422.16,425.93,421.61,425.61,14896100,-0.007616361071932187,426.65714285714284,415.6886666666667,423.18911111111106,-3.4499999999999886,4.319999999999993,425.4,423.29,424.91,0.010120903201257407,0.010798949139285197,-2.75,0
2024-09-30,424.41,424.52,419.54,422.34,16807300,0.005329732802728823,425.47571428571433,416.0776666666667,423.2114444444445,2.07000000000005,4.979999999999961,422.16,426.19,432.68,0.006604806069312893,0.010756458663592719,-8.269999999999982,1
2024-10-01,414.93,422.61,413.07,422.58,19092900,-0.02233689121368492,423.42142857142863,416.05,423.1122222222222,-7.649999999999977,9.54000000000002,424.41,425.4,429.31,0.009918136284947565,0.011491960527175923,-14.379999999999995,0
2024-10-02,411.42,417.03,411.0,416.79,16582300,-0.008459258188128095,421.11428571428576,415.798,423.0125555555556,-5.3700000000000045,6.029999999999973,414.93,422.16,427.57,0.010001358011136963,0.011496063864452712,-16.149999999999977,0
2024-10-03,410.83,413.8,408.62,411.91,13686400,-0.0014340576539789796,419.3342857142857,415.548,422.87177777777777,-1.080000000000041,5.180000000000007,411.42,424.41,423.29,0.00987299322905236,0.011495728886035514,-12.460000000000036,0
2024-10-04,410.36,414.0,409.29,412.51,19169700,-0.0011440255093346893,417.0728571428572,415.5646666666667,422.72399999999993,-2.1499999999999773,4.7099999999999795,410.83,414.93,426.19,0.008781266577211873,0.010878941229078634,-15.829999999999984,0
2024-10-07,403.93,411.4,403.4,410.3,20919800,-0.015669168534944943,414.0057142857143,415.3263333333333,422.5173333333333,-6.3700000000000045,8.0,410.36,411.42,425.4,0.009393286045052013,0.011235582354522785,-21.46999999999997,0
2024-10-08,409.03,409.97,402.58,405.27,19229300,0.012625950040848577,412.13000000000005,415.36633333333333,422.52600000000007,3.759999999999991,7.390000000000043,403.93,410.83,422.16,0.012035647303167564,0.011394605762684177,-13.130000000000052,1
2024-10-09,411.74,414.62,408.62,410.16,14974300,0.006625430897489271,410.32,415.4853333333333,422.5596666666667,1.579999999999984,6.0,409.03,410.36,424.41,0.01221951950690325,0.011455304411978,-12.670000000000016,1
2024-10-10,410.14,411.63,407.49,409.54,13848400,-0.0038859474425608945,409.63571428571424,415.6573333333333,422.5932222222222,0.5999999999999659,4.139999999999986,411.74,403.93,414.93,0.00931382893209096,0.011380900210395362,-4.7900000000000205,0
2024-10-11,410.62,411.42,407.59,410.44,14144900,0.0011703320817282347,409.5214285714286,415.76266666666663,422.6042222222223,0.18000000000000682,3.830000000000041,410.14,409.03,411.42,0.008834128112549775,0.01133209558122127,-0.8000000000000114,1
2024-10-14,413.4,418.23,411.8,412.05,16653100,0.006770249866056141,409.8885714285714,415.8283333333333,422.55922222222216,1.349999999999966,6.430000000000007,410.62,411.74,410.83,0.00918718984918858,0.011259610108444626,2.569999999999993,1
2024-10-15,413.0,416.69,409.57,416.4,18900200,-0.0009675858732461957,410.26571428571424,416.134,422.5042222222222,-3.3999999999999773,7.1200000000000045,413.4,410.14,410.36,0.009180798921311337,0.010697030973197028,2.6399999999999864,0
2024-10-16,410.42,410.66,404.86,409.48,15508900,-0.006246973365617395,411.1928571428571,416.3713333333333,422.4278888888889,0.9399999999999977,5.800000000000011,413.0,410.62,403.93,0.006690636325632954,0.01076839718383877,6.490000000000009,0
2024-10-17,411.01,416.71,409.9,416.57,14820000,0.0014375517762291676,411.4757142857143,416.64500000000004,422.31411111111106,-5.560000000000002,6.810000000000002,410.42,413.4,409.03,0.004912501973609735,0.010763378465927153,1.9800000000000182,1
2024-10-18,412.43,413.9,410.56,411.43,17145300,0.003454903773630851,411.57428571428574,417.186,422.16344444444445,1.0,3.339999999999975,411.01,413.0,411.74,0.004393964663789082,0.0102739690451232,0.6899999999999977,1
2024-10-21,413.04,413.22,408.08,410.42,14206100,0.0014790388672017401,411.98857142857145,417.6153333333333,421.9278888888889,2.6200000000000045,5.140000000000043,412.43,410.42,410.14,0.004003351460203322,0.010144857420231948,2.900000000000034,1
2024-10-22,421.65,424.68,412.31,412.76,25482200,0.02084543869843104,413.5642857142857,418.05266666666665,421.7823333333334,8.889999999999986,12.370000000000005,413.04,411.01,410.62,0.008506113195408322,0.010140070634046408,11.029999999999973,1
2024-10-23,418.78,425.17,416.74,424.96,19654400,-0.00680659314597416,414.3328571428571,418.10366666666664,421.59411111111115,-6.180000000000007,8.430000000000007,421.65,412.43,413.4,0.009238848017665594,0.00948369219987501,5.3799999999999955,0
2024-10-24,418.91,420.14,416.61,419.5,13581600,0.0003104255217537903,415.1771428571429,418.02899999999994,421.34388888888896,-0.589999999999975,3.5299999999999727,418.78,413.04,413.0,0.009185552961554554,0.009324185267662623,5.910000000000025,1
2024-10-25,422.29,426.6,420.73,420.91,16899100,0.008068558878995477,416.8728571428572,417.949,421.1534444444444,1.3799999999999955,5.8700000000000045,418.91,421.65,410.42,0.008600842038887743,0.009313737525236359,11.870000000000005,1
2024-10-28,420.75,426.02,420.46,425.75,14882400,-0.003646783016410572,418.2642857142857,417.793,420.9528888888888,-5.0,5.560000000000002,422.29,418.78,411.01,0.009066492843627276,0.00932800047448747,9.740000000000009,0
2024-10-29,426.03,427.24,419.97,422.14,17644100,0.012549019607843073,420.20714285714286,417.6876666666667,420.76633333333336,3.8899999999999864,7.269999999999982,420.75,418.91,412.43,0.009706882966174276,0.009477135411949878,13.599999999999966,1
2024-10-30,426.61,432.49,426.18,431.45,29749100,0.001361406473722604,422.1457142857143,417.7443333333333,420.6093333333334,-4.839999999999975,6.310000000000002,426.03,422.29,413.04,0.009713458960536745,0.009298482788862894,13.569999999999993,1
2024-10-31,400.78,410.46,400.73,409.67,53971000,-0.060547103912238436,419.1642857142857,416.681,420.12944444444446,-8.890000000000043,9.729999999999961,426.61,420.75,421.65,0.024532777243781435,0.013969638784259747,-20.870000000000005,0
2024-11-01,404.75,409.81,401.92,403.41,24230400,0.009905683916363161,417.15999999999997,415.86233333333337,419.6804444444445,1.339999999999975,7.889999999999986,400.78,426.03,418.78,0.02534964840224336,0.014109426138204928,-14.029999999999973,1
2024-11-04,402.86,404.8,400.01,404.19,19672300,-0.0046695491043853895,414.8671428571428,415.03866666666664,419.20288888888894,-1.329999999999984,4.7900000000000205,404.75,426.61,418.91,0.025259532896255876,0.014113174383948646,-16.05000000000001,0
2024-11-05,405.82,409.22,402.49,402.78,17626000,0.007347465620811149,412.5142857142857,414.45633333333336,418.8227777777778,3.0400000000000205,6.730000000000018,402.86,400.78,422.29,0.025197403067030253,0.014124325902895394,-16.470000000000027,1
2024-11-06,414.42,414.69,404.9,406.77,26681800,0.02119166132768228,411.61,414.064,418.4312222222222,7.650000000000034,9.79000000000002,405.82,404.75,420.75,0.027155881118564467,0.014643022680209256,-6.329999999999984,1
2024-11-07,419.6,421.0,414.13,415.51,19901800,0.012499396747261249,410.6914285714285,413.87066666666664,418.0693333333333,4.090000000000032,6.8700000000000045,414.42,402.86,426.03,0.027151505794525334,0.014841458950453459,-6.42999999999995,1
2024-11-08,416.75,420.66,416.0,419.49,16891400,-0.006792183031458586,409.28285714285715,413.6903333333333,417.65944444444443,-2.740000000000009,4.660000000000025,419.6,405.82,426.61,0.027165944114511474,0.014828298878578672,-9.860000000000014,0
2024-11-11,412.28,418.99,410.3,416.73,24503300,-0.010725854829034258,410.92571428571426,413.286,417.1255555555555,-4.4500000000000455,8.689999999999998,416.75,414.42,400.78,0.011706671228153012,0.014906846759109388,11.5,0
2024-11-12,417.24,418.63,411.49,412.52,19401200,0.012030658775589495,412.71,413.363,416.66122222222225,4.720000000000027,7.139999999999986,412.28,419.6,404.75,0.01190788842116798,0.014514554339006076,12.490000000000009,1
2024-11-13,419.38,423.45,412.48,415.86,21502200,0.005128942575016744,415.07,413.62833333333333,416.294,3.519999999999982,10.96999999999997,417.24,416.75,402.86,0.011218416903651322,0.014443979054692718,16.519999999999982,1
2024-11-14,421.04,422.3,414.25,419.18,30246900,0.003958224045018897,417.2442857142857,413.96866666666665,415.87177777777777,1.8600000000000136,8.050000000000011,419.38,412.28,405.82,0.011214212072972948,0.01444951351366169,15.220000000000027,1
2024-11-15,409.32,417.01,407.97,414.07,28247600,-0.027835835075052315,416.5157142857143,413.93399999999997,415.44577777777783,-4.75,9.039999999999964,421.04,417.24,414.42,0.014487225758539767,0.015373351814828079,-5.100000000000023,0
2024-11-18,410.06,412.67,406.46,409.19,24727000,0.001807876478061197,415.15285714285716,414.1383333333334,415.04055555555556,0.8700000000000045,6.210000000000036,409.32,419.38,419.6,0.013254746167356266,0.015086298910436056,-9.54000000000002,1
2024-11-19,412.07,412.22,405.91,407.45,18133500,0.0049017216992635,414.48428571428576,414.23966666666666,414.6531111111111,4.6200000000000045,6.310000000000002,410.06,421.04,416.75,0.013462433349408796,0.014939437639529325,-4.680000000000007,1
2024-11-20,409.8,411.57,404.96,411.16,19191700,-0.0055087727813235175,414.13,414.175,414.28911111111114,-1.3600000000000136,6.610000000000014,412.07,409.32,412.28,0.01300536716341074,0.014928139319178284,-2.4799999999999613,0
2024-11-21,408.03,414.86,405.48,414.58,20780200,-0.004319180087847825,412.81428571428575,414.10466666666673,413.971,-6.550000000000011,9.379999999999995,409.8,410.06,417.24,0.01172458216924627,0.014932189919260284,-9.210000000000036,0
2024-11-22,412.11,412.51,406.24,406.55,24814600,0.009999264759944223,411.7757142857143,414.1543333333333,413.7326666666667,5.560000000000002,6.269999999999982,408.03,412.07,419.38,0.012419836572184685,0.015043893825862202,-7.269999999999982,1
2024-11-25,413.88,416.14,409.99,413.47,27691100,0.004294969789619232,410.7528571428571,414.17033333333336,413.54966666666667,0.40999999999996817,6.149999999999977,412.11,409.8,421.04,0.012449313072671808,0.015013559110942334,-7.160000000000025,1
2024-11-26,422.97,424.01,413.94,414.67,23458900,0.021962887793563427,412.70285714285717,414.50266666666664,413.4038888888889,8.300000000000011,10.069999999999993,413.88,408.03,409.32,0.009311418871684947,0.015529525924189132,13.650000000000034,1
2024-11-27,418.03,422.22,417.07,420.13,18332400,-0.011679315317871372,413.84142857142854,414.7563333333334,413.1823333333333,-2.1000000000000227,5.150000000000034,422.97,412.11,410.06,0.011218039584859766,0.015647136294665947,7.96999999999997,0
2024-11-29,418.5,419.9,412.9,415.16,16271900,0.0011243212209650678,414.75999999999993,415.00600000000003,413.1405555555556,3.339999999999975,7.0,418.03,413.88,412.07,0.011191324081400788,0.015646754772000778,6.430000000000007,1
2024-12-02,425.93,427.92,416.37,416.63,20207200,0.017753882915173255,417.0642857142857,415.456,413.29611111111114,9.300000000000011,11.550000000000011,418.5,422.97,409.8,0.011926955486743114,0.01594773658431885,16.129999999999995,1
2024-12-03,426.14,427.4,422.73,424.8,18302000,0.0004930387622378784,419.65142857142854,415.8926666666667,413.37888888888887,1.339999999999975,4.669999999999959,425.93,418.03,408.03,0.011387004051291717,0.015948156967363354,18.110000000000014,1
2024-12-04,432.29,434.52,427.56,427.95,26009400,0.014431876847984311,422.5342857142858,416.24733333333336,413.514,4.340000000000032,6.9599999999999795,426.14,418.5,412.11,0.011745994614764598,0.015716573491491612,20.180000000000007,1
2024-12-05,437.43,439.45,431.06,432.79,21697800,0.011890166323532781,425.8985714285714,416.86899999999997,413.74788888888884,4.639999999999986,8.389999999999986,432.29,425.93,413.88,0.011814593390132879,0.015768877765209462,23.55000000000001,1
2024-12-06,438.37,440.87,436.59,437.11,18821000,0.0021489152550122253,428.09857142857135,417.5176666666667,414.0422222222223,1.259999999999991,4.28000000000003,437.43,426.14,422.97,0.010169930065983627,0.015767361220465004,15.399999999999977,1
2024-12-09,440.79,443.07,435.34,437.41,19144400,0.005520450760772899,431.35,418.13433333333336,414.377,3.3799999999999955,7.730000000000018,438.37,432.29,418.03,0.0070078502509506434,0.015738359833545167,22.760000000000048,1
2024-12-10,438.13,444.35,436.42,439.18,18469500,-0.006034619660155686,434.1542857142857,418.71366666666665,414.77655555555555,-1.0500000000000114,7.930000000000007,440.79,437.43,418.5,0.008481739486427563,0.015771564632996383,19.629999999999995,0
2024-12-11,443.73,445.07,438.84,438.84,19200200,0.012781594503914416,436.6971428571428,419.3036666666667,415.38422222222226,4.890000000000043,6.230000000000018,438.13,438.37,425.93,0.007548904521673417,0.015777252922352752,17.80000000000001,1
2024-12-12,444.29,450.81,443.84,443.84,20834800,0.0012620287111531838,439.28999999999996,419.89300000000003,415.9493333333333,0.4500000000000455,6.970000000000027,443.73,440.79,426.14,0.007462371092958095,0.015777289272730796,18.150000000000034,1
2024-12-13,442.03,446.14,440.36,443.18,20177800,-0.005086767651759094,440.68142857142857,421.268,416.50222222222226,-1.150000000000034,5.779999999999973,444.29,438.13,432.29,0.007433244141371894,0.010687216804687047,9.739999999999952,0
2024-12-16,446.3,446.88,440.06,442.03,23598800,0.009659977829559168,441.9485714285715,422.653,417.056,4.270000000000039,6.819999999999993,442.03,443.73,437.43,0.007036483516715883,0.01068209355456823,8.870000000000005,1
2024-12-17,449.13,449.95,444.3,445.72,22733500,0.006341026215550043,443.4857142857143,424.1953333333333,417.60477777777777,3.409999999999968,5.649999999999977,446.3,444.29,438.37,0.007140221611014702,0.010586923025329719,10.759999999999991,1
2024-12-18,432.26,447.34,431.9,446.03,24444500,-0.03756150780397659,442.26714285714286,425.07666666666665,417.95744444444443,-13.769999999999982,15.439999999999998,449.13,442.03,440.79,0.01694116256878565,0.012960194050683714,-8.53000000000003,0
2024-12-19,431.91,437.98,431.2,436.44,22963700,-0.0008096978670243971,441.37857142857143,425.6596666666666,418.22755555555557,-4.529999999999973,6.78000000000003,432.26,446.3,438.13,0.01688283543316761,0.012460616987889264,-6.21999999999997,0
2024-12-20,431.48,438.54,423.6,428.03,64263700,-0.000995577782408388,439.62857142857143,426.0556666666667,418.46166666666664,3.4500000000000455,14.939999999999998,431.91,449.13,443.73,0.015641225471859057,0.012290572772476664,-12.25,0
2024-12-23,430.15,432.52,427.76,431.62,19152500,-0.0030824140168722557,437.6085714285714,426.5023333333334,418.62711111111116,-1.4700000000000273,4.759999999999991,431.48,432.26,444.29,0.015488431685238375,0.012227923370489318,-14.140000000000043,0
2024-12-24,434.18,434.45,429.1,429.55,7164500,0.00936882482854825,436.4871428571428,427.2323333333333,418.8653333333333,4.6299999999999955,5.349999999999966,430.15,431.91,442.03,0.016338306090441287,0.012105943513913992,-7.849999999999966,1
2024-12-26,432.97,435.77,431.51,433.93,8194200,-0.0027868625915518437,434.5828571428571,427.7566666666667,419.0565555555556,-0.9599999999999795,4.259999999999991,434.18,431.48,446.3,0.015455433749952075,0.011975642071767668,-13.329999999999984,0
2024-12-27,425.48,430.12,421.35,429.5,18117700,-0.017299120031410972,431.20428571428573,427.96,419.1287777777778,-4.019999999999982,8.769999999999982,432.97,430.15,449.13,0.01534604837483441,0.012420445916860473,-23.649999999999977,0
2024-12-30,419.85,422.54,416.95,421.06,13158700,-0.013232114317946778,429.43142857142857,427.92033333333336,419.14566666666667,-1.2099999999999795,5.590000000000032,425.48,434.18,432.26,0.008777264005275176,0.012652474252253196,-12.409999999999968,0
2024-12-31,416.56,421.73,415.73,421.1,13246500,-0.007836131951887627,427.23857142857145,428.1616666666667,419.22011111111107,-4.5400000000000205,6.0,419.85,432.97,431.91,0.008737341780908668,0.011620965426586671,-15.350000000000023,0
2025-01-02,413.67,421.07,409.99,420.54,16896500,-0.00693777607067406,424.69428571428574,428.282,419.2488888888889,-6.8700000000000045,11.079999999999984,416.56,425.48,431.48,0.008556248525591548,0.011700351703055738,-17.810000000000002,0
2025-01-03,418.39,419.06,414.62,416.14,16662900,0.011410061159861654,423.0142857142857,428.49266666666665,419.36622222222223,2.25,4.439999999999998,413.67,419.85,430.15,0.010824699601762017,0.011846909217842433,-11.759999999999991,1
2025-01-06,422.83,429.23,420.49,422.98,20573600,0.010612108319988522,421.39285714285717,428.927,419.52911111111115,-0.1500000000000341,8.740000000000009,418.39,416.56,434.18,0.011085787767576087,0.01192674738710593,-11.350000000000023,1
2025-01-07,417.42,425.6,415.87,423.97,18139100,-0.012794740202918356,419.1714285714285,429.23999999999995,419.6673333333333,-6.550000000000011,9.730000000000018,422.83,413.67,432.97,0.011579110248567075,0.012158006277542117,-15.550000000000011,0
2025-01-08,419.58,421.96,416.6,418.5,15054600,0.005174644243208203,418.3285714285715,429.4890000000001,419.802,1.079999999999984,5.359999999999957,417.42,418.39,425.48,0.010735276780395155,0.012064091820713612,-5.900000000000034,1
2025-01-10,414.04,419.73,410.15,419.65,20201100,-0.01320367987034645,417.49857142857144,429.4943333333333,419.831,-5.609999999999957,9.580000000000041,419.58,422.83,419.85,0.010730297625749192,0.01230342258789921,-5.810000000000002,0
2025-01-13,412.3,413.59,407.46,410.37,17604800,-0.004202492512800717,416.89,429.13866666666667,419.9251111111111,1.9300000000000068,6.1299999999999955,414.04,417.42,416.56,0.010482520176485873,0.011606851516767904,-4.259999999999991,0
2025-01-14,410.8,414.82,405.9,412.91,16935900,-0.0036381275770070334,416.48,428.8976666666667,420.0084444444445,-2.1100000000000136,8.920000000000016,412.3,419.58,413.67,0.01026498901937699,0.011438230818903397,-2.8700000000000045,0
2025-01-15,421.31,423.13,413.37,414.22,19637800,0.025584225900681573,416.8971428571429,428.99133333333333,420.21411111111115,7.089999999999975,9.759999999999991,410.8,414.04,418.39,0.01387312483615748,0.012391360000131591,2.920000000000016,1
2025-01-16,419.6,424.45,419.41,423.67,15300000,-0.004058769077401389,416.43571428571425,428.7803333333333,420.4741111111112,-4.069999999999993,5.039999999999964,421.31,412.3,422.83,0.013288227766537167,0.011964357025146033,-3.2299999999999613,0
2025-01-17,424.0,429.39,423.15,429.0,26197500,0.010486177311725398,417.3757142857143,428.709,420.73900000000003,-5.0,6.240000000000009,419.6,410.8,417.42,0.012752606297398232,0.012128904128941098,6.579999999999984,1
2025-01-21,423.48,425.85,420.61,425.16,26085700,-0.0012264150943395798,417.9328571428572,428.4153333333333,420.9051111111111,-1.6800000000000068,5.240000000000009,424.0,421.31,419.58,0.012742116749756206,0.011815005589695182,3.900000000000034,0
2025-01-22,440.97,442.03,430.89,432.43,27803800,0.04130065174270334,421.78000000000003,428.5333333333334,421.1686666666667,8.54000000000002,11.139999999999986,423.48,419.6,414.04,0.017932721238492613,0.01392112746259115,26.930000000000007,1
2025-01-23,441.47,441.51,436.32,436.82,18389300,0.001133863981676758,425.94714285714286,428.63666666666666,421.39444444444445,4.650000000000034,5.189999999999998,440.97,424.0,412.3,0.017373823858790664,0.013917868111993302,29.170000000000016,1
2025-01-24,438.85,441.41,436.23,439.94,15549500,-0.0059347181008902175,429.95428571428573,428.572,421.5517777777777,-1.089999999999975,5.180000000000007,441.47,423.48,410.8,0.017691745901672107,0.013927642237716234,28.05000000000001,0
2025-01-27,429.47,430.1,418.53,419.04,35647800,-0.021374045801526707,431.12,428.28333333333336,421.59666666666664,10.430000000000007,11.57000000000005,438.85,440.97,421.31,0.019442276044829176,0.014427397986586345,8.160000000000025,0
2025-01-28,441.96,443.12,426.32,429.5,23491700,0.0290823573241436,434.31428571428575,428.2243333333334,421.7385555555556,12.45999999999998,16.80000000000001,429.47,441.47,419.6,0.02140072356814343,0.01523190506286043,22.359999999999957,1
2025-01-29,437.14,441.64,435.24,441.45,23581400,-0.010905964340664298,436.1914285714286,427.986,421.8744444444444,-4.310000000000002,6.399999999999977,441.96,438.85,424.0,0.02242895797466776,0.015358032603011107,13.139999999999986,0
2025-01-30,410.12,417.9,408.32,413.86,54586300,-0.06181086150889871,434.28285714285715,426.9223333333333,421.6237777777778,-3.740000000000009,9.579999999999984,437.14,429.47,423.48,0.0338336608940316,0.019009258509594902,-13.360000000000014,0
2025-01-31,410.19,415.76,410.05,414.07,34161900,0.00017068175168241778,429.88571428571424,425.71866666666665,421.4113333333334,-3.8799999999999955,5.7099999999999795,410.12,441.96,440.97,0.02764627544338435,0.018881597705541396,-30.78000000000003,1
2025-02-03,406.1,410.54,403.87,406.77,25679100,-0.009970989053853031,424.8328571428571,424.28433333333334,421.1727777777778,-0.6699999999999591,6.670000000000016,410.19,437.14,441.47,0.027219682667635303,0.01884906582390668,-35.370000000000005,0
2025-02-04,407.54,409.07,404.94,407.85,20532100,0.003545924649101201,420.36,423.4603333333334,420.9977777777778,-0.3100000000000023,4.1299999999999955,406.1,410.12,438.85,0.027774969405937266,0.017723922094069262,-31.310000000000002,1
2025-02-05,408.44,408.98,405.59,407.52,16316700,0.002208372184325409,417.35571428571427,422.678,420.8005555555555,0.9200000000000159,3.390000000000043,407.54,410.19,429.47,0.027620737894161272,0.01773834169388683,-21.03000000000003,1
2025-02-06,410.95,413.3,409.15,409.15,16309800,0.006145333463911446,412.92571428571426,421.9936666666667,420.64000000000004,1.8000000000000114,4.150000000000034,408.44,406.1,441.96,0.023740905263685906,0.01779603681622884,-31.00999999999999,1
2025-02-07,404.95,413.74,403.32,411.6,22886800,-0.014600316340187372,408.32714285714286,421.15366666666665,420.44877777777776,-6.650000000000034,10.420000000000016,410.95,407.54,437.14,0.023803095369864132,0.017955571248940545,-32.19,0
2025-02-10,407.39,410.59,406.1,408.86,20817900,0.00602543523891838,407.93714285714293,420.26066666666674,420.2596666666666,-1.4700000000000273,4.489999999999952,404.95,408.44,410.12,0.008146063130820187,0.01789378762461696,-2.730000000000018,1
2025-02-11,406.62,407.65,404.5,404.84,18140600,-0.0018900807579959788,407.4271428571429,419.3823333333333,420.1673333333334,1.7800000000000296,3.1499999999999773,407.39,410.95,410.19,0.008137095340717293,0.017893115396735736,-3.569999999999993,0
2025-02-12,404.24,405.93,399.63,402.44,19121700,-0.00585313068712802,407.1614285714286,418.6743333333333,420.0875555555555,1.8000000000000114,6.300000000000011,406.62,404.95,406.1,0.007524773431858317,0.01767490137849782,-1.8600000000000136,0
2025-02-13,405.73,406.18,401.6,402.23,23891700,0.003685929150999429,406.9028571428571,418.20366666666666,420.03088888888897,3.5,4.579999999999984,404.24,407.39,407.54,0.007537901203109616,0.017558931904972708,-1.8100000000000023,1
2025-02-14,403.64,404.12,401.12,403.01,22758500,-0.005151208932048484,406.2171428571429,417.773,419.95622222222227,0.6299999999999955,3.0,405.73,406.62,408.44,0.007592141399741821,0.017529647316058675,-4.800000000000011,0
2025-02-18,404.84,405.79,401.73,403.22,21423100,0.0029729461896739386,405.3442857142857,417.4786666666667,419.96633333333335,1.6199999999999477,4.060000000000002,403.64,404.24,410.95,0.007128938158541947,0.01750529986869504,-6.110000000000014,1
2025-02-19,409.91,410.62,402.87,403.1,24114200,0.012523466060666066,406.05285714285714,417.196,419.9761111111111,6.810000000000002,7.75,404.84,405.73,404.95,0.006560922597295741,0.017532732075581776,4.960000000000036,1
2025-02-20,412.08,415.23,408.52,411.24,23508700,0.005293844990363638,406.72285714285715,416.8376666666666,419.9798888888889,0.839999999999975,6.710000000000036,409.91,403.64,407.39,0.006487044849535489,0.017442822291906523,4.689999999999998,1
2025-02-21,404.23,413.98,403.92,413.27,27524800,-0.019049699087555733,406.38142857142856,416.398,419.91422222222224,-9.039999999999964,10.060000000000002,412.08,404.84,406.62,0.01021866734264512,0.017628656665647106,-2.3899999999999864,0
2025-02-24,400.06,405.38,395.43,404.53,26443700,-0.01031590925957998,405.7842857142858,415.7473333333334,419.7968888888888,-4.46999999999997,9.949999999999989,404.23,409.91,404.24,0.010713919404007212,0.017670862256783514,-4.180000000000007,0
2025-02-25,394.02,398.0,392.84,397.19,29387400,-0.015097735339699096,404.1114285714286,415.08,419.5815555555556,-3.170000000000016,5.160000000000025,400.06,412.08,405.73,0.01153830260392955,0.017717684155114957,-11.710000000000036,0
2025-02-26,395.84,399.67,390.41,394.13,19619000,0.004619054870311135,402.9971428571429,414.53133333333335,419.39088888888887,1.7099999999999795,9.259999999999991,394.02,404.23,403.64,0.011975123837656816,0.017744423785135334,-7.800000000000011,1
2025-02-27,388.71,401.79,388.35,397.36,21127400,-0.018012328213419554,400.6928571428571,413.795,419.1496666666666,-8.650000000000034,13.439999999999998,395.84,400.06,404.84,0.012902657372390906,0.01800459692372872,-16.129999999999995,0
2025-02-28,393.12,393.76,382.8,388.83,32845700,0.011345218800648363,398.29428571428565,412.8553333333333,418.9508888888889,4.2900000000000205,10.95999999999998,388.71,394.02,409.91,0.012629799102777303,0.017439837119591687,-16.79000000000002,1
2025-03-03,384.71,394.93,382.4,394.93,23007700,-0.021392958892958957,394.3842857142857,411.69233333333335,418.6428888888889,-10.220000000000027,12.53000000000003,393.12,395.84,412.08,0.012719331848774053,0.01778867894633039,-27.370000000000005,0
2025-03-04,384.82,388.76,377.29,379.66,29342900,0.0002859296613033549,391.6114285714285,410.3863333333333,418.32933333333335,5.159999999999968,11.46999999999997,384.71,388.71,404.23,0.01244725471359956,0.017623980673533067,-19.410000000000025,1
2025-03-05,397.11,397.76,385.02,385.55,23433100,0.03193700951094024,391.19,409.50733333333335,418.0566666666667,11.560000000000002,12.740000000000009,384.82,393.12,400.06,0.019037024308185255,0.018748143275627648,-2.9499999999999886,1
2025-03-06,393.02,398.23,388.85,390.44,23304600,-0.010299413260809428,391.04714285714283,407.90899999999993,417.7704444444445,2.579999999999984,9.379999999999995,397.11,384.71,394.02,0.018520059369375425,0.016919307786959253,-1.0,0
2025-03-07,389.48,390.95,381.78,388.5,22034100,-0.00900717520736849,390.1385714285715,406.17600000000004,417.4434444444444,0.9800000000000182,9.170000000000016,393.02,384.82,395.84,0.018642766059541644,0.01692092337940312,-6.359999999999957,0
2025-03-10,376.46,382.64,373.55,382.08,32840100,-0.03342918763479521,388.3885714285715,404.0963333333333,416.9342222222222,-5.6200000000000045,9.089999999999975,389.48,397.11,388.71,0.021516363733619825,0.017751964724050884,-12.25,0
2025-03-11,376.74,382.24,373.24,375.31,30380200,0.000743770918557163,386.04857142857145,402.33866666666665,416.4452222222223,1.4300000000000068,9.0,376.46,393.02,393.12,0.020578869862205945,0.017503627503728116,-16.379999999999995,1
2025-03-12,379.54,381.47,375.26,379.22,24253600,0.007432181345224853,385.31,400.258,415.92866666666663,0.3199999999999932,6.210000000000036,376.74,389.48,384.71,0.01982767374530329,0.016501420205448793,-5.169999999999959,1
2025-03-13,375.08,381.57,373.77,379.43,20473000,-0.011751067081203657,383.9185714285714,398.18933333333337,415.3561111111111,-4.350000000000023,7.800000000000011,379.54,376.46,384.82,0.020139922754297834,0.016512694079407194,-9.740000000000009,0
2025-03-14,384.77,386.43,375.81,376.08,19952800,0.025834488642422944,382.1557142857142,397.34433333333334,415.17822222222225,8.689999999999998,10.620000000000005,375.08,376.74,397.11,0.018408916774868885,0.0136040359368483,-12.340000000000032,1
2025-03-17,384.91,388.88,381.81,382.93,22474300,0.0003638537308003306,380.9971428571429,396.5016666666667,414.9577777777777,1.9800000000000182,7.069999999999993,384.77,379.54,393.02,0.01827562597760985,0.013605161626369346,-8.109999999999957,1
2025-03-18,379.78,383.6,377.39,383.3,19486900,-0.01332779091216142,379.6114285714285,395.6243333333333,414.7013333333333,-3.5200000000000387,6.210000000000036,384.91,375.08,389.48,0.018589273171153047,0.013686296610486851,-9.700000000000045,0
2025-03-19,384.04,385.88,380.26,381.77,19185500,0.011217020380220254,380.6942857142857,394.841,414.4593333333333,2.2700000000000387,5.6200000000000045,379.78,384.77,376.46,0.013569415014495946,0.013866672099105689,7.580000000000041,1
2025-03-20,383.07,387.97,379.55,381.98,18470500,-0.0025257785647329113,381.59857142857146,393.99533333333335,414.111,1.089999999999975,8.420000000000016,384.04,384.91,376.74,0.013712738749973336,0.013845406226846341,6.329999999999984,0
2025-03-21,387.45,387.92,379.07,379.49,39675900,0.011433941577257408,382.7285714285714,393.21199999999993,413.7537777777778,7.9599999999999795,8.850000000000023,383.07,379.78,379.54,0.014034067753524794,0.013986207053730158,7.909999999999968,1
2025-03-24,389.25,391.55,386.01,391.55,21004500,0.004645760743321748,384.7528571428571,392.6886666666667,413.4482222222223,-2.3000000000000114,5.5400000000000205,387.45,384.04,375.08,0.012431751542284923,0.013822409643774913,14.170000000000016,1
2025-03-25,391.31,392.5,388.81,390.08,15775000,0.005292228644829807,385.68714285714293,392.1526666666667,413.2152222222222,1.2300000000000182,3.6899999999999977,389.25,383.07,384.77,0.008646002718264994,0.013809790496327832,6.5400000000000205,1
2025-03-26,386.17,391.46,384.78,391.15,16108400,-0.01313536582249364,385.8671428571428,391.47100000000006,412.86999999999995,-4.979999999999961,6.680000000000007,391.31,387.45,384.91,0.010494786811290959,0.01397936098706412,1.259999999999991,0
2025-03-27,386.77,388.42,383.63,386.33,13766800,0.0015537198643083769,386.86571428571426,390.88866666666667,412.5076666666667,0.4399999999999977,4.7900000000000205,386.17,389.25,379.78,0.008550667802617939,0.013967496944609343,6.990000000000009,1
2025-03-28,375.11,385.34,373.26,384.3,21632000,-0.03014711585696918,385.59000000000003,389.868,411.99733333333336,-9.189999999999998,12.079999999999984,386.77,391.31,384.04,0.014116797654395621,0.014880624744832038,-8.930000000000007,0
2025-03-31,371.73,373.4,363.66,368.91,35184700,-0.009010690197542042,383.96999999999997,388.8043333333333,411.57966666666664,2.819999999999993,9.739999999999952,375.11,386.17,383.07,0.014271834047334115,0.014920920620074295,-11.339999999999975,0
2025-04-01,378.47,379.12,369.59,371.0,19689500,0.01813143948564821,382.68714285714293,387.92533333333336,411.2286666666667,7.470000000000027,9.53000000000003,371.73,386.77,387.45,0.015652019697217058,0.015367314444071219,-8.979999999999961,1
2025-04-02,378.42,381.33,372.95,374.29,16092600,-0.00013211086743998565,381.14000000000004,386.8756666666667,410.85477777777777,4.1299999999999955,8.379999999999995,378.47,375.11,389.25,0.015352201494834935,0.015122998855197746,-10.829999999999984,0
2025-04-03,369.48,373.8,365.75,371.14,30198000,-0.02362454415728555,378.02142857142854,385.4556666666667,410.4067777777778,-1.6599999999999682,8.050000000000011,378.42,371.73,391.31,0.016319849736145524,0.01552214557499844,-21.829999999999984,0
2025-04-04,356.33,370.94,355.98,360.58,49209900,-0.03559055970553219,373.7585714285715,383.85900000000004,409.8323333333334,-4.25,14.95999999999998,369.48,378.47,386.17,0.019401540643839095,0.01636396086664256,-29.840000000000032,0
2025-04-07,354.37,367.39,341.43,347.46,50425000,-0.0055005191816573954,369.13000000000005,382.336,409.1907777777778,6.910000000000025,25.95999999999998,356.33,378.42,386.77,0.018798892962003416,0.01632410496961346,-32.39999999999998,0
2025-04-08,351.11,370.01,346.84,364.67,35868900,-0.009199424330501992,365.7014285714286,380.90566666666666,408.49333333333334,-13.560000000000002,23.170000000000016,354.37,369.48,375.11,0.017065783132856036,0.016219835793602845,-24.0,0
2025-04-09,386.69,389.4,349.66,350.1,50199700,0.10133576372077122,367.8385714285714,380.60066666666665,408.0902222222222,36.589999999999975,39.73999999999995,351.11,356.33,371.73,0.045171311338536,0.025108402666330767,14.95999999999998,1
2025-04-10,377.63,380.16,364.22,378.34,38024400,-0.02342962062634152,367.7185714285714,380.2313333333333,407.64133333333336,-0.7099999999999795,15.939999999999998,386.69,354.37,378.47,0.04610760301738177,0.02525784322097901,-0.8400000000000318,0
2025-04-11,384.67,386.25,375.2,376.93,23839200,0.018642586658898976,368.6114285714285,379.94966666666664,407.2654444444444,7.740000000000009,11.050000000000011,377.63,351.11,378.42,0.04660461162211224,0.025412163568440282,6.25,1
2025-04-14,384.03,390.81,380.47,389.39,19251200,-0.0016637637455482444,370.69000000000005,379.92699999999996,406.799888888889,-5.360000000000014,10.339999999999975,384.67,386.69,369.48,0.04521370769162883,0.02510415643118354,14.549999999999955,0
2025-04-15,381.97,388.07,380.42,384.73,17199900,-0.005364164258000535,374.3528571428571,379.832,406.3091111111111,-2.759999999999991,7.649999999999977,384.03,377.63,356.33,0.04185713876809601,0.025124953245479895,25.640000000000043,0
2025-04-16,367.99,377.89,364.41,376.96,21967800,-0.03659973296332177,376.29857142857145,378.86133333333333,405.59466666666674,-8.96999999999997,13.479999999999961,381.97,384.67,354.37,0.04536529368604348,0.025241003760984038,13.620000000000005,0
2025-04-17,364.2,370.67,363.32,370.11,21120200,-0.010299192912850948,378.1685714285714,377.90066666666667,404.781,-5.910000000000025,7.350000000000023,367.99,384.03,351.11,0.04542955830543571,0.025241001334030438,13.089999999999975,0
2025-04-21,355.62,360.93,352.2,359.29,20807300,-0.023558484349258606,373.72999999999996,376.772,403.8615555555556,-3.670000000000016,8.730000000000018,364.2,381.97,386.69,0.018081704484438632,0.02551392296552268,-31.069999999999993,0
2025-04-22,363.25,364.19,356.35,359.84,19485000,0.021455486193127482,371.67571428571426,376.3316666666667,403.0,3.410000000000025,7.839999999999975,355.62,367.99,377.63,0.020977589247480364,0.02520198737760407,-14.379999999999995,1
2025-04-23,370.74,376.68,369.39,372.4,20545500,0.020619408121128724,369.6857142857143,376.1316666666667,402.2512222222222,-1.6599999999999682,7.2900000000000205,363.25,364.2,384.67,0.021364018637463275,0.025505905467809994,-13.930000000000007,1
2025-04-24,383.53,384.67,371.53,372.04,22232300,0.03449857042671404,369.6142857142857,376.26466666666664,401.5823333333333,11.489999999999952,13.140000000000043,370.74,355.62,384.03,0.026156448371581577,0.026254020266544345,-0.5,1
2025-04-25,388.03,388.34,380.85,383.23,18973200,0.011733110838787059,370.48,376.6963333333333,400.95722222222224,4.7999999999999545,7.489999999999952,383.53,363.25,381.97,0.026357851137632685,0.026220917583791813,6.059999999999945,1
2025-04-28,387.35,388.91,382.87,388.14,16579400,-0.0017524418215085174,373.24571428571426,376.7823333333334,400.3496666666666,-0.7899999999999636,6.0400000000000205,388.03,370.74,367.99,0.02033371330772237,0.02581707306463675,19.360000000000014,0
2025-04-29,390.2,391.25,386.58,387.49,14974000,0.007357686846521145,376.96,376.9586666666666,399.72633333333334,2.7099999999999795,4.670000000000016,387.35,383.53,364.2,0.018790242871718484,0.02584703043785273,26.0,1
2025-04-30,391.41,392.8,380.69,386.5,36461100,0.003100973859559294,382.0728571428572,377.34633333333335,399.0849999999999,4.910000000000025,12.110000000000014,390.2,388.03,355.62,0.01248759589532723,0.025711756491246626,35.79000000000002,1
2025-05-01,421.26,432.73,420.76,426.91,58938100,0.07626274239288716,390.36,378.58699999999993,398.9627777777778,-5.650000000000034,11.970000000000027,391.41,387.35,363.25,0.026904289171645574,0.029095367881314397,58.00999999999999,1
2025-05-02,431.04,435.16,425.8,427.53,30757400,0.023216066087452,398.97428571428566,380.186,398.95311111111107,3.5100000000000477,9.360000000000014,421.26,390.2,370.74,0.026904991835247943,0.029290933299823678,60.30000000000001,1
2025-05-05,431.92,435.22,427.9,428.65,20136100,0.0020415738678544806,405.88714285714286,381.66833333333335,398.958,3.2700000000000387,7.32000000000005,431.04,391.41,383.53,0.027199162176246645,0.029262702851231004,48.39000000000004,1
2025-05-06,429.09,433.47,426.97,427.99,15104200,-0.006552139285052882,411.7528571428571,382.9963333333334,398.9462222222223,1.099999999999966,6.5,431.92,421.26,388.03,0.028674692489315867,0.029325918231495343,41.06,0
2025-05-07,429.13,433.85,426.91,429.61,23295300,9.322053648423516e-05,417.7214285714286,384.25699999999995,398.89011111111114,-0.4800000000000182,6.939999999999998,429.09,431.04,387.35,0.028504993899882206,0.02933127705854991,41.77999999999997,1
2025-05-08,433.9,439.35,431.42,433.66,23491300,0.011115512781674509,423.9642857142857,385.84799999999996,398.9004444444445,0.23999999999995225,7.930000000000007,429.13,431.92,390.2,0.028370514602094714,0.02919133340172161,43.69999999999999,1
2025-05-09,434.46,436.45,431.63,435.71,15324200,0.0012906199585157924,430.1142857142857,387.4376666666667,399.0002222222222,-1.25,4.819999999999993,433.9,429.09,391.41,0.02851146382717368,0.02919222366735377,43.049999999999955,1
2025-05-12,444.88,444.99,435.5,441.6,22821900,0.023983795976614687,433.48857142857145,389.7633333333333,399.2783333333333,3.2799999999999727,9.490000000000009,434.46,429.13,421.26,0.011912341788973884,0.02865880115900038,23.620000000000005,1
2025-05-13,444.76,446.28,441.02,443.42,23618800,-0.00026973565905413717,435.4485714285715,392.1976666666667,399.59166666666664,1.339999999999975,5.259999999999991,444.88,433.9,431.04,0.01003362083527763,0.028544222078265034,13.71999999999997,0
2025-05-14,448.53,449.48,443.77,443.77,19902800,0.008476481697994384,437.82142857142856,394.533,399.979,4.759999999999991,5.710000000000036,444.76,434.46,431.92,0.010062483543766399,0.02846144408738937,16.609999999999957,1
2025-05-15,449.54,452.58,446.86,447.2,21992300,0.0022518003255078763,440.74285714285713,396.90366666666665,400.32511111111114,2.340000000000032,5.71999999999997,448.53,444.88,429.09,0.00878119788869963,0.02844689476562796,20.450000000000045,1
2025-05-16,450.67,450.76,445.17,448.47,23849800,0.002513680651332463,443.82,399.60999999999996,400.63444444444445,2.1999999999999886,5.589999999999975,449.54,444.76,429.13,0.008521214420604578,0.027898969224373987,21.54000000000002,1
2025-05-19,455.23,455.95,447.23,447.31,21336500,0.010118268356003289,446.8671428571429,402.9066666666667,401.05455555555557,7.920000000000016,8.71999999999997,450.67,448.53,433.9,0.008449988563241981,0.026715428076616254,21.33000000000004,1
2025-05-20,454.54,454.71,450.72,451.98,15441800,-0.0015157173297014645,449.7357142857143,406.24566666666664,401.44300000000004,2.5600000000000023,3.9899999999999523,455.23,449.54,434.46,0.008819485671386034,0.02665309433146423,20.08000000000004,0
2025-05-21,448.98,454.15,448.23,450.97,19216900,-0.012232146785761434,450.32142857142856,409.508,401.8312222222222,-1.990000000000009,5.919999999999959,454.54,450.67,444.88,0.00736144926520552,0.026728825119943442,4.100000000000023,0
2025-05-22,451.26,456.6,450.3,451.34,18025600,0.0050781772016570284,451.25,411.6603333333333,402.26411111111105,-0.07999999999998408,6.300000000000011,448.98,455.23,444.76,0.007444233688587985,0.020184368494350253,6.5,1
2025-05-23,446.61,450.09,445.35,446.41,16883500,-0.010304480787129321,450.9757142857143,413.9596666666667,402.66200000000003,0.19999999999998863,4.739999999999952,451.26,454.54,448.53,0.008116560788014699,0.019674776923944492,-1.919999999999959,0
2025-05-27,457.04,457.3,452.51,452.86,20974300,0.02335370905264102,452.04714285714283,416.372,403.05899999999997,4.180000000000007,4.7900000000000205,446.61,448.98,449.54,0.012224600538735099,0.01979929620154561,7.5,1
2025-05-28,453.74,458.85,453.31,457.57,17086300,-0.007220374584281488,452.4857142857143,418.6956666666667,403.4383333333333,-3.829999999999984,5.5400000000000205,457.04,451.26,450.67,0.01275562651130887,0.019898702962491188,3.069999999999993,0
2025-05-29,455.05,458.06,451.7,457.89,13974800,0.0028871159694979554,452.46000000000004,421.1316666666667,403.78333333333336,-2.839999999999975,6.360000000000014,453.74,446.61,455.23,0.012177559212589156,0.019796359145675572,-0.18000000000000682,1
2025-05-30,456.71,458.02,451.93,456.08,34770500,0.0036479507746400796,452.77000000000004,424.08899999999994,404.1525555555556,0.6299999999999955,6.089999999999975,455.05,457.04,454.54,0.012226272849243899,0.018098113718011396,2.169999999999959,1
2025-06-02,458.31,458.45,453.27,453.52,16626500,0.003503317203477092,454.1028571428572,427.226,404.3452222222222,4.7900000000000205,5.180000000000007,456.71,453.74,448.98,0.010806965685060947,0.017806277897596378,9.329999999999984,1
2025-06-03,459.3,460.46,457.21,457.81,15743800,0.0021601099692348173,455.25142857142856,430.68199999999996,404.54333333333335,1.490000000000009,3.25,458.31,455.05,451.26,0.010769305796340261,0.01683510422246328,8.04000000000002,1
2025-06-04,460.19,462.0,459.35,460.32,14162700,0.0019377313302851868,457.1914285714286,433.9133333333333,404.7804444444444,-0.12999999999999545,2.6499999999999773,459.3,456.71,446.61,0.009210268794275946,0.01670165693916732,13.579999999999984,1
2025-06-05,463.97,465.93,460.35,461.28,20131700,0.008213998565809838,458.1814285714286,437.02099999999996,405.16377777777774,2.6900000000000546,5.579999999999984,460.19,458.31,457.04,0.004641101014158081,0.016532345392445216,6.930000000000007,1
2025-06-06,466.65,469.59,465.07,466.36,15285600,0.005776235532469663,460.0257142857143,439.7916666666667,405.43811111111114,0.2899999999999636,4.519999999999982,463.97,459.3,453.74,0.002241941224588616,0.015735335728063904,12.909999999999968,1
2025-06-09,469.0,469.68,464.91,465.98,16469900,0.005035894139076445,462.01857142857136,442.49066666666664,405.7921111111111,3.019999999999982,4.769999999999982,466.65,460.19,455.05,0.002208133589816623,0.01570859366877421,13.949999999999989,1
2025-06-10,467.19,469.05,463.26,467.46,15375900,-0.0038592750533049088,463.5157142857143,445.152,406.42622222222224,-0.2699999999999818,5.7900000000000205,469.0,463.97,456.71,0.003823793709280999,0.015751190932558404,10.480000000000018,0
2025-06-11,468.87,471.7,465.94,466.3,16399200,0.0035959673794387866,465.0242857142857,447.7743333333334,407.07822222222217,2.569999999999993,5.759999999999991,467.19,466.65,458.31,0.0038249664643257705,0.015758128156714415,10.560000000000002,1
2025-06-12,475.08,476.61,469.77,471.26,18950600,0.013244609379998676,467.27857142857147,450.56333333333333,407.8446666666666,3.819999999999993,6.840000000000032,468.87,469.0,459.3,0.0053006885891282276,0.015796859060290568,15.779999999999973,1
2025-06-13,471.2,475.38,469.01,472.63,16814500,-0.008167045550223111,468.8514285714286,452.228,408.552,-1.4300000000000068,6.3700000000000045,475.08,467.19,460.19,0.007245059791162143,0.00902747308813831,11.009999999999991,0
2025-06-16,475.34,476.88,471.24,471.44,15626100,0.008786078098471957,470.4757142857143,453.70466666666664,409.29533333333336,3.8999999999999773,5.639999999999986,471.2,468.87,463.97,0.00731126127861085,0.008312301912699284,11.369999999999948,1
2025-06-17,474.25,474.95,470.32,471.63,15414100,-0.0022930954685067007,471.5614285714286,455.11566666666664,409.9986666666666,2.6200000000000045,4.6299999999999955,475.34,475.08,466.65,0.007523320683955771,0.008372378528214465,7.600000000000023,0
2025-06-18,476.43,477.19,470.7,474.21,17526500,0.004596731681602545,472.6228571428572,456.6936666666667,410.7928888888889,2.2200000000000273,6.490000000000009,474.25,471.2,469.0,0.007498832570336763,0.008171674248923717,7.430000000000007,1
2025-06-20,473.62,479.63,473.09,478.41,37576200,-0.005898033289255509,473.5414285714286,458.1766666666667,411.5287777777778,-4.7900000000000205,6.5400000000000205,476.43,475.34,467.19,0.00780980197933138,0.00833015111088931,6.430000000000007,0
2025-06-23,482.15,483.88,468.77,474.42,24864000,0.018010219163042043,475.43857142857144,459.785,412.36799999999994,7.729999999999961,15.110000000000014,473.62,474.25,468.87,0.009921455115721308,0.008641726180335789,13.279999999999973,1
2025-06-24,486.23,487.95,482.94,485.08,22305600,0.008462096857824414,477.03142857142853,461.5106666666667,413.279,1.150000000000034,5.009999999999991,482.15,476.43,475.08,0.009328929151142256,0.008675999821696596,11.150000000000034,1
2025-06-25,488.37,490.64,485.51,488.14,17495100,0.004401209304238707,479.4842857142857,462.9603333333334,414.1972222222222,0.2300000000000182,5.1299999999999955,486.23,473.62,471.2,0.007830514632661868,0.007796871715122203,17.170000000000016,1
2025-06-26,493.51,494.09,488.9,489.07,21578900,0.010524807011077638,482.08,464.5853333333334,415.1957777777777,4.439999999999998,5.189999999999998,488.37,482.15,475.34,0.007990930339381447,0.007882552147451325,18.170000000000016,1
2025-06-27,492.01,495.34,489.12,493.61,34539200,-0.0030394520881035845,484.6171428571428,466.0346666666666,416.16433333333333,-1.6000000000000227,6.21999999999997,493.51,486.23,474.25,0.008114716062517225,0.00791234035920731,17.75999999999999,0
2025-06-30,493.47,496.79,491.4,493.1,28369000,0.0029674193613951675,487.0514285714286,467.499,417.09277777777777,0.37000000000000455,5.390000000000043,492.01,488.37,476.43,0.00816128116896325,0.007910714331379819,17.04000000000002,1
2025-07-01,488.15,494.1,487.09,492.54,19945400,-0.01078079721158338,489.1271428571429,468.74833333333333,417.938,-4.390000000000043,7.010000000000048,493.47,493.51,473.62,0.009372806808810988,0.008309494938624503,14.529999999999973,0
2025-07-02,487.2,489.59,484.83,486.11,16319600,-0.0019461231178940668,489.84857142857146,469.814,418.85988888888886,1.089999999999975,4.759999999999991,488.15,492.01,482.15,0.007346059074580901,0.008229636364457307,5.050000000000011,0
2025-07-03,494.89,496.17,489.53,489.9,13984800,0.015784072249589488,491.0857142857143,471.159,419.91355555555555,4.990000000000009,6.640000000000043,487.2,493.47,486.23,0.008864781893159274,0.008552977545098383,8.659999999999968,1
2025-07-07,493.78,494.8,491.31,493.44,13981600,-0.0022429226696842,491.85857142857145,472.6523333333334,421.02199999999993,0.339999999999975,3.490000000000009,494.89,488.15,488.37,0.00898944732457348,0.008128506633360393,5.409999999999968,0
2025-07-08,492.68,494.25,490.19,493.3,11846600,-0.0022277127465672284,491.73999999999995,474.033,422.098,-0.6200000000000045,4.060000000000002,493.78,487.2,493.51,0.00813297733639926,0.008179799402417772,-0.8299999999999841,0
2025-07-09,499.52,502.76,495.78,496.34,18659500,0.01388325079158881,492.8128571428571,475.7966666666667,423.32922222222226,3.180000000000007,6.980000000000018,492.68,494.89,492.01,0.009545066247716076,0.008017344406673588,7.509999999999991,1
2025-07-10,497.51,500.44,493.81,499.06,16492100,-0.004023862908392038,493.38999999999993,477.14566666666667,424.48911111111113,-1.5500000000000114,6.6299999999999955,499.52,493.78,493.47,0.009814011924788145,0.0072308977205778465,4.039999999999964,0
2025-07-11,499.33,501.03,493.86,494.52,16459500,0.0036582179252678203,494.9871428571429,478.6653333333333,425.76266666666663,4.810000000000002,7.169999999999959,497.51,492.68,488.15,0.008270624164439046,0.006976381121925476,11.180000000000007,1
2025-07-14,499.03,499.98,497.06,497.55,12058800,-0.0006008050788056223,496.6771428571428,480.1313333333334,427.03166666666664,1.4799999999999613,2.920000000000016,499.33,499.52,487.2,0.008143892746862006,0.007011096706305758,11.829999999999984,0
2025-07-15,501.81,504.27,498.81,499.03,14927200,0.005570807366290663,497.6657142857143,481.63466666666665,428.19500000000005,2.7800000000000296,5.4599999999999795,499.03,497.51,494.89,0.006266830929624104,0.0070250193873543035,6.920000000000016,1
2025-07-16,501.61,502.7,497.91,501.18,15154400,-0.0003985572228532485,498.78428571428566,483.07800000000003,429.40155555555555,0.4300000000000068,4.789999999999964,501.81,499.33,493.78,0.006095008949686725,0.007054650648592451,7.830000000000041,0
2025-07-17,507.65,509.3,501.61,501.67,17503100,0.012041227248260528,500.92285714285714,484.6896666666667,430.71455555555553,5.979999999999961,7.689999999999998,501.61,499.03,492.68,0.006697922859433953,0.007240482592809467,14.96999999999997,1
2025-07-18,506.01,510.56,503.41,510.4,21209700,-0.003230572244656725,501.84999999999997,486.217,432.154,-4.389999999999986,7.149999999999977,507.65,501.81,499.52,0.005662029617984344,0.007336514311610137,6.490000000000009,0
2025-07-21,506.02,508.03,501.54,502.69,14066800,1.976245528742694e-05,503.06571428571425,487.6186666666666,433.5904444444444,3.329999999999984,6.489999999999952,506.01,501.61,497.51,0.0051443554772251905,0.007295628052261753,8.509999999999991,1
2025-07-22,501.27,507.15,501.27,506.92,13868600,-0.009386980751748942,503.3428571428571,488.7726666666667,434.94300000000004,-5.650000000000034,5.8799999999999955,506.02,507.65,499.33,0.0067428295805300135,0.007609544733178127,1.9399999999999977,0
2025-07-23,501.86,502.77,496.73,502.73,16396600,0.0011770103936003188,503.7471428571429,489.86800000000005,436.3516666666667,-0.8700000000000045,6.039999999999964,501.27,506.01,499.03,0.006724681215551141,0.007596339135775058,2.830000000000041,1
2025-07-24,506.83,509.6,503.28,504.74,16107000,0.00990316024389266,504.4642857142857,491.18933333333337,437.7078888888889,2.089999999999975,6.32000000000005,501.86,506.02,501.81,0.007399494337701545,0.007627820329890664,5.019999999999982,1
2025-07-25,509.64,514.18,506.32,508.41,19125700,0.005544265335516845,505.6114285714285,492.5483333333333,439.0937777777778,1.2299999999999613,7.859999999999957,506.83,501.27,501.61,0.007492863287524776,0.007643580976168621,8.029999999999973,1
2025-07-28,508.44,510.92,506.08,510.01,14308000,-0.0023546032493524617,505.72428571428566,493.6603333333333,440.5233333333333,-1.5699999999999932,4.840000000000032,509.64,501.86,507.65,0.006243583062864275,0.007437155065420308,0.7900000000000205,0
2025-07-29,508.51,513.52,507.51,511.44,16469200,0.00013767602863660054,506.0814285714286,494.90400000000005,441.90633333333335,-2.930000000000007,6.009999999999991,508.44,506.83,506.01,0.006058692178241253,0.007184726902087436,2.5,1
2025-07-30,509.17,511.86,505.4,511.09,26380400,0.001297909578966048,506.5314285714286,496.0316666666667,443.3074444444444,-1.919999999999959,6.460000000000036,508.51,509.64,506.02,0.0060533278209383475,0.007090718819095089,3.150000000000034,1
2025-07-31,529.27,551.05,527.69,550.83,51617300,0.03947600997702136,510.5314285714286,497.8656666666667,444.8832222222222,-21.56000000000006,23.3599999999999,509.17,508.44,501.27,0.014495983827660019,0.00975444245550416,28.0,1
2025-08-01,519.96,531.55,516.73,530.76,28977600,-0.017590265837852035,513.1171428571428,499.31666666666666,446.3355555555555,-10.799999999999955,14.819999999999936,529.27,508.51,501.86,0.017389674844067123,0.010497732375133394,18.100000000000023,0
2025-08-04,531.4,533.98,523.95,524.08,25349000,0.022001692437879722,516.6271428571429,501.24266666666665,447.89211111111115,7.319999999999936,10.029999999999973,519.96,509.17,506.83,0.01850055107105783,0.010912527590373502,24.569999999999993,1
2025-08-05,523.57,533.04,523.06,532.92,19171600,-0.01473466315393287,518.6171428571429,502.6233333333333,449.4187777777778,-9.349999999999909,9.980000000000018,531.4,529.27,509.64,0.02025803302623268,0.011088840723698083,13.930000000000064,0
2025-08-06,520.78,527.49,519.88,526.69,21355700,-0.005328800351433576,520.38,503.775,450.90777777777777,-5.910000000000082,7.610000000000014,523.57,519.96,508.44,0.020444672868719347,0.011132210691640148,12.339999999999975,0
2025-08-07,516.71,523.91,513.45,522.63,16079100,-0.007815200276508193,521.5514285714286,504.7196666666667,452.4811111111111,-5.919999999999959,10.459999999999923,520.78,531.4,508.51,0.020885907814760466,0.011277087569533212,8.200000000000045,0
2025-08-08,517.9,520.5,515.29,518.46,15531000,0.002303032648874496,522.7985714285713,505.53266666666667,454.1052222222222,-0.5600000000000591,5.210000000000036,516.71,523.57,509.17,0.02087994188283578,0.011160637677617448,8.729999999999961,1
2025-08-11,517.64,523.41,515.6,518.16,20194400,-0.000502027418420527,521.1371428571429,506.387,455.65155555555555,-0.5199999999999818,7.809999999999945,517.9,520.78,529.27,0.013156562868642726,0.011133307237421588,-11.629999999999995,0
2025-08-12,525.05,526.77,518.56,519.6,18667000,0.014314967931380821,521.8642857142856,507.4396666666666,457.2807777777778,5.449999999999932,8.210000000000036,517.64,516.71,519.96,0.012820269093873666,0.011366303156819772,5.089999999999918,1
2025-08-13,516.45,528.48,515.25,527.89,19619200,-0.016379392438815178,519.7285714285715,508.383,458.91377777777774,-11.43999999999994,13.230000000000018,525.05,517.9,531.4,0.010584603699446167,0.011628554395555922,-14.949999999999932,0
2025-08-14,518.34,521.78,516.02,518.42,20269100,0.0036595991867557093,518.9814285714285,509.421,460.7138888888888,-0.07999999999992724,5.759999999999991,516.45,517.64,523.57,0.009730113413539906,0.011608894284704015,-5.230000000000018,1
2025-08-15,516.05,521.93,514.97,518.63,25213300,-0.004417949608365315,518.3057142857143,510.1263333333333,462.51033333333334,-2.580000000000041,6.959999999999923,518.34,525.05,520.78,0.009674632545013826,0.01137319911704365,-4.730000000000018,0
2025-08-18,513.0,518.68,509.95,517.46,23760600,-0.005910280011626693,517.7757142857143,510.76699999999994,464.3091111111111,-4.460000000000036,8.729999999999961,516.05,516.45,516.71,0.009484517121700531,0.011433902976502602,-3.7100000000000364,0
2025-08-19,505.73,511.08,504.52,510.92,21481000,-0.01417153996101361,516.0371428571428,511.20200000000006,465.63177777777776,-5.189999999999998,6.560000000000002,513.0,518.34,517.9,0.010518734052110868,0.011765414054377244,-12.169999999999959,0
2025-08-20,501.71,506.95,500.44,505.83,27723000,-0.007948905542483219,513.7614285714286,511.275,467.0104444444445,-4.1200000000000045,6.509999999999991,505.73,516.05,517.64,0.01055992100418984,0.0116112876631085,-15.930000000000007,0
2025-08-21,501.07,504.44,499.56,500.52,18443300,-0.0012756373203643267,510.3357142857143,511.39366666666666,468.30377777777784,0.5500000000000114,4.8799999999999955,501.71,513.0,525.05,0.0069954870987698195,0.011587546520568866,-23.97999999999996,0
2025-08-22,504.04,507.52,499.25,501.08,24324200,0.0059273155447343235,508.56285714285707,511.5506666666667,469.6372222222222,2.9600000000000364,8.269999999999982,501.07,505.73,516.45,0.006896735365276521,0.011617576270117672,-12.410000000000025,1
2025-08-25,501.09,504.99,500.95,503.44,21638600,-0.005852710102372917,506.09857142857146,511.6193333333333,470.96077777777776,-2.3500000000000227,4.0400000000000205,504.04,501.71,518.34,0.006160686220522887,0.011672269574483403,-17.250000000000057,0
2025-08-26,498.88,501.8,495.37,501.19,30835700,-0.004410385359915344,503.6457142857143,511.52166666666665,472.4151111111111,-2.3100000000000023,6.430000000000007,501.09,501.07,516.05,0.006160766518406942,0.011656217096295017,-17.16999999999996,0
2025-08-27,503.55,504.1,496.75,498.84,17277900,0.009360968569595927,502.29571428571427,511.5863333333333,473.96344444444446,4.710000000000036,7.350000000000023,498.88,504.04,513.0,0.00810245425417416,0.011783959114233081,-9.449999999999989,1
2025-08-28,506.43,507.87,502.32,503.9,18015600,0.005719392314566568,502.3957142857143,511.54566666666665,475.63911111111105,2.5300000000000296,5.550000000000011,503.55,501.09,505.73,0.006753520579995713,0.011620203389686853,0.6999999999999886,1
2025-08-29,503.5,506.39,501.32,505.46,20961600,-0.005785597219753977,502.65142857142854,511.46199999999993,477.1974444444444,-1.9599999999999795,5.069999999999993,506.43,498.88,501.71,0.006355315389548519,0.011653893886217142,1.7900000000000205,0
2025-09-02,501.94,502.82,493.68,497.32,18128000,-0.003098311817279051,502.77571428571434,511.326,478.6552222222222,4.6200000000000045,9.139999999999986,503.5,503.55,501.07,0.006477603089735755,0.011666679461417818,0.8700000000000045,0
2025-09-03,502.17,504.59,499.16,500.62,16345100,0.00045822209825879226,502.5085714285715,511.356,479.97344444444445,1.5500000000000114,5.42999999999995,501.94,506.43,504.04,0.005992598678607729,0.01153723303921246,-1.8700000000000045,1
2025-09-04,504.77,504.95,499.98,501.13,15509500,0.005177529521874994,503.03428571428566,511.45300000000003,481.2705555555555,3.6399999999999864,4.96999999999997,502.17,503.5,501.09,0.005802457466734606,0.011572894179414815,3.680000000000007,1
2025-09-05,491.88,508.75,489.27,505.87,31994800,-0.025536382907066557,502.03428571428566,510.95466666666664,482.4320000000001,-13.990000000000009,19.480000000000018,504.77,501.94,498.88,0.011659804633676218,0.012337772996274532,-7.0,0
2025-09-08,495.06,498.05,491.91,494.98,16771000,0.006464991461332046,500.82142857142856,510.46866666666665,483.5971111111111,0.07999999999998408,6.139999999999986,491.88,502.17,503.55,0.011234896594929458,0.012355551561009254,-8.490000000000009,1
2025-09-09,495.27,499.09,494.57,498.27,14410500,0.00042419100715060707,499.22714285714284,510.0296666666666,484.7511111111112,-3.0,4.519999999999982,495.06,504.77,506.43,0.010767897384716401,0.012354638414001385,-11.160000000000025,1
2025-09-10,497.22,500.06,493.59,499.81,21611800,0.0039372463504755905,498.33,509.65333333333336,485.59511111111107,-2.589999999999975,6.470000000000027,495.27,491.88,503.5,0.01099267916423469,0.01238403507020083,-6.279999999999973,1
2025-09-11,497.86,500.0,494.75,499.09,18881600,0.001287156590643953,497.7471428571429,509.2763333333333,486.3375555555555,-1.2299999999999613,5.25,497.22,495.06,501.94,0.011027207122838167,0.012383976169410085,-4.079999999999984,1
2025-09-12,506.69,509.32,500.68,503.46,23624900,0.017735909693488098,498.39285714285717,508.5236666666667,487.16833333333335,3.230000000000018,8.639999999999986,497.86,495.27,502.17,0.013163987627223034,0.010436396665447946,4.519999999999982,1
2025-09-15,512.12,512.23,503.81,505.59,17143800,0.010716611734985903,499.4428571428571,508.26233333333334,488.0908888888889,6.53000000000003,8.420000000000016,506.69,497.22,504.77,0.01359153825973178,0.01019902702216349,7.350000000000023,1
2025-09-16,505.84,513.97,505.4,513.63,19711900,-0.01226275091775371,501.4371428571429,507.4103333333333,488.94322222222223,-7.7900000000000205,8.57000000000005,512.12,497.86,491.88,0.009349492495665664,0.009491381110177678,13.95999999999998,0
2025-09-17,506.81,508.07,502.75,507.41,15816600,0.001917602403922243,503.1157142857143,506.8516666666667,489.7533333333333,-0.6000000000000227,5.319999999999993,505.84,506.69,495.06,0.009311089141915209,0.00917840643655278,11.75,1
2025-09-18,505.25,509.84,504.47,508.27,18913700,-0.003078076596752239,504.5414285714286,506.334,490.53988888888887,-3.019999999999982,5.369999999999948,506.81,512.12,495.27,0.009587248417208127,0.009151325437122595,9.980000000000018,0
2025-09-19,514.67,516.03,507.1,507.35,52474100,0.018644235526966767,507.03428571428566,506.266,491.3153333333334,7.319999999999936,8.92999999999995,505.25,505.84,497.22,0.011310704809069235,0.00972567804639164,17.449999999999932,1
2025-09-22,511.21,514.48,509.31,512.35,20009300,-0.006722754386305749,508.9414285714285,506.04299999999995,492.0536666666667,-1.1400000000000432,5.170000000000016,514.67,506.81,497.86,0.012124180609607422,0.009788625597128628,13.349999999999966,0
2025-09-23,506.03,511.35,504.12,510.57,19799600,-0.010132822127892661,508.84714285714284,505.656,492.6925555555556,-4.5400000000000205,7.230000000000018,511.21,505.25,506.69,0.011355829880801667,0.009949140836129654,-0.660000000000025,0
2025-09-24,506.94,509.25,503.73,507.17,13533700,0.0017983123530225975,508.10714285714283,505.0523333333333,493.3303333333334,-0.2300000000000182,5.519999999999982,506.03,514.67,512.12,0.010395640695796484,0.00955194248328185,-5.180000000000007,1
2025-09-25,503.84,506.8,501.86,505.1,15786500,-0.006115122105180145,507.82142857142856,504.63199999999995,493.92111111111114,-1.2600000000000477,4.939999999999998,506.94,511.21,505.84,0.009550861407012449,0.009162600936123158,-2.0,0
2025-09-26,508.24,510.71,503.43,506.85,16213100,0.008732931089234746,508.0257142857143,504.29533333333336,494.5101111111111,1.3899999999999864,7.279999999999973,503.84,506.03,506.81,0.010168969997953685,0.009293309981934271,1.4300000000000068,1
2025-09-29,511.36,513.6,505.68,508.28,17617800,0.006138832047851418,508.8985714285714,504.139,495.1414444444444,3.080000000000041,7.920000000000016,508.24,506.94,505.25,0.01023302353421865,0.009344030308123044,6.110000000000014,1
2025-09-30,514.69,514.9,506.45,510.01,19728200,0.006512046307884936,508.90142857142865,504.19533333333334,495.8715555555556,4.680000000000064,8.449999999999989,511.36,503.84,514.67,0.00758120331534321,0.009360328717162133,0.020000000000095497,1
2025-10-01,516.44,517.23,508.47,511.56,22632300,0.003400104917523169,509.6485714285714,504.5523333333333,496.5957777777778,4.880000000000052,8.759999999999991,514.69,508.24,511.21,0.007023327371583934,0.00897496177873496,5.230000000000075,1
2025-10-02,512.49,518.32,507.47,514.38,21222900,-0.007648516768646978,510.57142857142856,504.9116666666667,497.3277777777778,-1.8899999999999864,10.850000000000023,516.44,511.36,506.03,0.00637144040872208,0.008965098368747584,6.460000000000036,0
2025-10-03,514.09,517.21,511.76,513.85,15112300,0.0031220121368222263,511.5928571428572,505.3456666666667,497.96166666666664,0.2400000000000091,5.4500000000000455,512.49,514.69,506.94,0.006389917175215378,0.008966824792250552,7.150000000000034,1
2025-10-06,525.24,527.69,514.94,515.35,21388600,0.02168880935244797,514.65,506.0523333333333,498.7561111111111,9.889999999999986,12.75,514.09,516.44,503.84,0.008710271545339168,0.009703377774418449,21.400000000000034,1
2025-10-07,520.68,526.47,518.16,524.97,14615200,-0.008681745487777129,516.4271428571428,506.70533333333333,499.48533333333336,-4.290000000000077,8.31000000000006,525.24,512.49,508.24,0.010162887583314194,0.009789853371756335,12.43999999999994,0
2025-10-08,521.55,523.63,519.8,519.99,13363400,0.0016708919105784831,517.8828571428572,507.461,500.20577777777777,1.5599999999999454,3.830000000000041,520.68,514.09,511.36,0.0101100312197194,0.009729765868491664,10.18999999999994,1
2025-10-09,519.11,521.03,514.14,519.05,18343600,-0.0046783625730993025,518.5142857142857,507.97966666666673,500.8813333333333,0.06000000000005912,6.889999999999986,521.55,525.24,514.69,0.010320012452884057,0.009677526322085753,4.419999999999959,0
2025-10-10,507.74,520.28,506.42,516.37,24133800,-0.0219028722236135,517.2714285714285,508.02333333333337,501.4195555555555,-8.629999999999995,13.859999999999957,519.11,520.68,516.44,0.013415638577260011,0.010498183199669648,-8.700000000000045,0
2025-10-13,510.81,513.16,508.46,513.16,14284200,0.0060464017016583155,517.0314285714286,508.267,501.982,-2.349999999999966,4.699999999999989,507.74,521.55,512.49,0.013511904373080632,0.010490163488292292,-1.6800000000000068,1
2025-10-14,510.34,512.04,502.82,507.02,14684300,-0.0009201072805936205,516.4957142857143,508.54699999999997,502.4972222222222,3.319999999999993,9.21999999999997,510.81,519.11,514.09,0.01342284383832454,0.010471678538522957,-3.750000000000057,0
2025-10-15,510.2,513.94,506.79,511.72,14694700,-0.0002743269193086694,514.3471428571428,508.8146666666667,502.98111111111115,-1.5200000000000387,7.150000000000034,510.34,507.74,525.24,0.009122034473354279,0.010472890207955176,-15.04000000000002,0
2025-10-16,508.39,513.6,504.93,509.35,15559600,-0.003547628381027053,512.5914285714287,508.9353333333333,503.4187777777778,-0.9600000000000364,8.670000000000016,510.2,510.81,520.68,0.008896394954819467,0.010462016561586553,-12.289999999999964,0
2025-10-17,510.35,512.24,504.12,505.84,19867800,0.003855307932886242,510.99142857142857,509.55100000000004,503.8983333333333,4.510000000000048,8.120000000000005,508.39,510.34,521.55,0.009137813954961625,0.009268041925865004,-11.199999999999932,1
2025-10-20,513.54,515.44,510.2,511.37,14665600,0.00625061232487497,510.19571428571425,510.16700000000003,504.3946666666667,2.169999999999959,5.240000000000066,510.35,510.2,519.11,0.009729748303872408,0.009263980807023002,-5.57000000000005,1
2025-10-21,514.4,515.43,509.81,514.24,15586200,0.0016746504653970746,511.1471428571429,510.8046666666667,504.8315555555556,0.15999999999996817,5.619999999999948,513.54,508.39,507.74,0.0037046195191753842,0.009262885887171628,6.659999999999968,1
2025-10-22,517.26,521.92,514.45,517.87,18962700,0.005559875583203759,512.0685714285714,511.4726666666666,505.34333333333325,-0.6100000000000136,7.469999999999914,514.4,510.35,510.81,0.003616710346590144,0.009283497588543816,6.449999999999989,1
2025-10-23,517.28,520.65,515.35,519.17,14023500,3.8665274716741695e-05,513.0600000000001,512.12,505.80933333333337,-1.8899999999999864,5.2999999999999545,517.26,513.54,510.34,0.0035132131743366908,0.009286631278480733,6.939999999999998,1
2025-10-24,520.31,522.04,517.43,519.5,15532400,0.005857562635323177,514.5042857142857,512.574,506.3211111111111,0.8099999999999454,4.610000000000014,517.28,514.4,510.2,0.0036324609913007686,0.008803133818453854,10.109999999999957,1
2025-10-27,528.17,531.22,525.68,528.43,18734700,0.015106378889508205,517.3299999999999,513.1089999999999,506.896,-0.2599999999999909,5.540000000000077,520.31,517.26,508.39,0.00483284490905455,0.00900570609307041,19.779999999999973,1
2025-10-28,538.66,550.24,537.37,546.54,29986700,0.01986102959274478,521.3742857142857,514.203,507.6186666666667,-7.8799999999999955,12.870000000000005,528.17,517.28,510.35,0.007162316165607042,0.009271812912889806,28.309999999999945,1
2025-10-29,538.14,542.83,533.35,541.51,36023000,-0.0009653584821593989,524.8885714285714,515.2473333333334,508.24077777777785,-3.3700000000000045,9.480000000000018,538.66,520.31,513.54,0.007897963733090645,0.009289112382596842,24.600000000000023,0
2025-10-30,522.45,531.6,518.83,527.14,41023100,-0.029155981714795297,526.0385714285713,515.8206666666666,508.6432222222222,-4.689999999999941,12.769999999999982,538.14,528.17,514.4,0.015816264248542204,0.010870435706210758,8.050000000000068,0
2025-10-31,514.55,525.99,511.86,525.55,34006400,-0.015121064216671625,525.6514285714286,515.8166666666667,508.9341111111111,-11.0,14.129999999999995,522.45,538.66,517.26,0.016999443115436552,0.01074649259314377,-2.7100000000000364,0
2025-11-03,513.78,521.66,511.35,516.54,22374700,-0.0014964532115440323,525.1514285714285,515.9023333333333,509.1593333333334,-2.759999999999991,10.309999999999945,514.55,538.14,517.28,0.016999348361533564,0.010675067682620101,-3.5,0
2025-11-04,511.09,512.31,504.64,508.54,20958700,-0.005235703997820074,523.8342857142857,516.071,509.3713333333333,2.5499999999999545,7.669999999999959,513.78,522.45,520.31,0.016786127469728643,0.010547945116166507,-9.21999999999997,0
2025-11-05,503.97,511.59,503.39,510.07,23024300,-0.013931010193899212,520.3771428571429,515.972,509.488,-6.099999999999966,8.199999999999989,511.09,514.55,528.17,0.015247753222832346,0.010861575889325249,-24.199999999999932,0
2025-11-06,493.97,502.52,492.69,502.48,27406500,-0.01984245093954005,513.9928571428571,515.643,509.55266666666665,-8.509999999999991,9.829999999999984,503.97,513.78,538.66,0.01038194413861511,0.011397946836587045,-44.68999999999994,0
2025-11-07,493.69,496.24,490.15,493.82,24019800,-0.0005668360426747161,507.64285714285717,515.158,509.6247777777778,-0.12999999999999545,6.090000000000032,493.97,511.09,538.14,0.010454973750364452,0.011261114385336063,-44.44999999999999,0
2025-11-10,502.82,503.66,495.66,496.89,26101500,0.018493386538110952,504.83857142857147,514.8733333333333,509.7128888888889,5.930000000000007,8.0,493.69,503.97,522.45,0.012815213963471928,0.011743217026857402,-19.630000000000052,1
2025-11-11,505.48,506.39,499.19,501.62,17980000,0.005290163477984219,503.54285714285714,514.5663333333333,509.8428888888889,3.8600000000000136,7.199999999999989,502.82,493.97,514.55,0.012550295238841512,0.011720174859713425,-9.069999999999936,1
2025-11-12,507.92,508.45,495.98,506.15,26574900,0.004827095038379358,502.70571428571435,514.2823333333333,510.0122222222223,1.7700000000000387,12.46999999999997,505.48,493.69,513.78,0.012855898909117865,0.011739576217755964,-5.859999999999957,1
2025-11-13,500.12,510.27,498.14,507.1,25273100,-0.015356749094345588,501.1385714285715,513.87,510.01888888888885,-6.980000000000018,12.129999999999995,507.92,502.82,511.09,0.013866743778966772,0.0119835309308842,-10.96999999999997,0
2025-11-14,506.97,508.38,494.31,495.09,28505700,0.013696712788930702,501.5671428571428,513.6326666666666,510.124,11.880000000000052,14.069999999999993,500.12,505.48,503.97,0.014169528159052137,0.012253663473900963,3.0,1
2025-11-17,504.3,508.9,501.73,505.25,19092800,-0.0052665838215279325,503.04285714285714,512.9346666666667,510.1792222222223,-0.9499999999999886,7.169999999999959,506.97,507.92,493.97,0.011409607200360484,0.01154660278960024,10.329999999999984,0
2025-11-18,490.68,499.81,483.72,492.25,33815100,-0.027007733491969076,502.61285714285714,511.93466666666666,510.0864444444445,-1.5699999999999932,16.089999999999975,504.3,500.12,493.69,0.016175225090088424,0.012404043437707103,-3.009999999999991,0
2025-11-19,484.05,492.07,479.79,487.02,23245300,-0.013511861090731221,499.93142857142857,510.6846666666667,509.88911111111105,-2.9699999999999704,12.279999999999973,490.68,506.97,502.82,0.014232456448822992,0.012561994838664294,-18.769999999999982,0
2025-11-20,476.31,491.38,473.39,490.53,26802500,-0.015990083669042473,495.7642857142857,509.258,509.60799999999995,-14.21999999999997,17.99000000000001,484.05,504.3,505.48,0.013852908559104033,0.012800018367618998,-29.170000000000016,0
2025-11-21,470.03,476.8,466.19,476.38,31769200,-0.013184690642648758,490.3514285714286,508.001,509.19000000000005,-6.350000000000023,10.610000000000014,476.31,490.68,507.92,0.012609462127776881,0.012445040373353458,-37.89000000000004,0
2025-11-24,471.9,474.79,465.95,472.89,34421000,0.003978469459396219,486.32,506.704,508.811,-0.9900000000000091,8.840000000000032,470.03,484.05,500.12,0.013563821164413145,0.012401757614045222,-28.220000000000027,1
2025-11-25,474.88,477.03,462.83,471.97,28019800,0.006314897223988172,481.7357142857143,505.522,508.465,2.909999999999968,14.199999999999989,471.9,476.31,506.97,0.011744049138715346,0.012504722880503808,-32.09000000000003,1
2025-11-26,483.35,486.15,479.07,484.15,25709100,0.017836084905660434,478.74285714285713,504.627,508.26588888888887,-0.7999999999999545,7.079999999999984,474.88,470.03,504.3,0.015644663213903686,0.01303296196700162,-20.94999999999999,1
2025-11-28,489.83,490.45,484.49,485.44,14386700,0.013406434260887475,478.62142857142857,504.0083333333333,508.13222222222225,4.389999999999986,5.9599999999999795,483.35,471.9,490.68,0.01393714825463248,0.013315409360884886,-0.8500000000000227,1
2025-12-01,484.58,487.69,482.5,486.27,23964000,-0.010718004205540699,478.69714285714286,503.14933333333335,507.88499999999993,-1.6899999999999977,5.189999999999998,489.83,474.88,484.05,0.013525120589847584,0.013392013926755608,0.5299999999999727,0
2025-12-02,487.83,491.31,484.16,484.56,19562700,0.0067068389120475465,480.34285714285716,502.2923333333334,507.6426666666666,3.269999999999982,7.149999999999977,484.58,483.35,476.31,0.011565927366297165,0.013401537265750052,11.519999999999982,1
2025-12-03,475.61,482.09,473.09,474.21,34615100,-0.025049709939938034,481.13999999999993,500.9993333333333,507.2778888888889,1.400000000000034,9.0,487.83,489.83,470.03,0.014824965154407416,0.01404738623496362,5.580000000000041,0
2025-12-04,478.71,479.19,474.38,477.63,22318200,0.006517945375412556,482.11285714285714,499.71433333333334,506.94677777777775,1.079999999999984,4.810000000000002,475.61,484.58,471.9,0.014918446307479155,0.01406744976202416,6.810000000000002,1
2025-12-05,481.02,481.26,476.76,480.38,22608700,0.004825468446449839,482.98999999999995,498.5056666666667,506.63400000000007,0.6399999999999864,4.5,478.71,487.83,474.88,0.01485956469242437,0.01412406292039681,6.139999999999986,1
2025-12-08,488.84,490.12,482.23,482.74,21965900,0.016257120286058777,483.7742857142857,497.4566666666667,506.18477777777775,6.099999999999966,7.889999999999986,481.02,475.61,483.35,0.014587400085217939,0.014455489359525552,5.489999999999952,1
2025-12-09,489.84,489.94,486.33,486.93,14696100,0.0020456591113656823,483.77571428571434,496.17900000000003,505.8501111111111,2.909999999999968,3.6100000000000136,488.84,478.71,489.83,0.013672013792219204,0.014115963133982919,0.009999999999990905,1
2025-12-10,476.44,482.1,472.97,481.88,35756200,-0.027355871304915846,482.61285714285714,494.10499999999996,505.2394444444444,-5.439999999999998,9.129999999999995,489.84,481.02,484.58,0.016922611807779184,0.014179149327502753,-8.139999999999986,0
2025-12-11,481.33,483.88,473.75,474.52,24669200,0.010263621862144207,481.6842857142857,492.21133333333336,504.7701111111111,6.810000000000002,10.129999999999995,476.44,488.84,487.83,0.017287349542405274,0.014407983147320214,-6.5,1
2025-12-12,476.41,480.31,474.23,477.69,21248100,-0.01022167743543922,481.79857142857145,490.6766666666667,504.27711111111114,-1.2799999999999727,6.079999999999984,481.33,489.84,475.61,0.014672188489349315,0.013644899512974597,0.8000000000000114,0
2025-12-15,472.71,478.59,470.43,477.97,23727700,-0.007766419680527372,480.9414285714286,489.282,503.78822222222226,-5.260000000000048,8.159999999999968,476.41,476.44,478.71,0.014661979722893096,0.013484364983515962,-6.0,0
2025-12-16,474.28,475.77,468.79,469.82,20705600,0.0033212752004400017,479.9785714285714,487.9653333333334,503.30355555555553,4.4599999999999795,6.979999999999961,472.71,481.33,481.02,0.014560950884315957,0.013528237480402253,-6.740000000000009,1
2025-12-17,474.01,477.87,472.89,474.8,24527200,-0.0005692839672766758,477.86,486.7293333333334,502.8187777777778,-0.7900000000000205,4.980000000000018,474.28,476.41,488.84,0.012267975325389825,0.013523405954886176,-14.829999999999984,0
2025-12-18,481.83,487.43,475.77,476.07,28573500,0.016497542245944165,476.71571428571434,485.99133333333333,502.3385555555555,5.759999999999991,11.660000000000025,474.01,472.71,489.84,0.014527028569500201,0.013769048187310574,-8.009999999999991,1
2025-12-19,483.77,485.69,480.35,485.2,70836100,0.004026316335637046,477.7628571428572,485.6513333333333,501.97544444444446,-1.4300000000000068,5.339999999999975,481.83,474.28,476.44,0.009445701429995186,0.013350125810804483,7.329999999999984,1
2025-12-22,482.77,486.56,480.55,483.96,16963000,-0.002067098001116233,477.96857142857147,485.2873333333333,501.58022222222223,-1.1899999999999977,6.009999999999991,483.77,474.01,481.33,0.00882540020428889,0.013352773332523757,1.4399999999999977,0
2025-12-23,484.69,485.67,482.59,482.83,14683600,0.003977049112413812,479.15142857142854,484.683,501.2317777777778,1.8600000000000136,3.080000000000041,482.77,481.83,476.41,0.007492155122923551,0.012889803490908434,8.279999999999973,1
2025-12-24,485.86,486.99,482.68,483.53,5855900,0.0024139140481545234,481.03000000000003,484.02899999999994,500.93022222222226,2.330000000000041,4.310000000000002,484.69,483.77,472.71,0.0060115342174026885,0.01285094488774848,13.150000000000034,1
2025-12-26,485.55,485.96,483.81,484.55,8842200,-0.0006380438809533657,482.64,483.28333333333336,500.7059999999999,1.0,2.1499999999999773,485.86,482.77,474.28,0.006260854192294706,0.012800634244967366,11.270000000000039,0
2025-12-29,484.94,486.18,482.03,482.71,10893400,-0.001256307280403694,484.20142857142855,482.77733333333333,500.51966666666664,2.230000000000018,4.150000000000034,485.55,484.69,474.01,0.006337941250798604,0.012527231900201455,10.930000000000007,0
2025-12-30,485.32,487.51,483.35,483.78,13944500,0.0007836020951045397,484.7,482.0556666666667,500.3446666666666,1.5400000000000205,4.159999999999968,484.94,485.86,481.83,0.0024913317629860726,0.012224791121815397,3.490000000000009,1
2025-12-31,481.48,485.98,481.16,485.68,15601600,-0.007912305283112122,484.3728571428572,481.295,500.094,-4.199999999999989,4.819999999999993,485.32,485.55,483.77,0.0038289725418308926,0.012263271039359315,-2.2899999999999636,0
2026-01-02,470.84,482.51,468.08,482.24,25571600,-0.022098529533937115,482.6685714285714,480.63366666666667,499.7578888888889,-11.400000000000034,14.430000000000007,481.48,484.94,482.77,0.009016845164309329,0.011939208315444639,-11.930000000000007,0
2026-01-05,470.75,473.96,467.42,471.96,25250300,-0.0001911477359612076,480.6771428571428,480.1903333333333,499.4453333333333,-1.2099999999999795,6.539999999999964,470.84,485.32,484.69,0.008564525577086327,0.011715198392503004,-13.939999999999998,0
2026-01-06,476.39,476.62,467.67,471.7,23037700,0.01198088157195961,479.3242857142858,480.193,499.1435555555555,4.689999999999998,8.949999999999989,470.75,481.48,485.86,0.010358076165102434,0.011581953100553861,-9.470000000000027,1
2026-01-07,481.33,487.53,475.83,477.63,25564200,0.010369655114507017,478.7214285714286,480.5696666666666,498.86466666666666,3.6999999999999886,11.699999999999989,476.39,470.84,485.55,0.01150616462440354,0.01144999962738002,-4.220000000000027,1
2026-01-08,475.99,480.52,473.75,479.11,18162600,-0.011094259655537729,477.4428571428571,480.70599999999996,498.55899999999997,-3.1200000000000045,6.769999999999982,481.33,470.75,484.94,0.012101176781005677,0.011637419738411746,-8.949999999999989,0
2026-01-09,477.16,477.69,470.11,471.96,18491000,0.0024580348326645853,476.2771428571428,480.782,498.28366666666665,5.2000000000000455,7.579999999999984,475.99,476.39,485.32,0.012195266622236084,0.011590501071090583,-8.159999999999968,1
2026-01-12,475.06,478.86,473.57,474.56,23519900,-0.004401039483611415,475.36,480.5056666666667,497.9824444444444,0.5,5.2900000000000205,477.16,481.33,481.48,0.011999244412590442,0.011127190798622207,-6.420000000000016,0
2026-01-13,468.58,473.67,463.88,472.58,28545800,-0.01364038226750309,475.0371428571429,479.7973333333333,497.5803333333334,-4.0,9.79000000000002,475.06,475.99,470.84,0.009855160564604407,0.011055709607567863,-2.259999999999991,0
2026-01-14,457.34,466.12,455.14,464.39,28184300,-0.023987366084766763,473.12142857142857,478.88933333333335,497.1965555555555,-7.050000000000011,10.980000000000018,468.58,477.16,470.75,0.013206619400561538,0.011687974998221072,-13.410000000000025,0
2026-01-15,454.64,462.19,453.88,462.06,23225800,-0.005903704027638057,470.0142857142858,477.783,496.7474444444445,-7.420000000000016,8.310000000000002,457.34,475.06,476.39,0.011161117751168582,0.011595644520181332,-21.75,0
2026-01-16,457.82,461.14,454.46,455.8,34246700,0.0069945451346120156,466.6557142857142,477.18999999999994,496.3313333333333,2.019999999999982,6.680000000000007,454.64,468.58,481.33,0.010349229650800729,0.010879705946277896,-23.50999999999999,1
2026-01-20,452.5,454.77,447.29,449.22,26130000,-0.011620287449215835,463.3,476.3163333333333,495.8344444444445,3.2799999999999727,7.479999999999961,457.82,457.34,475.99,0.010385066173077792,0.010939130730830698,-23.49000000000001,0
2026-01-21,442.14,450.68,436.74,450.59,37980500,-0.022895027624309422,458.29714285714283,475.0203333333333,495.2153333333334,-8.449999999999989,13.939999999999998,452.5,454.64,477.16,0.010881943230908402,0.011514340827961631,-35.02000000000004,0
2026-01-22,449.14,450.83,442.73,445.64,25349400,0.015832089383453204,454.5942857142857,473.697,494.5758888888889,3.5,8.099999999999966,442.14,457.82,475.06,0.014829534471855628,0.011490395333549185,-25.920000000000016,1
2026-01-23,463.88,469.01,448.53,449.87,38000200,0.03281827492541303,453.92285714285714,472.83166666666665,494.03988888888887,14.009999999999991,20.480000000000018,449.14,452.5,468.58,0.020956751100171624,0.013182671696500819,-4.699999999999989,1
2026-01-26,468.2,472.15,459.95,463.25,29291200,0.00931275329826678,455.4742857142857,472.557,493.6216666666666,4.949999999999989,12.199999999999989,463.88,442.14,457.34,0.018580418149713996,0.012401467586269407,10.860000000000014,1
2026-01-27,478.45,480.73,471.06,471.6,29213900,0.021892353695002136,458.87571428571425,472.461,493.3065555555556,6.849999999999966,9.670000000000016,468.2,449.14,454.64,0.019194440843475755,0.012920600095667862,23.810000000000002,1
2026-01-28,479.49,481.6,475.88,481.07,36875400,0.0021736858605915363,461.9714285714286,472.5636666666667,493.0203333333333,-1.579999999999984,5.720000000000027,478.45,463.88,457.82,0.019300801862874774,0.012783877471145464,21.670000000000016,1
2026-01-29,431.58,440.54,419.15,438.04,128855300,-0.09991866358005386,458.98285714285714,471.1926666666667,492.0971111111111,-6.460000000000036,21.390000000000043,479.49,468.2,452.5,0.04503464928959149,0.022309640085622712,-20.920000000000016,0
2026-01-30,428.38,437.65,424.56,437.22,58566800,-0.007414616061912018,457.01714285714286,469.66266666666667,491.1767777777777,-8.840000000000032,13.089999999999975,431.58,478.45,442.14,0.04443284500265968,0.022294529404220248,-13.759999999999991,0
2026-02-02,421.49,428.83,420.38,428.33,42219900,-0.016083850786684686,453.0671428571428,467.912,490.23744444444446,-6.839999999999975,8.449999999999989,428.38,479.49,449.14,0.04373678670924523,0.022412568319400968,-27.649999999999977,0
2026-02-03,409.39,420.18,406.75,420.14,61424100,-0.028707679897506517,445.28285714285715,465.4973333333333,489.15355555555556,-10.75,13.430000000000007,421.49,431.58,463.88,0.0401619443199571,0.022530395624940087,-54.49000000000001,0
2026-02-04,412.35,417.94,407.43,409.18,45012400,0.007230269425242523,437.30428571428575,463.1166666666667,488.137,3.170000000000016,10.509999999999991,409.39,428.38,468.2,0.0399419728771619,0.022582973954945785,-55.849999999999966,1
2026-02-05,391.92,406.49,390.58,405.63,66289200,-0.04954528919607131,424.9428571428572,460.0883333333333,486.8445555555556,-13.70999999999998,15.910000000000025,412.35,421.49,478.45,0.03731036193484084,0.02398651160973711,-86.52999999999997,0
2026-02-06,399.36,400.01,391.18,397.4,53515300,0.01898346601347213,413.49571428571426,457.24399999999997,485.6001111111111,1.9600000000000364,8.829999999999984,391.92,409.39,479.49,0.03998139881409816,0.024368885357644032,-80.13,1
2026-02-09,411.77,413.05,399.09,403.06,45480500,0.031074719551281972,410.6657142857143,454.77433333333335,484.4565555555555,8.70999999999998,13.960000000000036,399.36,412.35,431.58,0.02795352674519561,0.025261092579420198,-19.810000000000002,1
2026-02-10,411.44,421.8,410.87,417.76,44857900,-0.0008014182674793795,408.24571428571426,452.304,483.28988888888887,-6.319999999999993,10.930000000000007,411.77,391.92,428.38,0.028023288097787008,0.0252600972152301,-16.939999999999998,0
2026-02-11,402.58,414.61,399.23,414.33,42491000,-0.021534124052109697,405.5442857142857,449.5586666666666,482.0686666666667,-11.75,15.379999999999995,411.44,399.36,421.49,0.028441964837721483,0.02542211365280515,-18.910000000000025,0
2026-02-12,400.06,404.4,396.25,403.2,40802400,-0.006259625416066327,404.2114285714286,446.71666666666664,480.8016666666667,-3.1399999999999864,8.149999999999977,402.58,411.77,409.39,0.026690982229112658,0.025391132988780218,-9.329999999999984,0
2026-02-13,399.54,403.74,396.29,402.66,34091600,-0.0012998050292455678,402.38142857142856,443.9853333333333,479.405,-3.1200000000000045,7.449999999999989,400.06,411.44,412.35,0.026339607515332455,0.025403522835295973,-12.810000000000002,0
2026-02-17,395.1,398.74,392.78,397.45,32078800,-0.011112779696651143,402.8357142857143,441.46066666666667,478.0096666666666,-2.349999999999966,5.960000000000036,399.54,402.58,391.92,0.017995535307429276,0.025240264659538547,3.180000000000007,0
2026-02-18,397.83,400.78,394.56,396.36,23223400,0.006909643128321845,402.6171428571429,439.03,476.635,1.4699999999999704,6.21999999999997,395.1,400.06,399.36,0.01653684053110765,0.025325011425033708,-1.5300000000000296,1
2026-02-19,397.6,403.56,395.81,399.82,28234000,-0.0005781363899151933,400.59285714285716,436.4036666666667,475.2848888888889,-2.2199999999999704,7.75,397.83,399.54,411.77,0.009174484769933596,0.025133037722867166,-14.169999999999959,0
2026-02-20,396.37,399.26,394.31,395.25,34015200,-0.003093561368209301,398.44,433.57166666666666,474.04744444444447,1.1200000000000045,4.949999999999989,397.6,395.1,411.44,0.009041523751495428,0.02495593455257372,-15.069999999999993,0
2026-02-23,383.64,394.51,382.27,394.15,43238300,-0.03211645684587637,395.73428571428576,430.4933333333334,472.63444444444445,-10.509999999999991,12.240000000000009,396.37,397.83,402.58,0.012453048135961795,0.025391177826074224,-18.939999999999998,0
2026-02-24,388.16,388.52,380.89,383.31,33884700,0.011781878844750389,394.0342857142858,427.52666666666664,471.2768888888889,4.850000000000023,7.6299999999999955,383.64,397.6,400.06,0.014310318171817195,0.02556539260253319,-11.899999999999977,1
2026-02-25,399.73,400.6,389.32,389.69,43625500,0.029807295960428668,394.06142857142856,425.0156666666666,470.0494444444444,10.04000000000002,11.28000000000003,388.16,396.37,399.54,0.01931981288231438,0.026412492066803385,0.18999999999999773,1
2026-02-26,400.85,406.61,397.88,403.84,34405900,0.0028018912766117243,394.8828571428571,422.758,468.8545555555555,-2.9899999999999523,8.730000000000018,399.73,383.64,395.1,0.018663134063221683,0.026405982220022786,5.75,1
2026-02-27,391.89,395.96,389.04,390.04,51367200,-0.022352500935512127,394.03428571428566,420.5763333333333,467.5383333333333,1.849999999999966,6.919999999999959,400.85,388.16,397.83,0.02061203654255366,0.02636676622194021,-5.939999999999998,0
2026-03-02,397.69,400.32,389.79,392.01,35474900,0.014800071448620816,394.04714285714283,418.678,466.2511111111111,5.680000000000007,10.529999999999973,391.89,399.73,397.6,0.02158113596625312,0.026606405006127057,0.08999999999997499,1
2026-03-03,403.06,405.82,391.82,392.29,38199200,0.01350297970781263,395.0028571428572,416.85266666666666,465.01399999999995,10.769999999999982,14.0,397.69,400.85,396.37,0.022061130641114916,0.02672623177220703,6.689999999999998,1
2026-03-04,404.32,410.14,399.44,400.4,35808000,0.0031260854463355105,397.95714285714286,415.24666666666667,463.7591111111111,3.920000000000016,10.699999999999989,403.06,391.89,383.64,0.01600790500629037,0.026714576534712656,20.680000000000007,1
2026-03-05,409.79,410.72,403.53,403.55,39001300,0.013528888009497496,401.04714285714283,414.1683333333333,462.5647777777777,6.240000000000009,7.190000000000055,404.32,397.69,388.16,0.016096646185475964,0.026625037666262542,21.629999999999995,1
2026-03-06,408.08,412.16,407.63,408.32,31123900,-0.004172869030479114,402.23999999999995,412.79966666666667,461.31777777777774,-0.2400000000000091,4.53000000000003,409.79,403.06,399.73,0.013258069185998228,0.026408131592668426,8.349999999999966,0
2026-03-09,408.53,409.32,402.63,404.04,30131900,0.001102724955890974,403.33714285714285,410.9546666666667,459.98844444444444,4.489999999999952,6.689999999999998,408.08,404.32,400.85,0.013278555461700597,0.02555231057031965,7.67999999999995,1
2026-03-10,404.88,409.31,402.06,409.14,31706400,-0.008934472376569597,405.1928571428572,408.844,458.502,-4.259999999999991,7.25,408.53,409.79,391.89,0.009464820720102553,0.025443929195697317,12.990000000000009,0
2026-03-11,404.0,408.13,400.72,404.69,25512100,-0.00217348350128432,406.0942857142858,406.36233333333337,457.01155555555556,-0.6899999999999977,7.409999999999968,404.88,408.08,397.69,0.0085812971094371,0.024957637599422603,6.310000000000002,0
2026-03-12,400.99,405.24,400.84,403.76,27263900,-0.007450495049504928,405.79857142857145,403.74566666666664,455.66200000000003,-2.769999999999982,4.400000000000034,404.0,408.53,403.06,0.007615301684293188,0.024919962086669023,-2.069999999999993,0
2026-03-13,394.7,403.93,393.4,400.13,26848000,-0.015686176712636276,404.42428571428576,402.5163333333333,454.3303333333333,-5.430000000000007,10.53000000000003,400.99,404.88,404.32,0.00919193899481586,0.01760035383590096,-9.620000000000005,0
2026-03-16,399.09,399.76,393.94,397.21,27733700,0.011122371421332624,402.8957142857143,401.54,453.056,1.8799999999999955,5.819999999999993,394.7,404.0,409.79,0.008469994605158425,0.017758251848395325,-10.700000000000045,1
2026-03-17,398.55,403.53,396.89,399.4,26228300,-0.0013530782530255423,401.5342857142858,400.7753333333333,451.80555555555554,-0.8499999999999659,6.639999999999986,399.09,400.99,408.08,0.008513019179211613,0.017563834929923354,-9.529999999999973,0
2026-03-18,390.94,397.14,390.15,396.27,25908500,-0.019094216534939187,399.0214285714286,400.16033333333337,450.54966666666667,-5.329999999999984,6.990000000000009,398.55,394.7,408.53,0.010042039767254039,0.01713685295238725,-17.589999999999975,0
2026-03-19,388.18,391.64,386.22,389.26,25138800,-0.007059906891083007,396.63571428571424,399.35466666666673,449.3742222222222,-1.079999999999984,5.419999999999959,390.94,399.09,404.88,0.009982537146259797,0.017087432211548233,-16.69999999999999,0
2026-03-20,381.04,386.16,379.3,385.95,50853200,-0.018393528775310388,393.35571428571427,398.992,448.12255555555555,-4.909999999999968,6.860000000000014,388.18,398.55,404.0,0.0108065788255723,0.014896339353458275,-22.95999999999998,0
2026-03-23,382.17,386.37,380.86,383.07,29680100,0.002965567919378531,390.6671428571429,398.419,446.782,-0.8999999999999773,5.509999999999991,381.04,390.94,400.99,0.011624934195424588,0.014441774932575547,-18.819999999999993,1
2026-03-24,371.93,381.64,371.05,381.53,42733600,-0.026794358531543577,387.4142857142857,397.091,445.29811111111115,-9.599999999999966,10.589999999999975,382.17,388.18,394.7,0.013628023047627917,0.013810414732687622,-22.769999999999982,0
2026-03-25,370.24,376.25,368.83,376.11,31181200,-0.00454386578119538,383.29285714285714,395.7176666666667,443.7683333333334,-5.8700000000000045,7.420000000000016,371.93,381.04,399.09,0.010907845035053864,0.013804026813113972,-28.849999999999966,0
2026-03-26,365.18,373.91,364.4,370.02,36836600,-0.01366681071737252,378.5257142857143,394.47100000000006,442.269,-4.839999999999975,9.510000000000048,370.24,382.17,398.55,0.010131361638163092,0.013519809110750578,-33.370000000000005,0
2026-03-27,356.0,361.67,355.74,361.12,37883400,-0.025138287967577652,373.53428571428566,393.0023333333333,440.59155555555554,-5.1200000000000045,5.930000000000007,365.18,371.93,390.94,0.011018675891629168,0.014096308892079969,-34.94,0
2026-03-30,358.18,364.57,355.51,361.12,44797000,0.006123595505617997,369.24857142857144,391.6236666666667,438.96799999999996,-2.9399999999999977,9.060000000000002,356.0,370.24,388.18,0.013166937710453387,0.014206174713325269,-30.0,1
2026-03-31,369.37,372.09,362.29,363.76,45244400,0.03124127533642302,367.5814285714286,390.76599999999996,437.6201111111111,5.610000000000014,9.799999999999955,358.18,365.18,381.04,0.020218132625609352,0.015475316715972695,-11.670000000000016,1
2026-04-01,368.57,373.18,367.4,372.68,29417200,-0.002165849960744,365.6385714285715,389.7906666666667,436.33700000000005,-4.110000000000014,5.78000000000003,369.37,356.0,382.17,0.020004427638032805,0.015381006928402307,-13.600000000000023,0
2026-04-02,372.65,372.83,363.36,366.42,24099100,0.011069810348102081,365.74142857142857,388.959,435.1852222222223,6.229999999999961,9.46999999999997,368.57,358.18,371.93,0.018160815515522274,0.015575124335352191,0.7199999999999704,1
2026-04-06,372.07,372.92,368.7,372.68,16146600,-0.0015564202334629924,366.0028571428571,388.14900000000006,434.0967777777778,-0.6100000000000136,4.220000000000027,372.65,369.37,370.24,0.01805962256701395,0.015574068996549837,1.829999999999984,0
2026-04-07,371.49,371.65,365.77,369.54,21443300,-0.0015588464536242753,366.9042857142857,387.74399999999997,432.98111111111115,1.9499999999999886,5.8799999999999955,372.07,368.57,365.18,0.016986116728285677,0.014497811859968188,6.310000000000002,0
2026-04-08,373.52,384.17,370.61,384.15,33064800,0.005464480874316866,369.40714285714284,387.25600000000003,431.8548888888888,-10.629999999999995,13.560000000000002,371.49,372.65,356.0,0.011816562063695408,0.014351334185978273,17.519999999999982,1
2026-04-09,372.26,372.69,366.26,371.69,30435300,-0.0033733133433283117,371.4185714285714,386.3403333333334,430.62055555555554,0.5699999999999932,6.430000000000007,373.52,372.07,358.18,0.012454607675736902,0.013105248139724609,14.079999999999984,0
2026-04-10,370.07,374.83,369.23,372.17,28111100,-0.005882985010476543,371.5185714285714,385.31433333333337,429.28988888888887,-2.1000000000000227,5.599999999999966,372.26,371.49,369.37,0.005878828046860518,0.01308486007661852,0.6999999999999886,0
2026-04-13,383.54,383.71,370.22,372.8,35745800,0.03639851919907052,373.6571428571429,385.036,428.16722222222216,10.740000000000009,13.489999999999952,370.07,373.52,368.57,0.014680281519971498,0.014357663946711983,14.970000000000027,1
2026-04-14,392.26,393.84,385.68,387.08,37504500,0.02273556864994517,376.4585714285714,384.85499999999996,427.10533333333336,5.180000000000007,8.159999999999968,383.54,372.26,372.65,0.015983295095988743,0.014720045844553359,19.610000000000014,1
2026-04-15,410.33,413.47,395.87,397.14,45063400,0.046066384540865736,381.9242857142857,385.0973333333333,426.38000000000005,13.189999999999998,17.600000000000023,392.26,370.07,372.07,0.020888058435798412,0.016826904574943517,38.25999999999999,1
2026-04-16,419.35,419.91,411.25,418.95,41642400,0.021982306923695658,388.76142857142855,385.59833333333336,425.72044444444447,0.4000000000000341,8.660000000000025,410.33,383.54,371.49,0.019781700823398536,0.017265878268448637,47.860000000000014,1
2026-04-17,421.88,430.65,419.78,423.9,48568200,0.006033146536306122,395.67,386.0013333333333,425.0633333333333,-2.019999999999982,10.870000000000005,419.35,392.26,373.52,0.01972451171964011,0.01713746739671322,48.360000000000014,1
2026-04-20,417.17,422.42,415.4,420.24,27582200,-0.011164312126671043,402.0857142857143,386.3043333333333,424.267,-3.069999999999993,7.020000000000039,421.88,410.33,372.26,0.021271512660688288,0.0172588954857985,44.910000000000025,0
2026-04-21,423.24,426.26,416.3,419.33,32048500,0.014550423088908582,409.68142857142857,386.79466666666667,423.527,3.910000000000025,9.95999999999998,417.17,419.35,370.07,0.01894780768101784,0.017438654512569075,53.170000000000016,1
2026-04-22,431.98,432.76,422.75,425.27,29378200,0.02065022209621021,416.6014285714286,387.69800000000004,423.033,6.710000000000036,10.009999999999991,423.24,421.88,383.54,0.017487656760710277,0.017673377640308238,48.44,1
2026-04-23,414.85,422.74,410.52,418.98,38308000,-0.03965461363952034,419.8285714285715,388.0596666666667,422.2943333333333,-4.1299999999999955,12.220000000000027,431.98,417.17,392.26,0.02735179840877376,0.01925537869963426,22.590000000000032,0
2026-04-24,423.7,424.03,414.9,416.07,27457400,0.02133301193202354,421.73857142857145,388.81666666666666,421.70866666666666,7.6299999999999955,9.129999999999995,414.85,423.24,410.33,0.0229036482189273,0.019531708075717535,13.370000000000005,1
2026-04-27,423.9,426.19,416.17,421.47,30867300,0.0004720320981826496,422.3885714285714,389.78999999999996,421.16633333333334,2.42999999999995,10.019999999999982,423.7,431.98,419.35,0.021624305337896044,0.01924727620184672,4.5499999999999545,1
2026-04-28,428.32,428.99,420.99,423.65,30438100,0.010426987497051229,423.3085714285715,390.76433333333335,420.65566666666666,4.670000000000016,8.0,423.9,414.85,421.88,0.021832269898157484,0.019237025318129996,6.439999999999998,1
2026-04-29,423.54,425.9,419.38,423.66,38288300,-0.011159880463205017,424.21857142857147,391.5973333333333,420.0948888888889,-0.12000000000000455,6.519999999999982,428.32,423.7,417.17,0.02183181196161372,0.019388139920102014,6.3700000000000045,0
2026-04-30,406.9,413.52,397.15,409.92,70909400,-0.03928790669122171,421.8842857142857,392.1293333333333,419.26233333333334,-3.0200000000000387,16.370000000000005,423.54,423.9,423.24,0.025926624854616054,0.02047346571926983,-16.340000000000032,0
2026-05-01,413.54,416.21,409.55,411.91,31372400,0.016318505775374893,419.25,392.9746666666667,418.48199999999997,1.6299999999999955,6.659999999999968,406.9,428.32,431.98,0.025246305957695517,0.020579605833503135,-18.439999999999998,1
2026-05-04,412.73,419.87,409.91,410.65,28066500,-0.001958698070319684,418.94714285714286,394.031,417.7037777777778,2.080000000000041,9.95999999999998,413.54,423.54,414.85,0.020412948937262546,0.020224991556581237,-2.1200000000000045,0
2026-05-05,410.49,415.88,407.92,414.42,25700900,-0.005427276912267121,417.06,394.975,416.8793333333333,-3.930000000000007,7.9599999999999795,412.73,406.9,423.7,0.01799400447637093,0.020281508790489743,-13.20999999999998,0
2026-05-06,413.07,417.52,404.23,407.12,30285900,0.006285171380545163,415.5128571428572,396.3463333333333,416.07055555555553,5.949999999999989,13.289999999999964,410.49,413.54,423.9,0.01838481551367544,0.019513881515901173,-10.829999999999984,1
2026-05-07,419.86,427.06,417.85,419.2,34942400,0.01643789188273179,414.30428571428575,398.00033333333334,415.3406666666667,0.660000000000025,9.20999999999998,413.07,412.73,428.32,0.01926536691169194,0.01958457862871774,-8.45999999999998,1
2026-05-08,414.22,417.73,413.11,416.49,33383800,-0.013433049111608598,412.97285714285715,399.635,414.5548888888889,-2.269999999999982,4.6200000000000045,419.86,410.49,423.54,0.019450307504893134,0.0195771932550259,-9.319999999999993,0
2026-05-11,411.77,411.8,404.62,406.99,35657900,-0.005914731302206666,413.6685714285714,401.49399999999997,413.73766666666666,4.779999999999973,7.180000000000007,414.22,413.07,406.9,0.011569238392978378,0.01887939398292979,4.8700000000000045,0
2026-05-12,406.89,414.6,405.76,413.58,38594200,-0.011851276197877446,412.7185714285714,403.11766666666665,412.90888888888884,-6.689999999999998,8.840000000000032,411.77,419.86,413.54,0.01051142200575662,0.019127257272486313,-6.650000000000034,0
2026-05-13,404.33,405.43,400.16,402.33,29667100,-0.00629162672958294,411.51857142857136,404.283,412.1698888888889,2.0,5.269999999999982,406.89,414.22,412.73,0.01061735365736407,0.018531706743057565,-8.400000000000034,0
2026-05-14,408.55,410.95,400.01,403.61,27077500,0.010437019266440847,411.24142857142857,405.61566666666664,411.4787777777778,4.939999999999998,10.939999999999998,404.33,411.77,410.49,0.011629187787683357,0.01854906966726248,-1.9399999999999977,1
2026-05-15,421.01,427.24,412.02,413.37,50771200,0.030498103047362574,412.3757142857143,407.22766666666666,410.86344444444444,7.639999999999986,15.220000000000027,408.55,406.89,413.07,0.016574406371496143,0.019148160711280077,7.939999999999998,1
2026-05-18,422.62,424.2,414.71,415.72,32564100,0.0038241371938909138,412.77000000000004,408.91266666666667,410.2111111111111,6.899999999999977,9.490000000000009,421.01,404.33,419.86,0.015500593526801361,0.019117048435069735,2.759999999999991,1
2026-05-19,416.52,431.76,415.59,428.97,33018700,-0.014433770290095174,413.09857142857146,410.41366666666664,409.5503333333334,-12.450000000000045,16.170000000000016,422.62,408.55,414.22,0.01566010049418478,0.019398615597013943,2.2999999999999545,0
2026-05-20,420.15,421.19,410.41,413.27,27864000,0.008715067703831738,414.29571428571427,411.96799999999996,408.9168888888889,6.8799999999999955,10.779999999999973,416.52,421.01,411.77,0.015575759531375674,0.01941613249896291,8.379999999999995,1
2026-05-21,419.09,426.34,415.71,424.75,31393500,-0.002522908485064863,416.0385714285714,413.52899999999994,408.295,-5.660000000000025,10.629999999999995,420.15,422.62,406.89,0.014453427473967752,0.01940544667990574,12.199999999999989,0
2026-05-22,418.57,424.4,416.33,419.54,22390300,-0.0012407836025674242,418.0728571428572,415.1456666666666,407.7393333333333,-0.9700000000000273,8.069999999999993,419.09,416.52,404.33,0.01395290189677669,0.019341174116855722,14.240000000000009,0
2026-05-26,416.03,419.77,413.02,416.43,30398000,-0.00606828009651915,419.14142857142855,416.2286666666667,407.2803333333334,-0.4000000000000341,6.75,418.57,420.15,408.55,0.014279555718490156,0.01844369085782551,7.479999999999961,0
2026-05-27,412.67,415.94,409.58,411.01,28901500,-0.008076340648510821,417.94999999999993,416.909,406.81399999999996,1.660000000000025,6.360000000000014,416.03,419.09,421.01,0.007668594720470318,0.018155445312672897,-8.339999999999975,0
2026-05-28,426.99,429.49,412.67,412.98,47250500,0.03470085055855767,418.57428571428574,417.46433333333334,406.47144444444444,14.009999999999991,16.819999999999993,412.67,418.57,422.62,0.0162320286560465,0.017299395623675207,4.3700000000000045,1
2026-05-29,450.24,450.33,432.36,432.55,79654400,0.05445092390922504,423.39142857142855,418.49399999999997,406.4463333333333,17.689999999999998,17.96999999999997,426.99,416.03,416.52,0.02395002575768002,0.019502179238562914,33.72000000000003,1
2026-06-01,460.52,466.32,458.27,464.84,53628900,0.022832267235252248,429.15857142857146,419.78200000000004,406.6505555555555,-4.319999999999993,8.050000000000011,450.24,412.67,420.15,0.024276188914547688,0.01984368230919975,40.370000000000005,1
2026-06-02,441.31,453.5,440.43,446.88,37036800,-0.04171371493094758,432.3328571428571,420.5866666666667,406.5635555555556,-5.569999999999993,13.069999999999993,460.52,426.99,419.09,0.03189475673463541,0.021329904842525834,22.220000000000027,0
2026-06-03,427.34,440.39,424.25,438.45,39037000,-0.03165575219233652,433.5857142857143,420.7233333333333,406.1575555555556,-11.110000000000014,16.139999999999986,441.31,450.24,418.57,0.035234918114352205,0.022055522553378653,8.769999999999982,0
2026-06-04,428.05,436.15,426.41,435.81,26899500,0.0016614405391492404,435.30285714285714,420.59233333333333,405.7114444444445,-7.759999999999991,9.739999999999952,427.34,460.52,416.03,0.035005608810479004,0.021729033453398883,12.020000000000039,1
2026-06-05,416.67,429.47,414.4,428.34,34782200,-0.026585679243079068,435.8742857142857,420.65299999999996,405.025,-11.669999999999959,15.07000000000005,428.05,441.31,412.67,0.03677696043834079,0.02102789127765232,4.0,0
2026-06-08,411.74,417.16,408.56,414.14,32086700,-0.011831905344757258,433.69571428571425,420.25433333333336,404.27222222222224,-2.3999999999999773,8.600000000000023,416.67,427.34,426.99,0.03397008411712394,0.02075725319359732,-15.25,0
2026-06-09,403.41,411.98,398.48,409.03,35317300,-0.020231213872832332,427.0057142857143,419.57133333333337,403.95922222222225,-5.619999999999948,13.5,411.74,428.05,450.24,0.021873273618598546,0.02105733349814768,-46.829999999999984,0
2026-06-10,397.36,405.04,397.16,398.55,32576000,-0.014997149302198783,417.98285714285714,418.5393333333333,403.6145555555556,-1.1899999999999977,7.8799999999999955,403.41,416.67,460.52,0.014187059196974402,0.021075011969816863,-63.15999999999997,0
2026-06-11,390.34,396.85,384.0,395.21,47224100,-0.017666599557076803,410.7014285714286,417.43266666666665,403.2684444444444,-4.8700000000000045,12.850000000000023,397.36,411.74,441.31,0.010768558901446944,0.02120260180839585,-50.97000000000003,0
2026-06-12,390.74,391.74,382.27,391.43,34865800,0.0010247476558898246,405.47285714285715,416.894,403.06122222222217,-0.6899999999999977,9.470000000000027,390.34,403.41,427.34,0.01060532759495493,0.020036119227119856,-36.599999999999966,1
2026-06-15,399.76,401.75,392.85,396.8,32266400,0.023084403951476637,401.4314285714286,416.43466666666666,402.92133333333334,2.9599999999999795,8.899999999999977,390.74,397.36,428.05,0.016742521619111318,0.02027625133341396,-28.29000000000002,1
2026-06-16,393.83,396.84,390.69,395.79,31506800,-0.01483390034020414,398.16857142857145,415.80466666666666,402.9425555555556,-1.9600000000000364,6.149999999999977,399.76,390.34,416.67,0.015280896621109085,0.020434383952353582,-22.840000000000032,0
2026-06-17,378.91,390.37,377.32,390.25,41987800,-0.03788436635096351,393.4785714285714,414.752,402.7153333333333,-11.339999999999975,13.050000000000011,393.83,390.74,411.74,0.019089905946016887,0.02148911253098349,-32.829999999999984,0
2026-06-18,379.4,381.37,373.28,377.82,59714200,0.001293183077775599,390.04857142857145,413.6296666666667,402.3556666666667,1.579999999999984,8.090000000000032,378.91,399.76,403.41,0.019209232723711205,0.02143846621394839,-24.010000000000048,1
