Date,Close,High,Low,Open,Volume,Daily_Return,MA7,MA30,MA90,Price_Difference,High_Low_Spread,Lag_1,Lag_3,Lag_7,Volatility_7,Volatility_30,Momentum_7,Trend_Label
2021-10-27,24.37,25.01,24.2,24.39,245990000,-0.01095779220779219,23.08857142857143,21.609333333333332,20.806777777777775,-0.019999999999999574,0.8100000000000023,24.64,22.65,22.15,0.027156968582414714,0.0248109839019331,2.2200000000000024,0
2021-10-28,24.86,24.87,24.44,24.8,234204000,0.02010668855149768,23.465714285714284,21.699,20.87388888888889,0.05999999999999872,0.4299999999999997,24.37,23.09,22.22,0.026777634641645183,0.024950536752368812,2.6400000000000006,1
2021-10-29,25.48,25.62,24.92,24.92,292503000,0.024939662107803743,23.958571428571425,21.820666666666668,20.946,0.5599999999999987,0.6999999999999993,24.86,24.64,22.03,0.024454013187770237,0.024950878664412045,3.4499999999999993,1
2021-11-01,25.74,25.81,25.14,25.57,265740000,0.010204081632652982,24.404285714285713,21.97733333333333,21.019333333333332,0.16999999999999815,0.6699999999999982,25.48,24.37,22.62,0.024631117256084818,0.0236856914543653,3.1199999999999974,1
2021-11-02,26.31,26.59,25.72,25.74,294112000,0.022144522144522158,24.927142857142858,22.148333333333333,21.10088888888889,0.5700000000000003,0.870000000000001,25.74,24.86,22.65,0.023383327029436966,0.023845893063228023,3.66,1
2021-11-03,26.51,26.7,26.15,26.58,239910000,0.007601672367921051,25.415714285714284,22.303,21.174111111111113,-0.06999999999999673,0.5500000000000007,26.31,25.48,23.09,0.02400689778089965,0.02337252381655581,3.4200000000000017,1
2021-11-04,29.7,31.26,27.03,27.14,1153631000,0.12033195020746879,26.138571428571428,22.546,21.282333333333334,2.5599999999999987,4.23,26.51,25.74,24.64,0.04258572246336403,0.031142686139474872,5.059999999999999,1
2021-11-05,29.65,31.3,29.31,30.09,851260000,-0.0016835016835017075,26.892857142857142,22.800666666666665,21.39033333333333,-0.4400000000000013,1.990000000000002,29.7,26.31,24.37,0.04130515068750098,0.03078404696696626,5.279999999999998,0
2021-11-08,30.7,31.0,29.81,30.05,503101000,0.03541315345699834,27.72714285714286,23.104333333333333,21.50766666666667,0.6499999999999986,1.1900000000000013,29.65,26.51,24.86,0.04115507178340064,0.03059012264452946,5.84,1
2021-11-09,30.56,32.2,29.87,32.18,646746000,-0.004560260586319237,28.452857142857145,23.435333333333336,21.62033333333333,-1.620000000000001,2.330000000000002,30.7,29.7,25.48,0.04336352521559018,0.028857902024906106,5.079999999999998,0
2021-11-10,29.36,30.75,28.68,29.26,636206000,-0.03926701570680626,28.97,23.732333333333333,21.717333333333332,0.09999999999999787,2.0700000000000003,30.56,29.65,25.74,0.05008050648228293,0.03018003628045694,3.620000000000001,0
2021-11-11,30.29,30.49,29.68,30.37,332172000,0.03167574931880108,29.538571428571426,24.05366666666667,21.828333333333333,-0.08000000000000185,0.8099999999999987,29.36,30.7,26.31,0.05027779863863003,0.03037480079936869,3.9800000000000004,1
2021-11-12,30.29,30.58,29.53,29.91,413054000,0.0,30.07857142857143,24.37433333333333,21.944555555555556,0.379999999999999,1.0499999999999972,30.29,30.56,26.51,0.050704745425715576,0.030388851584473367,3.7799999999999976,0
2021-11-15,29.93,30.54,29.15,30.45,384909000,-0.011885110597556932,30.11142857142857,24.716333333333335,22.05511111111111,-0.5199999999999996,1.3900000000000006,30.29,29.36,29.7,0.02566062804097243,0.028509030507557563,0.23000000000000043,0
2021-11-16,30.1,30.29,29.61,29.66,264484000,0.005679919812896816,30.17571428571429,25.040333333333333,22.162444444444443,0.4400000000000013,0.6799999999999997,29.93,30.29,29.65,0.025664814075811226,0.02825300838059151,0.45000000000000284,1
2021-11-17,29.17,30.41,28.71,30.32,428508000,-0.030897009966777397,29.957142857142856,25.325,22.26233333333333,-1.1499999999999986,1.6999999999999993,30.1,30.29,30.7,0.02362071399196801,0.029391613365594302,-1.5299999999999976,0
2021-11-18,31.57,32.65,31.22,32.26,781711000,0.08227631127871095,30.101428571428567,25.677000000000003,22.393444444444444,-0.6899999999999977,1.4299999999999997,29.17,29.93,30.56,0.04131384781880191,0.03206242375464366,1.0100000000000016,1
2021-11-19,32.88,32.98,31.8,32.14,533867000,0.04149509027557815,30.604285714285716,26.081000000000003,22.54877777777778,0.740000000000002,1.1799999999999962,31.57,30.1,29.36,0.03790765088704576,0.032048954506579304,3.520000000000003,1
2021-11-22,31.85,34.53,31.8,33.41,754335000,-0.03132603406326037,30.82714285714286,26.455,22.701555555555554,-1.5599999999999952,2.7300000000000004,32.88,29.17,30.29,0.04115649926792774,0.03296092475479936,1.5600000000000023,0
2021-11-23,31.64,32.25,30.78,31.43,532163000,-0.00659340659340662,31.02,26.823,22.84511111111111,0.21000000000000085,1.4699999999999989,31.85,31.57,30.29,0.041442056567722436,0.03306305481548043,1.3500000000000014,0
2021-11-24,32.57,32.75,30.83,31.36,435162000,0.029393173198482923,31.39714285714286,27.213,23.000888888888888,1.2100000000000009,1.9200000000000017,31.64,32.88,29.93,0.041249259751852424,0.033165877765561826,2.6400000000000006,1
2021-11-26,31.4,32.6,31.25,32.49,283069000,-0.03592262818544678,31.58285714285714,27.537333333333333,23.134888888888888,-1.0900000000000034,1.3500000000000014,32.57,31.85,30.1,0.045258594603024345,0.034155978037708166,1.2999999999999972,0
2021-11-29,33.27,33.3,31.93,32.26,454964000,0.05955414012738868,32.16857142857143,27.919999999999998,23.287555555555556,1.0100000000000051,1.3699999999999974,31.4,31.64,29.17,0.04557387897979509,0.03515896673876719,4.100000000000001,1
2021-11-30,32.57,33.24,31.76,33.06,622066000,-0.02103997595431328,32.31142857142857,28.267333333333333,23.43288888888889,-0.490000000000002,1.4800000000000004,33.27,32.57,31.57,0.03810021332625336,0.03575864378995159,1.0,0
2021-12-01,31.34,33.18,31.28,33.11,484368000,-0.037764814246238884,32.09142857142857,28.57133333333333,23.56744444444444,-1.7699999999999996,1.8999999999999986,32.57,31.4,32.88,0.03724230898558348,0.03692942319411908,-1.5400000000000027,0
2021-12-02,32.02,32.38,30.93,31.12,472890000,0.021697511167836733,32.11571428571428,28.904333333333334,23.710555555555555,0.9000000000000021,1.4500000000000028,31.34,33.27,31.85,0.03667830119345725,0.036756771842285194,0.1700000000000017,1
2021-12-03,30.6,32.03,30.04,31.9,544325000,-0.04434728294815745,31.967142857142857,29.170333333333335,23.834555555555553,-1.2999999999999972,1.990000000000002,32.02,32.57,31.64,0.040603672489549165,0.038117744783608236,-1.0399999999999991,0
2021-12-06,29.94,30.15,27.95,29.79,658938000,-0.021568627450980395,31.59142857142857,29.413333333333334,23.949555555555555,0.15000000000000213,2.1999999999999993,30.6,31.34,32.57,0.03809686716385681,0.03854090699695429,-2.629999999999999,0
2021-12-07,32.32,32.35,30.55,30.86,593053000,0.07949231796927184,31.722857142857144,29.721,24.092777777777776,1.4600000000000009,1.8000000000000007,29.94,32.02,31.4,0.04907795316671372,0.04055293925530892,0.9200000000000017,1
2021-12-08,31.73,32.19,31.32,31.9,475551000,-0.0182549504950495,31.502857142857145,29.957333333333334,24.226666666666667,-0.16999999999999815,0.8699999999999974,32.32,30.6,33.27,0.04315546776120269,0.039537145484798274,-1.5400000000000027,0
2021-12-09,30.39,32.1,30.33,31.63,488507000,-0.042231326820044116,31.19142857142857,30.158,24.34488888888889,-1.2399999999999984,1.7700000000000031,31.73,29.94,32.57,0.04508883452762972,0.040487760492525365,-2.1799999999999997,0
2021-12-10,30.1,31.21,29.77,31.05,488825000,-0.009542612701546533,31.014285714285716,30.332666666666668,24.454888888888885,-0.9499999999999993,1.4400000000000013,30.39,32.32,31.34,0.043314603295620445,0.04054779697430121,-1.2399999999999984,0
2021-12-13,28.07,30.2,28.03,30.15,598344000,-0.06744186046511631,30.45,30.418999999999997,24.538222222222224,-2.0799999999999983,2.169999999999998,30.1,31.73,32.02,0.047106758627281434,0.04260716979644388,-3.950000000000003,0
2021-12-14,28.25,28.59,27.16,27.61,667035000,0.006412540078375479,30.114285714285717,30.502666666666663,24.626555555555555,0.6400000000000006,1.4299999999999997,28.07,30.39,30.6,0.046219503746430836,0.042594022867742144,-2.3500000000000014,1
2021-12-15,30.36,30.4,27.75,28.31,698297000,0.07469026548672564,30.174285714285713,30.637666666666668,24.73911111111111,2.0500000000000007,2.6499999999999986,28.25,30.1,29.94,0.05570545796206034,0.044409219815560105,0.41999999999999815,1
2021-12-16,28.3,31.06,28.0,31.05,707366000,-0.06785243741765477,29.599999999999998,30.697333333333336,24.832777777777775,-2.75,3.0599999999999987,30.36,28.07,32.32,0.049624452434920203,0.046391029607215084,-4.02,0
2021-12-17,27.71,28.83,27.67,27.9,713758000,-0.020848056537102467,29.025714285714287,30.630999999999997,24.922555555555554,-0.18999999999999773,1.1599999999999966,28.3,28.25,31.73,0.04963856363689723,0.04093944023549243,-4.02,0
2021-12-20,27.63,28.06,27.06,27.22,461847000,-0.002887044388307537,28.631428571428575,30.563666666666666,25.009111111111114,0.41000000000000014,1.0,27.71,30.36,30.39,0.0486709562521804,0.04094020760985622,-2.7600000000000016,0
2021-12-21,28.98,29.03,27.31,28.28,524385000,0.04885993485342025,28.471428571428568,30.506333333333334,25.107555555555553,0.6999999999999993,1.7200000000000024,27.63,28.3,30.1,0.053977909295570094,0.04142951322961033,-1.120000000000001,1
2021-12-22,29.31,29.46,28.36,28.8,395184000,0.011387163561076545,28.648571428571426,30.46466666666667,25.212333333333333,0.509999999999998,1.1000000000000014,28.98,27.71,28.07,0.046241919580785204,0.04148585743876776,1.2399999999999984,1
2021-12-23,29.55,29.96,29.34,29.66,343022000,0.008188331627430979,28.834285714285716,30.471,25.325222222222223,-0.10999999999999943,0.620000000000001,29.31,27.63,28.25,0.04624233358169957,0.04085941331908119,1.3000000000000007,1
2021-12-27,30.85,30.99,29.55,29.57,403686000,0.04399323181049072,28.904285714285717,30.48966666666667,25.457222222222224,1.2800000000000011,1.4399999999999977,29.55,28.98,30.36,0.03980011170627478,0.04123828536659623,0.490000000000002,1
2021-12-28,30.23,31.23,29.92,31.21,420591000,-0.020097244732577017,29.18,30.48766666666667,25.57388888888889,-0.9800000000000004,1.3099999999999987,30.85,29.31,28.3,0.02797046621285098,0.041425028982075326,1.9299999999999997,0
2021-12-29,29.91,30.45,29.27,30.18,343139000,-0.010585511081706923,29.494285714285713,30.487000000000002,25.675777777777775,-0.2699999999999996,1.1799999999999997,30.23,29.55,27.71,0.026316384895221645,0.041412033440945926,2.1999999999999993,0
2021-12-30,29.49,30.36,29.45,29.73,308864000,-0.01404212637913747,29.759999999999998,30.466666666666665,25.760333333333335,-0.240000000000002,0.9100000000000001,29.91,30.85,27.63,0.02762160605407378,0.041488320888449115,1.8599999999999994,0
2021-12-31,29.32,29.94,29.24,29.58,266530000,-0.005764665988470605,29.80857142857143,30.471666666666668,25.844777777777775,-0.259999999999998,0.7000000000000028,29.49,30.23,28.98,0.021809966553325816,0.04109184912074138,0.33999999999999986,0
2022-01-03,30.03,30.61,29.69,29.72,391547000,0.024215552523874518,29.91142857142857,30.420333333333335,25.932444444444446,0.3100000000000023,0.9199999999999982,29.32,29.91,29.31,0.023235479954028346,0.03841058622517169,0.7200000000000024,1
2022-01-04,29.2,30.37,28.26,30.18,527154000,-0.0276390276390277,29.861428571428572,30.297666666666665,26.01255555555555,-0.9800000000000004,2.1099999999999994,30.03,29.49,29.55,0.025877985463017873,0.037845491491419095,-0.3500000000000014,0
2022-01-05,27.52,29.32,27.45,28.86,498064000,-0.05753424657534246,29.385714285714283,30.153333333333332,26.067666666666664,-1.3399999999999999,1.870000000000001,29.2,29.32,30.85,0.024605240158284497,0.038805943848276084,-3.330000000000002,0
2022-01-06,28.09,28.35,26.98,27.55,454186000,0.02071220930232559,29.080000000000002,30.035,26.128555555555558,0.5399999999999991,1.370000000000001,27.52,30.03,30.23,0.028045039002121658,0.03906566840941971,-2.1400000000000006,1
2022-01-07,27.16,28.33,26.97,28.05,409939000,-0.033107867568529716,28.687142857142852,29.854666666666667,26.182444444444446,-0.8900000000000006,1.3599999999999994,28.09,29.2,29.91,0.02937177346000193,0.03893248780572536,-2.75,0
2022-01-10,27.31,27.38,25.56,26.5,594681000,0.005522827687776089,28.375714285714285,29.718333333333337,26.23733333333333,0.8099999999999987,1.8200000000000003,27.16,27.52,29.49,0.03020928938804527,0.03854209247006744,-2.1799999999999997,1
2022-01-11,27.73,27.98,26.75,27.24,404089000,0.015378982057854328,28.148571428571433,29.533666666666665,26.297444444444444,0.490000000000002,1.2300000000000004,27.31,28.09,29.32,0.031779489448263004,0.03683938638931535,-1.5899999999999999,1
2022-01-12,27.91,28.5,27.52,27.98,383413000,0.006491164803461944,27.845714285714287,29.378333333333334,26.35455555555556,-0.07000000000000028,0.9800000000000004,27.73,27.16,30.03,0.029452951862801367,0.03677920824294604,-2.120000000000001,1
2022-01-13,26.49,28.39,26.41,28.29,540171000,-0.05087782156933005,27.458571428571425,29.216666666666665,26.39788888888889,-1.8000000000000007,1.9800000000000004,27.91,27.31,29.2,0.03287958370798435,0.037263129017487684,-2.710000000000001,0
2022-01-14,26.86,27.11,26.13,26.22,395832000,0.013967534918837336,27.364285714285717,29.044666666666668,26.44888888888889,0.6400000000000006,0.9800000000000004,26.49,27.73,27.52,0.02753580792355325,0.037099097498930506,-0.6600000000000001,1
2022-01-18,25.82,26.55,25.69,26.18,424270000,-0.03871928518242737,27.04,28.88533333333333,26.490222222222226,-0.35999999999999943,0.8599999999999994,26.86,27.91,28.09,0.02811534002585516,0.03690793124943982,-2.2699999999999996,0
2022-01-19,24.99,26.46,24.97,26.0,488315000,-0.03214562354763756,26.73,28.720333333333333,26.519000000000002,-1.0100000000000016,1.490000000000002,25.82,26.49,27.16,0.027994867958657854,0.03712166688677038,-2.1700000000000017,0
2022-01-20,24.07,25.5,24.0,25.22,435181000,-0.03681472589035607,26.267142857142858,28.445333333333334,26.541111111111114,-1.1499999999999986,1.5,24.99,26.86,27.31,0.028280418034477322,0.03388891037083711,-3.2399999999999984,0
2022-01-21,23.3,24.74,23.19,23.43,718958000,-0.031990029081844604,25.634285714285713,28.16433333333333,26.553666666666665,-0.129999999999999,1.5499999999999972,24.07,25.82,27.73,0.02450885943741246,0.034107272515017065,-4.43,0
2022-01-24,23.3,23.31,20.82,22.26,913982000,0.0,24.975714285714282,27.928,26.56511111111111,1.0399999999999991,2.4899999999999984,23.3,24.99,27.91,0.023239695913443412,0.03358481932936817,-4.609999999999999,0
2022-01-25,22.25,22.87,21.93,22.47,664616000,-0.04506437768240346,24.37,27.666333333333334,26.566,-0.21999999999999886,0.9400000000000013,23.3,24.07,26.49,0.022253144546194682,0.034250839104296146,-4.239999999999998,0
2022-01-26,22.7,23.98,22.23,23.17,755959000,0.020224719101123563,23.775714285714287,27.487333333333332,26.575666666666667,-0.4700000000000024,1.75,22.25,23.3,26.86,0.02409999792608538,0.03284360560003542,-4.16,1
2022-01-27,21.87,23.92,21.61,23.49,573353000,-0.036563876651982304,23.211428571428574,27.27466666666667,26.58488888888889,-1.6199999999999974,2.3100000000000023,22.7,23.3,25.82,0.023885978066586197,0.033194959967370076,-3.9499999999999993,0
2022-01-28,22.77,22.79,21.23,21.94,543774000,0.04115226337448553,22.89428571428571,27.021666666666665,26.602555555555554,0.8299999999999983,1.5599999999999987,21.87,22.25,24.99,0.033456321522873,0.030793238316842258,-2.219999999999999,1
2022-01-31,24.41,24.43,22.98,23.11,564680000,0.07202459376372422,22.942857142857143,26.892,26.630777777777777,1.3000000000000007,1.4499999999999993,22.77,22.7,24.07,0.04401752697032149,0.032147518459119596,0.33999999999999986,1
2022-02-01,24.56,25.07,23.81,25.02,518925000,0.0061450225317492245,23.12285714285714,26.787,26.654666666666667,-0.46000000000000085,1.2600000000000016,24.41,21.87,23.3,0.04126408331765019,0.03204942837725417,1.259999999999998,1
2022-02-02,25.16,25.74,24.48,25.71,543419000,0.024429967426710157,23.388571428571428,26.704666666666665,26.689666666666664,-0.5500000000000007,1.259999999999998,24.56,22.77,23.3,0.04148019761075811,0.032453511183281214,1.8599999999999994,1
2022-02-03,23.87,25.0,23.71,24.38,410178000,-0.05127186009538947,23.62,26.534333333333333,26.715000000000003,-0.509999999999998,1.2899999999999991,25.16,24.41,22.25,0.042938311899937125,0.032125081701999424,1.620000000000001,0
2022-02-04,24.24,24.56,23.56,23.9,354829000,0.015500628403854102,23.84,26.365333333333332,26.755111111111113,0.33999999999999986,1.0,23.87,24.56,22.7,0.04280382417075304,0.03221027997358456,1.5399999999999991,1
2022-02-07,24.65,25.1,24.13,24.3,376868000,0.01691419141914192,24.237142857142853,26.201999999999998,26.801777777777776,0.34999999999999787,0.9700000000000024,24.24,25.16,21.87,0.03751091163285434,0.032379986790003125,2.7799999999999976,1
2022-02-08,25.03,25.15,23.9,24.28,410359000,0.015415821501014303,24.560000000000002,26.008,26.850444444444445,0.75,1.25,24.65,23.87,22.77,0.03607933700890201,0.03127468571473915,2.2600000000000016,1
2022-02-09,26.62,26.64,25.27,25.54,524282000,0.06352377147423091,24.875714285714285,25.887666666666668,26.916555555555558,1.0800000000000018,1.370000000000001,25.03,24.24,24.41,0.03388350589916099,0.03365419682920674,2.210000000000001,1
2022-02-10,25.74,26.84,25.52,25.91,513200000,-0.03305785123966952,25.044285714285714,25.74866666666667,26.983999999999998,-0.1700000000000017,1.3200000000000003,26.62,24.65,24.56,0.03816520838416217,0.03406076212650644,1.1799999999999997,0
2022-02-11,23.87,26.07,23.7,25.83,605472000,-0.07264957264957256,24.860000000000003,25.56133333333333,27.022777777777776,-1.9599999999999973,2.370000000000001,25.74,25.03,25.16,0.04743677628620052,0.03624184237316542,-1.2899999999999991,0
2022-02-14,24.19,24.8,23.68,23.86,440424000,0.01340594888981987,24.905714285714286,25.390333333333334,27.06233333333333,0.33000000000000185,1.120000000000001,23.87,26.62,23.87,0.043393391666603165,0.036421739344361916,0.3200000000000003,1
2022-02-15,26.41,26.46,24.71,24.87,699869000,0.09177346010748239,25.215714285714284,25.269666666666662,27.122333333333337,1.5399999999999991,1.75,24.19,25.74,24.24,0.05512672243194817,0.04022784421299209,2.1700000000000017,1
2022-02-16,26.43,26.5,25.47,26.18,732676000,0.000757288905717515,25.470000000000002,25.177333333333333,27.185333333333332,0.25,1.0300000000000011,26.41,23.87,24.65,0.05530366607853837,0.039973430560061494,1.7800000000000011,1
2022-02-17,24.43,25.7,24.09,25.55,810595000,-0.07567158531971245,25.384285714285713,25.074333333333335,27.227555555555554,-1.120000000000001,1.6099999999999994,26.43,24.19,25.03,0.0641802256014913,0.04095875347899319,-0.6000000000000014,0
2022-02-18,23.57,24.91,23.03,24.59,761255000,-0.03520261972984034,24.94857142857143,24.92366666666667,27.260555555555552,-1.0199999999999996,1.879999999999999,24.43,26.41,26.62,0.05800855686661603,0.041107245860337295,-3.0500000000000007,0
2022-02-22,23.32,23.99,22.93,22.96,633422000,-0.010606703436571913,24.602857142857143,24.795666666666666,27.28777777777778,0.35999999999999943,1.0599999999999987,23.57,26.43,25.74,0.05751430751537305,0.040781010526213655,-2.419999999999998,0
2022-02-23,22.32,24.08,22.23,23.73,566511000,-0.04288164665523156,24.381428571428568,24.62933333333333,27.294999999999998,-1.4100000000000001,1.8499999999999979,23.32,24.43,23.87,0.05327875995080474,0.041334126953856756,-1.5500000000000007,0
2022-02-24,23.67,23.73,20.82,20.95,735801000,0.060483870967742,24.307142857142857,24.493999999999996,27.315888888888885,2.7200000000000024,2.91,22.32,23.57,24.19,0.05913204804110266,0.04292384284140344,-0.5199999999999996,1
2022-02-25,24.08,24.14,23.31,23.65,528866000,0.017321504013519076,23.974285714285713,24.366333333333333,27.337333333333333,0.4299999999999997,0.8300000000000018,23.67,23.32,26.41,0.04439218677874528,0.043063717231591775,-2.330000000000002,1
2022-02-28,24.31,24.59,23.63,23.92,477319000,0.009551495016611315,23.67142857142857,24.293666666666663,27.360555555555553,0.389999999999997,0.9600000000000009,24.08,22.32,26.43,0.04494290853610658,0.04220080877801456,-2.120000000000001,1
2022-03-01,23.4,24.3,23.06,24.21,412056000,-0.037433155080213915,23.524285714285714,24.17833333333333,27.37577777777778,-0.8100000000000023,1.240000000000002,24.31,23.67,24.43,0.03747592007054279,0.04257190866908204,-1.0300000000000011,0
2022-03-02,24.15,24.34,23.35,23.69,389642000,0.032051282051282055,23.607142857142858,24.122666666666667,27.392777777777777,0.4599999999999973,0.9899999999999984,23.4,24.08,23.57,0.037223426218007685,0.04252610758199674,0.5799999999999983,1
2022-03-03,23.64,24.25,23.4,24.19,365095000,-0.021118012422360166,23.65285714285714,24.07766666666667,27.403777777777773,-0.5500000000000007,0.8500000000000014,24.15,24.31,23.32,0.03811547604984501,0.042297838025492175,0.3200000000000003,0
2022-03-04,22.87,23.61,22.42,23.31,431415000,-0.03257191201353636,23.731428571428573,24.037666666666667,27.401333333333334,-0.4399999999999977,1.1899999999999977,23.64,23.4,22.32,0.03621854427665721,0.04218084954826787,0.5500000000000007,0
2022-03-07,21.29,22.96,21.27,22.75,450821000,-0.06908613904678626,23.39142857142857,23.970666666666666,27.364111111111114,-1.4600000000000009,1.6900000000000013,22.87,24.15,23.67,0.035669936112544036,0.04364366905593579,-2.3800000000000026,0
2022-03-08,21.45,22.31,20.59,21.25,557467000,0.007515265382808838,23.01571428571429,23.909,27.331666666666667,0.1999999999999993,1.7199999999999989,21.29,23.64,24.08,0.03438263837679884,0.04367759527271912,-2.629999999999999,1
2022-03-09,22.95,23.15,22.18,22.32,492742000,0.06993006993006994,22.821428571428573,23.93233333333333,27.310444444444446,0.629999999999999,0.9699999999999989,21.45,22.87,24.31,0.04705956999144344,0.044784703090079016,-1.3599999999999994,1
2022-03-10,22.59,22.72,21.82,22.46,428066000,-0.015686274509803897,22.705714285714286,23.92866666666667,27.278333333333336,0.129999999999999,0.8999999999999986,22.95,21.29,23.4,0.04542388009383667,0.044760709171662715,-0.8099999999999987,0
2022-03-11,22.03,23.08,21.98,22.95,367209000,-0.02478972996901278,22.40285714285714,23.934,27.237111111111112,-0.9199999999999982,1.0999999999999979,22.59,21.45,24.15,0.042885993078008874,0.04447245978852685,-2.1199999999999974,0
2022-03-14,21.27,22.2,21.1,21.8,385354000,-0.03449841125737638,22.064285714285717,23.884,27.181111111111115,-0.5300000000000011,1.0999999999999979,22.03,22.95,23.64,0.0436382997808935,0.04427303907939874,-2.370000000000001,0
2022-03-15,22.9,22.97,21.26,21.45,491996000,0.07663375646450395,22.068571428571428,23.833666666666666,27.140999999999995,1.4499999999999993,1.7099999999999973,21.27,22.59,22.87,0.054204416648849466,0.044543533128619396,0.029999999999997584,1
2022-03-16,24.42,24.52,23.1,23.43,671422000,0.06637554585152852,22.51571428571429,23.829,27.08233333333333,0.990000000000002,1.4199999999999982,22.9,22.03,21.29,0.04873802524737938,0.046210881288067406,3.1300000000000026,1
2022-03-17,24.69,24.77,23.83,24.05,471941000,0.011056511056511039,22.978571428571428,23.813333333333336,27.02722222222222,0.6400000000000006,0.9400000000000013,24.42,21.27,21.45,0.048595527458732475,0.046039609473314154,3.240000000000002,1
2022-03-18,26.37,26.49,24.55,24.73,730719000,0.0680437424058323,23.467142857142857,23.896666666666665,26.97911111111111,1.6400000000000006,1.9399999999999977,24.69,22.9,22.95,0.048285081965952166,0.04657340665701436,3.4200000000000017,1
2022-03-21,26.65,27.07,25.89,26.43,591727000,0.010618126659082199,24.04714285714286,23.977,26.935666666666666,0.21999999999999886,1.1799999999999997,26.37,24.42,22.59,0.04591792282075357,0.04654167773234958,4.059999999999999,1
2022-03-22,26.44,27.16,25.99,26.65,547007000,-0.007879924953095583,24.677142857142858,24.03666666666667,26.903222222222222,-0.2099999999999973,1.1700000000000017,26.65,24.69,22.03,0.04324252621993291,0.04652833124533166,4.41,0
2022-03-23,25.56,26.53,25.5,26.05,502120000,-0.03328290468986394,25.29,24.054333333333332,26.850666666666665,-0.490000000000002,1.0300000000000011,26.44,26.37,21.27,0.0429549973374877,0.04694152306307691,4.289999999999999,0
2022-03-24,28.07,28.24,25.83,26.09,877379000,0.09820031298904545,26.028571428571432,24.102666666666664,26.826,1.9800000000000004,2.41,25.56,26.65,22.9,0.04759992309915932,0.04890102021407914,5.170000000000002,1
2022-03-25,27.61,28.27,27.19,27.8,579016000,-0.01638760242251517,26.48428571428571,24.165,26.800222222222228,-0.19000000000000128,1.0799999999999983,28.07,26.44,24.42,0.04746693326558056,0.04857182009991831,3.1899999999999977,0
2022-03-28,28.13,28.17,27.12,27.67,425494000,0.018833755885548698,26.975714285714282,24.307000000000002,26.77833333333333,0.4599999999999973,1.0500000000000007,27.61,25.56,24.69,0.04735116024516055,0.046453941819986584,3.4399999999999977,1
2022-03-29,28.57,28.86,27.9,28.61,488984000,0.015641663704230407,27.29,24.453,26.771666666666665,-0.03999999999999915,0.9600000000000009,28.13,28.07,26.37,0.042315363821766094,0.04646716898664564,2.1999999999999993,1
2022-03-30,27.61,28.41,27.42,28.22,463487000,-0.03360168008400423,27.427142857142854,24.493000000000002,26.727666666666668,-0.6099999999999994,0.9899999999999984,28.57,27.61,26.65,0.045759933329700866,0.04412046445169753,0.9600000000000009,0
2022-03-31,27.2,28.16,27.19,27.7,523440000,-0.0148496921405288,27.535714285714285,24.518666666666665,26.664555555555555,-0.5,0.9699999999999989,27.61,28.13,26.44,0.046184409394176895,0.04423250049811661,0.759999999999998,0
2022-04-01,26.63,27.41,26.19,27.29,517235000,-0.02095588235294119,27.68857142857143,24.592,26.606555555555556,-0.6600000000000001,1.2199999999999989,27.2,28.57,25.56,0.044695242979200626,0.041995573506930665,1.0700000000000003,0
2022-04-04,27.28,27.48,26.53,26.65,397120000,0.024408561772437182,27.575714285714287,24.715666666666664,26.55811111111111,0.6300000000000026,0.9499999999999993,26.63,27.61,28.07,0.02290917651070572,0.04149803116833888,-0.7899999999999991,1
2022-04-05,25.85,27.24,25.74,27.17,436615000,-0.052419354838709666,27.324285714285715,24.8,26.483444444444448,-1.3200000000000003,1.5,27.28,27.2,27.61,0.029341966943933272,0.04274797238356269,-1.759999999999998,0
2022-04-06,24.33,25.22,23.93,24.86,703833000,-0.05880077369439083,26.781428571428567,24.867,26.40488888888889,-0.5300000000000011,1.2899999999999991,25.85,26.63,28.13,0.03165270039479144,0.04344702463202519,-3.8000000000000007,0
2022-04-07,24.14,24.65,23.41,24.37,557992000,-0.007809288943690824,26.148571428571426,24.88266666666667,26.303444444444445,-0.23000000000000043,1.2399999999999984,24.33,27.28,28.57,0.028305520374525082,0.04214292388277659,-4.43,0
2022-04-08,23.05,23.85,22.99,23.85,524781000,-0.04515327257663628,25.497142857142858,24.848333333333333,26.197666666666667,-0.8000000000000007,0.860000000000003,24.14,25.85,27.61,0.029315894067852472,0.042871461761750225,-4.559999999999999,0
2022-04-11,21.85,22.25,21.6,22.15,575207000,-0.05206073752711494,24.732857142857142,24.766333333333332,26.092222222222226,-0.29999999999999716,0.6499999999999986,23.05,24.33,27.2,0.030500853953586923,0.04383421974073415,-5.349999999999998,0
2022-04-12,21.44,22.66,21.22,22.47,662258000,-0.018764302059496574,23.99142857142857,24.701,25.97466666666667,-1.0299999999999976,1.4400000000000013,21.85,24.14,26.63,0.030624931891958165,0.04345405167083322,-5.189999999999998,0
2022-04-13,22.14,22.43,21.39,21.66,516943000,0.032649253731343246,23.25714285714286,24.634,25.88066666666667,0.4800000000000004,1.0399999999999991,21.44,23.05,27.28,0.033125180663153904,0.043470350134834745,-5.140000000000001,1
2022-04-14,21.19,22.71,21.1,22.44,569097000,-0.04290876242095751,22.591428571428573,24.55233333333333,25.78344444444445,-1.25,1.6099999999999994,22.14,21.85,25.85,0.03218174485018145,0.043979990130880976,-4.66,0
2022-04-18,21.72,22.02,21.02,21.14,525701000,0.025011798017932872,22.21857142857143,24.514,25.665666666666667,0.5799999999999983,1.0,21.19,21.44,24.33,0.03414811498345728,0.04388870455830262,-2.6099999999999994,1
2022-04-19,22.13,22.31,21.25,21.66,512781000,0.01887661141804789,21.931428571428572,24.541999999999998,25.559,0.46999999999999886,1.0599999999999987,21.72,22.14,24.14,0.036563904168719644,0.04207001005832626,-2.0100000000000016,1
2022-04-20,21.42,22.6,21.14,22.45,468974000,-0.032083145051965536,21.698571428571427,24.541,25.459333333333333,-1.0299999999999976,1.4600000000000009,22.13,21.19,23.05,0.034869136061681565,0.0425141272629046,-1.629999999999999,0
2022-04-21,20.12,22.33,19.94,21.64,656209000,-0.06069094304388425,21.451428571428572,24.44666666666667,25.348444444444446,-1.5199999999999996,2.389999999999997,21.42,21.72,21.85,0.03671226639219743,0.04187524610218386,-1.7300000000000004,0
2022-04-22,19.46,20.42,19.44,20.24,624713000,-0.032803180914512925,21.16857142857143,24.342333333333332,25.252777777777776,-0.7799999999999976,0.9800000000000004,20.12,22.13,21.44,0.03757222720220673,0.04216204494586931,-1.9800000000000004,0
2022-04-25,19.84,19.89,19.04,19.14,641566000,0.019527235354573434,20.84,24.269333333333336,25.159333333333336,0.6999999999999993,0.8500000000000014,19.46,21.42,22.14,0.03515690175703652,0.04218897141148329,-2.3000000000000007,1
2022-04-26,18.73,19.73,18.61,19.66,653143000,-0.05594758064516126,20.48857142857143,24.18466666666667,25.03011111111111,-0.9299999999999997,1.120000000000001,19.84,20.12,21.19,0.037169212879782816,0.04292292844578188,-2.460000000000001,0
2022-04-27,18.36,19.11,18.24,18.54,499460000,-0.019754404698344954,20.00857142857143,24.033333333333335,24.919666666666668,-0.17999999999999972,0.870000000000001,18.73,19.46,21.72,0.032292940165239294,0.040253861409680104,-3.3599999999999994,0
2022-04-28,19.72,19.98,18.43,18.91,570327000,0.07407407407407404,19.664285714285715,23.876666666666665,24.83088888888889,0.8099999999999987,1.5500000000000007,18.36,19.84,22.13,0.04747113906671109,0.040756285102643196,-2.41,1
2022-04-29,18.49,20.07,18.46,19.34,500435000,-0.06237322515212984,19.245714285714286,23.669999999999998,24.729333333333333,-0.8500000000000014,1.6099999999999994,19.72,18.73,21.42,0.050529194976837825,0.041867343440961824,-2.9300000000000033,0
2022-05-02,19.47,19.52,18.34,18.49,572049000,0.05300162249864795,19.15285714285714,23.44,24.62366666666667,0.9800000000000004,1.1799999999999997,18.49,18.36,20.12,0.05335432521989205,0.04099691277997926,-0.6500000000000021,1
2022-05-03,19.54,19.77,19.08,19.34,475751000,0.0035952747817154743,19.16428571428571,23.202999999999996,24.515111111111114,0.1999999999999993,0.6900000000000013,19.47,19.72,19.46,0.051768992599582175,0.04089945092797878,0.0799999999999983,1
2022-05-04,20.27,20.34,18.7,19.86,648855000,0.03735926305015355,19.225714285714282,22.997333333333337,24.412,0.41000000000000014,1.6400000000000006,19.54,18.49,19.84,0.05320930724747989,0.04178526745869246,0.4299999999999997,1
2022-05-05,18.79,19.87,18.44,19.81,626331000,-0.07301430685742478,19.23428571428571,22.771666666666665,24.278,-1.0199999999999996,1.4299999999999997,20.27,19.47,18.73,0.056705079071752,0.04321983702009056,0.05999999999999872,0
2022-05-06,18.62,19.45,17.94,18.68,633297000,-0.009047365620010546,19.271428571428572,22.456666666666667,24.148999999999997,-0.05999999999999872,1.509999999999998,18.79,19.54,18.36,0.05616732405100765,0.03816009772628485,0.26000000000000156,0
2022-05-09,16.9,18.2,16.78,17.98,644455000,-0.09237379162191205,18.868571428571425,22.099666666666668,24.004444444444445,-1.0800000000000018,1.4199999999999982,18.62,20.27,19.72,0.05647835776465727,0.04082927447863269,-2.8200000000000003,0
2022-05-10,17.54,18.14,16.97,17.64,761474000,0.037869822485207136,18.732857142857142,21.746666666666666,23.871666666666666,-0.10000000000000142,1.1700000000000017,16.9,18.79,18.49,0.05677210339876112,0.041521931817253,-0.9499999999999993,1
2022-05-11,16.58,17.7,16.52,17.3,670167000,-0.05473204104903084,18.319999999999997,21.346999999999998,23.73011111111111,-0.7200000000000024,1.1799999999999997,17.54,18.62,19.47,0.052528107992234806,0.04173135603840838,-2.8900000000000006,0
2022-05-12,16.13,16.74,15.52,16.17,708728000,-0.027141133896260515,17.832857142857144,20.964333333333332,23.575666666666667,-0.0400000000000027,1.2199999999999989,16.58,16.9,19.54,0.05135445266683317,0.041660009600159316,-3.41,0
2022-05-13,17.65,17.87,16.54,16.74,670437000,0.09423434593924362,17.458571428571428,20.646,23.447333333333336,0.9100000000000001,1.3300000000000018,16.13,17.54,20.27,0.06555978516110024,0.04634331496809378,-2.620000000000001,1
2022-05-16,17.21,17.74,17.06,17.46,521446000,-0.02492917847025483,17.232857142857142,20.332,23.332777777777782,-0.25,0.6799999999999997,17.65,16.58,18.79,0.06117593848286682,0.04637169416271064,-1.5799999999999983,0
2022-05-17,18.12,18.32,17.58,18.02,585830000,0.05287623474723998,17.16142857142857,20.026666666666667,23.222,0.10000000000000142,0.740000000000002,17.21,16.13,18.62,0.06578748862063881,0.047450919264440276,-0.5,1
2022-05-18,16.89,18.06,16.81,17.65,545161000,-0.06788079470198677,17.16,19.728,23.10788888888889,-0.759999999999998,1.25,18.12,17.65,16.9,0.060630695840291134,0.04798092983348266,-0.00999999999999801,0
2022-05-19,17.07,17.63,16.68,16.89,621310000,0.01065719360568382,17.092857142857145,19.485999999999997,22.994111111111113,0.17999999999999972,0.9499999999999993,16.89,17.21,17.54,0.05875118712330227,0.047365169524893974,-0.46999999999999886,1
2022-05-20,16.64,17.36,15.71,17.28,739105000,-0.02519039250146454,17.10142857142857,19.236,22.87088888888889,-0.6400000000000006,1.6499999999999986,17.07,18.12,16.58,0.05532822139393249,0.04743537547107068,0.060000000000002274,0
2022-05-23,16.85,16.86,16.13,16.23,639889000,0.012620192307692358,17.204285714285714,19.029333333333334,22.748,0.620000000000001,0.7300000000000004,16.64,16.89,16.13,0.05388353098635048,0.04718304267230837,0.7200000000000024,1
2022-05-24,16.11,16.55,15.73,16.46,588550000,-0.04391691394658765,16.984285714285715,18.838,22.63266666666667,-0.3500000000000014,0.8200000000000003,16.85,17.07,17.65,0.040436135845836704,0.04695146840059216,-1.5399999999999991,0
2022-05-25,16.92,17.06,15.95,15.97,781132000,0.05027932960893869,16.942857142857143,18.687333333333335,22.522222222222222,0.9500000000000011,1.1099999999999994,16.11,16.64,17.21,0.046101138495678276,0.04813561463502521,-0.28999999999999915,1
2022-05-26,17.8,18.04,15.97,15.99,996575000,0.05200945626477535,16.897142857142857,18.542666666666666,22.43311111111111,1.8100000000000005,2.0699999999999985,16.92,16.85,18.12,0.04593157200409463,0.04880698002706887,-0.3200000000000003,1
2022-05-27,18.75,18.82,18.05,18.13,738379000,0.05337078651685389,17.162857142857145,18.461333333333336,22.363777777777777,0.620000000000001,0.7699999999999996,17.8,16.11,16.89,0.0391456890761002,0.04946370934282633,1.8599999999999994,1
2022-05-31,18.62,19.14,18.3,18.92,664100000,-0.00693333333333328,17.384285714285713,18.358,22.303222222222225,-0.3000000000000007,0.8399999999999999,18.75,16.92,17.07,0.04007615740730807,0.04918554357362932,1.5500000000000007,0
2022-06-01,18.27,19.0,18.07,18.67,544514000,-0.018796992481203083,17.61714285714286,18.229333333333333,22.247333333333334,-0.40000000000000213,0.9299999999999997,18.62,17.8,16.64,0.039117409058275786,0.04906346415169957,1.629999999999999,0
2022-06-02,19.53,19.56,18.14,18.24,648656000,0.06896551724137939,18.0,18.16633333333333,22.205444444444446,1.2900000000000027,1.4199999999999982,18.27,18.75,16.85,0.04422783686733482,0.050599115192402004,2.6799999999999997,1
2022-06-03,18.66,19.27,18.47,19.03,598779000,-0.04454685099846395,18.364285714285717,18.117666666666665,22.165555555555553,-0.370000000000001,0.8000000000000007,19.53,18.62,16.11,0.04438500584670354,0.05003428950694511,2.5500000000000007,0
2022-06-06,18.73,19.28,18.51,19.08,422406000,0.0037513397642015157,18.62285714285714,18.093333333333337,22.121444444444442,-0.34999999999999787,0.7699999999999996,18.66,18.27,16.92,0.04291236379685599,0.04968447157327412,1.8099999999999987,1
2022-06-07,18.87,18.94,18.13,18.42,388914000,0.007474639615589993,18.775714285714287,18.061,22.08811111111111,0.4499999999999993,0.8100000000000023,18.73,19.53,17.8,0.039766616347667615,0.04956905744909407,1.0700000000000003,1
2022-06-08,18.6,19.13,18.48,18.75,363252000,-0.014308426073131932,18.754285714285714,18.056666666666665,22.041777777777778,-0.14999999999999858,0.6499999999999986,18.87,18.66,18.75,0.0351519986957083,0.04853457352191162,-0.14999999999999858,0
2022-06-09,18.0,18.88,17.99,18.43,395574000,-0.03225806451612911,18.665714285714284,18.044666666666664,21.970555555555556,-0.4299999999999997,0.8900000000000006,18.6,18.73,18.62,0.037155249162534314,0.04877122811849877,-0.620000000000001,0
2022-06-10,16.93,17.65,16.82,17.55,465248000,-0.05944444444444446,18.474285714285713,17.951666666666668,21.88577777777778,-0.620000000000001,0.8299999999999983,18.0,18.87,18.27,0.042587592271532894,0.04790925215500783,-1.3399999999999999,0
2022-06-13,15.6,16.27,15.56,15.96,604153000,-0.07855877141169522,17.912857142857142,17.855333333333338,21.779555555555554,-0.3600000000000012,0.7099999999999991,16.93,18.6,19.53,0.03220370553516285,0.048674751739890956,-3.9300000000000015,0
2022-06-14,15.79,16.02,15.37,15.69,469680000,0.012179487179487148,17.502857142857142,17.732666666666667,21.689777777777778,0.09999999999999964,0.6500000000000004,15.6,18.0,18.66,0.035256583619492146,0.04756988019341451,-2.870000000000001,1
2022-06-15,16.48,16.82,15.88,16.05,563936000,0.043698543381887354,17.181428571428572,17.63066666666667,21.603555555555555,0.4299999999999997,0.9399999999999995,15.79,16.93,18.73,0.04274951803121231,0.048400993672306616,-2.25,1
2022-06-16,15.56,15.9,15.36,15.82,545749000,-0.0558252427184466,16.708571428571428,17.473666666666666,21.502555555555556,-0.2599999999999998,0.5400000000000009,16.48,15.6,18.87,0.043322457417582165,0.04861004325864664,-3.3100000000000005,0
2022-06-17,15.84,15.95,15.29,15.6,630334000,0.017994858611825152,16.314285714285713,17.375333333333334,21.400444444444442,0.2400000000000002,0.6600000000000001,15.56,15.79,18.6,0.046429201956128964,0.047208509389558784,-2.7600000000000016,1
2022-06-21,16.52,16.96,16.36,16.43,483089000,0.042929292929292914,16.102857142857143,17.305333333333333,21.288222222222224,0.08999999999999986,0.6000000000000014,15.84,16.48,18.0,0.0519593491973894,0.047986894756211734,-1.4800000000000004,1
2022-06-22,16.31,16.62,16.14,16.18,437135000,-0.012711864406779712,16.014285714285712,17.285666666666668,21.183444444444444,0.129999999999999,0.4800000000000004,16.52,15.56,16.93,0.04750977156931849,0.044972402207033475,-0.620000000000001,0
2022-06-23,16.18,16.54,15.81,16.47,463680000,-0.007970570202329798,16.097142857142856,17.240333333333336,21.098,-0.28999999999999915,0.7299999999999986,16.31,15.84,15.6,0.03496253078243756,0.04440923037527724,0.5800000000000001,0
2022-06-24,17.08,17.09,16.26,16.45,472153000,0.05562422744128545,16.28142857142857,17.257,21.019000000000002,0.629999999999999,0.8299999999999983,16.18,16.52,15.79,0.03981244385959069,0.04443866471905979,1.2899999999999991,1
2022-06-27,16.82,17.28,16.58,17.26,427968000,-0.015222482435597075,16.330000000000002,17.279999999999998,20.912444444444446,-0.4400000000000013,0.7000000000000028,17.08,16.31,16.48,0.03817963023150274,0.044222444901532446,0.33999999999999986,0
2022-06-28,15.94,17.15,15.9,16.85,461149000,-0.052318668252080903,16.384285714285713,17.223000000000003,20.79588888888889,-0.9100000000000019,1.2499999999999982,16.82,16.18,15.56,0.037283304779998375,0.04174632142402203,0.379999999999999,0
2022-06-29,15.5,15.78,15.13,15.77,482352000,-0.027603513174403984,16.335714285714285,17.166,20.696666666666665,-0.2699999999999996,0.6499999999999986,15.94,17.08,15.84,0.03840658819416231,0.041798588810232636,-0.33999999999999986,0
2022-06-30,15.12,15.52,14.82,15.32,686070000,-0.024516129032258114,16.135714285714283,17.066,20.602777777777778,-0.20000000000000107,0.6999999999999993,15.5,16.82,16.52,0.03323102930715891,0.04062619363544536,-1.4000000000000004,0
2022-07-01,14.48,15.02,14.35,14.86,577610000,-0.04232804232804225,15.874285714285714,16.985666666666667,20.504555555555555,-0.379999999999999,0.6699999999999999,15.12,15.94,16.31,0.03515135055035482,0.03951985515014639,-1.8299999999999983,0
2022-07-05,14.92,14.93,14.02,14.14,651397000,0.030386740331491677,15.694285714285714,16.914,20.422333333333334,0.7799999999999994,0.9100000000000001,14.48,15.5,16.18,0.03940467620433,0.0399403522207668,-1.2599999999999998,1
2022-07-06,15.09,15.28,14.75,14.97,529066000,0.011394101876675599,15.41,16.862333333333332,20.327,0.11999999999999922,0.5299999999999994,14.92,15.12,17.08,0.02919053507556103,0.03982007234083134,-1.9899999999999984,1
2022-07-07,15.81,15.9,15.35,15.41,492903000,0.04771371769383702,15.265714285714285,16.827666666666666,20.235111111111113,0.40000000000000036,0.5500000000000007,15.09,14.48,16.82,0.038194893610590454,0.040782972122337426,-1.0099999999999998,1
2022-07-08,15.79,15.99,15.35,15.39,467972000,-0.0012650221378874985,15.244285714285713,16.817,20.140444444444444,0.3999999999999986,0.6400000000000006,15.81,14.92,15.94,0.032864653634321464,0.03998224710572331,-0.15000000000000036,0
2022-07-11,15.11,15.48,15.0,15.48,437321000,-0.04306523115896135,15.188571428571427,16.756666666666668,20.048333333333336,-0.370000000000001,0.4800000000000004,15.79,15.09,15.5,0.03538255537255503,0.03957301085578058,-0.39000000000000057,0
2022-07-12,15.04,15.39,14.84,15.23,458483000,-0.004632693580410343,15.177142857142856,16.664666666666665,19.947111111111113,-0.19000000000000128,0.5500000000000007,15.11,15.81,15.12,0.034153225352884356,0.03818452032137434,-0.08000000000000007,0
2022-07-13,15.12,15.33,14.42,14.55,521918000,0.005319148936170218,15.268571428571429,16.543666666666667,19.852444444444444,0.5699999999999985,0.9100000000000001,15.04,15.79,14.48,0.028680482710213326,0.036632479468487196,0.6399999999999988,1
2022-07-14,15.33,15.43,14.69,15.07,456235000,0.013888888888888945,15.327142857142857,16.434,19.768666666666668,0.2599999999999998,0.7400000000000002,15.12,15.11,14.92,0.027025329150577718,0.036820679609129124,0.41000000000000014,1
2022-07-15,15.72,15.74,15.4,15.62,385935000,0.025440313111546025,15.417142857142858,16.349,19.706777777777777,0.10000000000000142,0.33999999999999986,15.33,15.04,15.09,0.028147261924558444,0.037166480007838856,0.6300000000000008,1
2022-07-18,16.06,16.85,15.96,16.26,670517000,0.021628498727735247,15.452857142857141,16.233333333333334,19.64688888888889,-0.20000000000000284,0.8900000000000006,15.72,15.12,15.81,0.022989301397996955,0.034882193441379813,0.24999999999999822,1
2022-07-19,16.94,17.06,16.13,16.44,702366000,0.05479452054794537,15.617142857142857,16.176000000000002,19.58011111111111,0.5,0.9299999999999997,16.06,15.33,15.79,0.030126447108059038,0.03579084455288152,1.1500000000000021,1
2022-07-20,17.76,17.88,16.75,16.9,760538000,0.04840613931523024,15.995714285714286,16.143666666666668,19.526444444444447,0.860000000000003,1.129999999999999,16.94,15.72,15.11,0.021684396804880216,0.03697287324059201,2.650000000000002,1
2022-07-21,18.0,18.09,17.5,17.84,557049000,0.013513513513513424,16.41857142857143,16.11466666666667,19.48166666666667,0.16000000000000014,0.5899999999999999,17.76,16.06,15.04,0.018622260064340496,0.037037578712822324,2.960000000000001,1
2022-07-22,17.27,17.92,17.09,17.84,536671000,-0.04055555555555558,16.725714285714286,16.07033333333333,19.437222222222225,-0.5700000000000003,0.8300000000000018,18.0,16.94,15.12,0.031077923501202018,0.03766975065099549,2.1500000000000004,0
2022-07-25,16.98,17.08,16.6,16.97,480748000,-0.0167921250723798,16.96142857142857,16.03633333333333,19.371444444444446,0.010000000000001563,0.4799999999999969,17.27,17.76,15.33,0.034038178208996815,0.03734265140726094,1.6500000000000004,0
2022-07-26,16.49,16.87,16.43,16.84,397865000,-0.028857479387514838,17.071428571428573,16.021666666666665,19.283333333333335,-0.3500000000000014,0.4400000000000013,16.98,18.0,15.72,0.03734334395231031,0.036096107949695644,0.7699999999999978,0
2022-07-27,17.74,17.89,16.87,16.98,569776000,0.07580351728320195,17.31142857142857,16.093,19.20611111111111,0.759999999999998,1.0199999999999996,16.49,17.27,16.06,0.04549586561502286,0.035545316876896244,1.6799999999999997,1
2022-07-28,17.93,18.09,17.39,17.93,474646000,0.010710259301014729,17.45285714285714,16.164333333333335,19.112333333333332,0.0,0.6999999999999993,17.74,16.98,16.94,0.04201773632415348,0.03553595469880943,0.9899999999999984,1
2022-07-29,18.11,18.19,17.64,17.76,435460000,0.010039040713887323,17.502857142857145,16.218666666666667,19.017444444444447,0.34999999999999787,0.5500000000000007,17.93,16.49,17.76,0.038345852544604805,0.03479073047314113,0.34999999999999787,1
2022-08-01,18.39,18.79,17.94,18.13,476469000,0.01546107123136395,17.55857142857143,16.313000000000002,18.928,0.26000000000000156,0.8499999999999979,18.11,17.74,18.0,0.03843834204556309,0.03296955093559297,0.39000000000000057,1
2022-08-02,18.47,18.89,18.04,18.07,489527000,0.004350190320826443,17.729999999999997,16.400666666666666,18.849222222222224,0.3999999999999986,0.8500000000000014,18.39,17.93,17.27,0.03321646497631103,0.03289392842433046,1.1999999999999993,1
2022-08-03,18.84,18.92,18.09,18.13,418146000,0.02003248511099085,17.995714285714286,16.478,18.746666666666666,0.7100000000000009,0.8300000000000018,18.47,18.11,16.98,0.031095538669527828,0.03225867294275849,1.8599999999999994,1
2022-08-04,19.16,19.22,18.71,18.8,409652000,0.016985138004246298,18.377142857142854,16.573,18.65277777777778,0.35999999999999943,0.509999999999998,18.84,18.39,16.49,0.02431933379623767,0.03215542664910656,2.6700000000000017,1
2022-08-05,18.94,19.18,18.61,18.76,386068000,-0.011482254697285954,18.548571428571428,16.665,18.550666666666665,0.17999999999999972,0.5700000000000003,19.16,18.47,17.74,0.010575147150337975,0.032213919955209266,1.2000000000000028,0
2022-08-08,17.74,18.19,17.19,17.45,981859000,-0.06335797254487871,18.52142857142857,16.687,18.430333333333333,0.28999999999999915,1.0,18.94,18.84,17.93,0.029398247657163402,0.0331733889622604,-0.19000000000000128,0
2022-08-09,17.04,17.4,16.68,17.2,668263000,-0.039458850056369746,18.368571428571432,16.694333333333336,18.31288888888889,-0.16000000000000014,0.7199999999999989,17.74,19.16,18.11,0.032091037416720244,0.033889514302119624,-1.0700000000000003,0
2022-08-10,18.05,18.07,17.27,17.65,597422000,0.05927230046948366,18.319999999999997,16.764666666666667,18.211222222222222,0.40000000000000213,0.8000000000000007,17.04,18.94,18.39,0.0406168035188012,0.0339608784623387,-0.33999999999999986,1
2022-08-11,17.89,18.66,17.83,18.08,509327000,-0.008864265927977847,18.237142857142857,16.844333333333335,18.11411111111111,-0.18999999999999773,0.8300000000000018,18.05,17.74,18.47,0.04058218661514601,0.033515504909691685,-0.5799999999999983,0
2022-08-12,18.66,18.67,17.9,18.11,478094000,0.043040804918949106,18.211428571428574,16.962333333333333,18.01833333333333,0.5500000000000007,0.7700000000000031,17.89,17.04,18.84,0.0436534232674324,0.033709855823434845,-0.17999999999999972,1
2022-08-15,18.98,19.11,18.56,18.65,457666000,0.017148981779206873,18.185714285714287,17.112333333333332,17.942,0.33000000000000185,0.5500000000000007,18.66,18.05,19.16,0.04366443621697663,0.03239659046727692,-0.17999999999999972,1
2022-08-16,18.83,19.09,18.45,18.87,451240000,-0.00790305584826144,18.169999999999998,17.242666666666665,17.88088888888889,-0.0400000000000027,0.6400000000000006,18.98,17.89,18.94,0.04353555821346945,0.03230216886761025,-0.11000000000000298,0
2022-08-17,18.28,18.64,18.09,18.47,446799000,-0.029208709506107128,18.247142857142858,17.349,17.81577777777778,-0.18999999999999773,0.5500000000000007,18.83,18.66,17.74,0.036618710791002235,0.03301047906314922,0.5400000000000027,0
2022-08-18,18.72,18.81,18.13,18.25,415447000,0.024070021881837947,18.487142857142857,17.446,17.767666666666667,0.46999999999999886,0.6799999999999997,18.28,18.98,17.04,0.031288320248311456,0.032277470691819424,1.6799999999999997,1
2022-08-19,17.8,18.47,17.72,18.36,441588000,-0.04914529914529905,18.451428571428572,17.512999999999998,17.722666666666665,-0.5599999999999987,0.75,18.72,18.83,18.05,0.03193366515687915,0.03380433862658068,-0.25,0
2022-08-22,16.99,17.51,16.92,17.44,409593000,-0.045505617977528216,18.322857142857142,17.575666666666667,17.673222222222225,-0.45000000000000284,0.5899999999999999,17.8,18.28,17.89,0.03606760477038317,0.0339255957483971,-0.9000000000000021,0
2022-08-23,17.13,17.42,16.92,16.94,369986000,0.008240141259564484,18.104285714285712,17.645333333333333,17.617555555555555,0.18999999999999773,0.5,16.99,18.72,18.66,0.029931271589362148,0.03388786349979566,-1.5300000000000011,1
2022-08-24,17.17,17.36,16.85,16.96,522661000,0.002335084646818605,17.845714285714283,17.713666666666665,17.572888888888887,0.21000000000000085,0.509999999999998,17.13,17.8,18.98,0.02800877170409531,0.0338909714921285,-1.8099999999999987,1
2022-08-25,17.86,17.9,16.79,16.8,770691000,0.04018637157833417,17.707142857142856,17.798,17.529999999999998,1.0599999999999987,1.1099999999999994,17.17,16.99,18.83,0.034793297139889594,0.03446928861481438,-0.9699999999999989,1
2022-08-26,16.21,17.87,16.19,17.81,769127000,-0.09238521836506151,17.41142857142857,17.814333333333334,17.464222222222222,-1.5999999999999979,1.6799999999999997,17.86,17.13,18.28,0.04741687944730436,0.03860445181735058,-2.0700000000000003,0
2022-08-29,15.76,16.29,15.72,15.98,496132000,-0.02776064157927212,16.98857142857143,17.804333333333332,17.401333333333334,-0.22000000000000064,0.5699999999999985,16.21,17.17,18.72,0.044037987752926736,0.03878020580480483,-2.959999999999999,0
2022-08-30,15.43,15.99,15.14,15.92,530181000,-0.020939086294416247,16.65,17.754,17.349222222222224,-0.4900000000000002,0.8499999999999996,15.76,17.86,17.8,0.042558863893592654,0.037542509832481454,-2.370000000000001,0
2022-08-31,15.05,15.5,14.92,15.34,573710000,-0.02462734931950739,16.372857142857143,17.663666666666664,17.30022222222222,-0.28999999999999915,0.5800000000000001,15.43,16.21,16.99,0.04113243718047719,0.03648605415097762,-1.9399999999999977,0
2022-09-01,13.9,14.34,13.23,14.17,1178865000,-0.07641196013289038,15.911428571428571,17.526999999999997,17.234222222222225,-0.2699999999999996,1.1099999999999994,15.05,15.76,17.13,0.04494108572278395,0.0385599167318047,-3.2299999999999986,0
2022-09-02,13.61,14.13,13.55,14.06,743157000,-0.020863309352518053,15.402857142857144,17.404999999999998,17.177333333333333,-0.45000000000000107,0.5800000000000001,13.9,15.43,17.17,0.04310483647388443,0.03814944295935155,-3.5600000000000023,0
2022-09-06,13.43,13.74,13.31,13.69,535751000,-0.01322556943423951,14.770000000000001,17.28666666666667,17.122555555555554,-0.2599999999999998,0.4299999999999997,13.61,15.05,17.86,0.031359515031917196,0.03812405697064307,-4.43,0
2022-09-07,13.68,13.8,13.31,13.53,512657000,0.018615040953090096,14.40857142857143,17.192999999999998,17.055444444444444,0.15000000000000036,0.4900000000000002,13.43,13.9,16.21,0.028023139022527774,0.03817404505862711,-2.530000000000001,1
2022-09-08,13.96,13.97,13.34,13.43,624873000,0.020467836257310024,14.151428571428571,17.067,17.00511111111111,0.5300000000000011,0.6300000000000008,13.68,13.61,15.76,0.032414849650760066,0.035342184698411105,-1.799999999999999,1
2022-09-09,14.35,14.44,14.09,14.12,486612000,0.027936962750716245,13.997142857142858,16.947666666666667,16.94822222222222,0.23000000000000043,0.34999999999999964,13.96,13.43,15.43,0.03637475120292929,0.03578276068079097,-1.08,1
2022-09-12,14.47,14.51,14.16,14.33,484159000,0.008362369337979163,13.914285714285715,16.826333333333334,16.89188888888889,0.14000000000000057,0.34999999999999964,14.35,13.68,15.05,0.03625982140086997,0.03575690907341531,-0.5800000000000001,1
2022-09-13,13.1,13.89,13.07,13.77,714956000,-0.09467864547339329,13.799999999999999,16.65,16.81222222222222,-0.6699999999999999,0.8200000000000003,14.47,13.96,13.9,0.04239290970343261,0.038905821048830204,-0.8000000000000007,0
2022-09-14,13.1,13.26,12.88,13.22,588507000,0.0,13.727142857142857,16.471,16.749000000000002,-0.120000000000001,0.379999999999999,13.1,14.35,13.61,0.042039107806190044,0.038856668977143585,-0.5099999999999998,0
2022-09-15,12.9,13.2,12.76,12.98,523625000,-0.01526717557251903,13.65142857142857,16.273,16.685444444444446,-0.08000000000000007,0.4399999999999995,13.1,14.47,13.43,0.042115564058182405,0.038428003930338656,-0.5299999999999994,0
2022-09-16,13.17,13.18,12.59,12.71,670751000,0.0209302325581395,13.578571428571427,16.073333333333334,16.644000000000002,0.4599999999999991,0.5899999999999999,12.9,13.1,13.68,0.04233984888785402,0.038536552175031054,-0.5099999999999998,1
2022-09-19,13.35,13.43,12.98,12.98,569685000,0.013667425968109317,13.491428571428573,15.887,16.597444444444445,0.3699999999999992,0.4499999999999993,13.17,13.1,13.96,0.041742421806074556,0.038813617979644215,-0.6100000000000012,1
2022-09-20,13.14,13.45,13.02,13.18,524818000,-0.015730337078651617,13.31857142857143,15.733666666666666,16.559222222222225,-0.03999999999999915,0.4299999999999997,13.35,12.9,14.35,0.039076753215037535,0.03754490932086082,-1.209999999999999,0
2022-09-21,13.23,14.0,13.08,13.18,807679000,0.00684931506849314,13.141428571428571,15.606666666666666,16.527,0.05000000000000071,0.9199999999999999,13.14,13.17,14.47,0.03895051222453117,0.03721083461583263,-1.2400000000000002,1
2022-09-22,12.53,13.12,12.4,13.04,759162000,-0.05291005291005299,13.06,15.422666666666666,16.47011111111111,-0.5099999999999998,0.7199999999999989,13.23,13.35,13.1,0.024813412797427357,0.0358593815958343,-0.5700000000000003,0
2022-09-23,12.49,12.58,12.23,12.39,663309000,-0.003192338387869046,12.972857142857142,15.242666666666667,16.41766666666667,0.09999999999999964,0.34999999999999964,12.53,13.14,13.1,0.024712479056240765,0.0358884389350801,-0.6099999999999994,0
2022-09-26,12.2,12.63,12.18,12.46,547343000,-0.023218574859887983,12.872857142857143,15.027333333333333,16.35188888888889,-0.26000000000000156,0.45000000000000107,12.49,13.23,12.9,0.025355826305168888,0.03444087867624454,-0.7000000000000011,0
2022-09-27,12.38,12.7,12.23,12.48,553854000,0.014754098360655861,12.760000000000002,14.807333333333332,16.30177777777778,-0.09999999999999964,0.46999999999999886,12.2,12.53,13.17,0.024279883278111494,0.034370158474352305,-0.7899999999999991,1
2022-09-28,12.7,12.79,12.32,12.38,542414000,0.025848142164781783,12.667142857142855,14.603000000000002,16.25322222222222,0.3199999999999985,0.46999999999999886,12.38,12.49,13.35,0.026474065508298686,0.035105953317330706,-0.6500000000000004,1
2022-09-29,12.19,12.47,11.92,12.42,532763000,-0.040157480314960615,12.531428571428572,14.4,16.20377777777778,-0.23000000000000043,0.5500000000000007,12.7,12.2,13.14,0.029305825473628484,0.035342545918330893,-0.9500000000000011,0
2022-09-30,12.11,12.6,12.05,12.06,565638000,-0.006562756357670228,12.371428571428572,14.179666666666666,16.15111111111111,0.049999999999998934,0.5499999999999989,12.19,12.38,13.23,0.028423695844625816,0.0346770797211542,-1.120000000000001,0
2022-10-03,12.48,12.65,12.08,12.32,547478000,0.030553261767134684,12.364285714285714,14.002333333333333,16.110777777777777,0.16000000000000014,0.5700000000000003,12.11,12.7,12.53,0.025896397168754665,0.034928869824525956,-0.049999999999998934,1
2022-10-04,13.13,13.19,12.85,12.85,584182000,0.05208333333333336,12.455714285714285,13.873666666666667,16.06866666666667,0.28000000000000114,0.33999999999999986,12.48,12.19,12.49,0.03245750736688993,0.03614276290672558,0.6400000000000006,1
2022-10-05,13.18,13.29,12.59,12.88,507131000,0.0038080731150037265,12.595714285714285,13.741999999999999,16.017333333333333,0.29999999999999893,0.6999999999999993,13.13,12.11,12.2,0.02966595117658249,0.03608350957793863,0.9800000000000004,1
2022-10-06,13.1,13.62,13.07,13.19,644157000,-0.0060698027314112345,12.698571428571428,13.606333333333334,15.954555555555556,-0.08999999999999986,0.5499999999999989,13.18,12.48,12.38,0.03031925044067024,0.03603268068323119,0.7199999999999989,0
2022-10-07,12.05,12.64,11.99,12.47,672478000,-0.08015267175572512,12.605714285714285,13.412666666666667,15.881555555555554,-0.41999999999999993,0.6500000000000004,13.1,13.13,12.7,0.043720316160034335,0.03712695200637847,-0.6499999999999986,0
2022-10-10,11.64,12.09,11.38,12.01,698699000,-0.03402489626556018,12.527142857142858,13.260333333333334,15.807888888888886,-0.3699999999999992,0.7099999999999991,12.05,13.18,12.19,0.04299218201517933,0.03420207310670024,-0.5499999999999989,0
2022-10-11,11.56,11.82,11.26,11.53,667482000,-0.006872852233676982,12.448571428571428,13.120333333333333,15.719333333333333,0.030000000000001137,0.5600000000000005,11.64,13.1,12.11,0.042993298982153275,0.03404867798967616,-0.5499999999999989,0
2022-10-12,11.47,11.71,11.32,11.55,492590000,-0.007785467128027669,12.304285714285715,12.988333333333333,15.639444444444447,-0.08000000000000007,0.39000000000000057,11.56,12.05,12.48,0.03992100038071731,0.03398360053643412,-1.0099999999999998,0
2022-10-13,11.93,12.05,10.79,10.94,850103000,0.04010462074978196,12.132857142857143,12.884333333333332,15.563888888888888,0.9900000000000002,1.2600000000000016,11.47,11.64,13.13,0.03689376770703624,0.03501380439395344,-1.200000000000001,1
2022-10-14,11.2,12.08,11.18,12.03,713432000,-0.06119027661357925,11.85,12.794333333333332,15.478666666666665,-0.8300000000000001,0.9000000000000004,11.93,11.56,13.18,0.04000683545192292,0.03407246872458485,-1.9800000000000004,0
2022-10-17,11.86,11.92,11.49,11.49,580774000,0.05892857142857145,11.672857142857142,12.735999999999999,15.40377777777778,0.3699999999999992,0.4299999999999997,11.2,11.47,13.1,0.05055093761989493,0.03598130256191242,-1.2400000000000002,1
2022-10-18,11.94,12.46,11.59,12.31,659362000,0.006745362563237781,11.657142857142857,12.686333333333332,15.336444444444444,-0.370000000000001,0.870000000000001,11.86,11.93,12.05,0.041097150478037955,0.03598828197421136,-0.11000000000000121,1
2022-10-19,12.02,12.32,11.8,11.85,523131000,0.006700167504187611,11.71142857142857,12.630999999999998,15.281888888888888,0.16999999999999993,0.5199999999999996,11.94,11.2,11.64,0.03836614820039414,0.03580368273025557,0.379999999999999,1
2022-10-20,12.16,12.74,12.08,12.08,652398000,0.011647254575707202,11.797142857142857,12.571,15.243666666666668,0.08000000000000007,0.6600000000000001,12.02,11.86,11.56,0.03802929660017096,0.035634452764897066,0.5999999999999996,1
2022-10-21,12.44,12.47,11.86,12.07,609494000,0.02302631578947363,11.935714285714285,12.507333333333333,15.206444444444447,0.3699999999999992,0.6100000000000012,12.16,11.94,11.47,0.037695779368844835,0.035493866816362234,0.9699999999999989,1
2022-10-24,12.57,12.68,12.03,12.48,517457000,0.010450160771704244,12.027142857142858,12.443999999999999,15.163,0.08999999999999986,0.6500000000000004,12.44,12.02,11.93,0.03565893962769121,0.03552123508337744,0.6400000000000006,1
2022-10-25,13.23,13.27,12.63,12.66,505482000,0.05250596658711218,12.317142857142857,12.448333333333332,15.13711111111111,0.5700000000000003,0.6399999999999988,12.57,12.16,11.2,0.022234226140941848,0.032619029218465566,2.030000000000001,1
2022-10-26,12.86,13.35,12.68,12.84,532953000,-0.027966742252456614,12.459999999999999,12.440333333333335,15.104,0.019999999999999574,0.6699999999999999,13.23,12.44,11.86,0.02386687307680826,0.03304103061647864,1.0,0
2022-10-27,13.14,13.8,13.09,13.6,583113000,0.02177293934681191,12.631428571428572,12.448333333333332,15.066444444444445,-0.4599999999999991,0.7100000000000009,12.86,12.57,11.94,0.024004275869969866,0.03314596480735137,1.200000000000001,1
2022-10-28,13.8,13.82,13.03,13.07,521040000,0.050228310502283116,12.885714285714286,12.469333333333335,15.038555555555556,0.7300000000000004,0.7900000000000009,13.14,13.23,12.02,0.02721540928193742,0.03416477558008101,1.7800000000000011,1
2022-10-31,13.46,13.8,13.26,13.74,486341000,-0.024637681159420277,13.071428571428571,12.473,15.008333333333333,-0.27999999999999936,0.5400000000000009,13.8,12.86,12.16,0.03213511329311895,0.03443337215021591,1.3000000000000007,0
2022-11-01,13.51,13.89,13.49,13.78,432817000,0.0037147102526002176,13.224285714285713,12.485333333333333,14.968666666666667,-0.2699999999999996,0.40000000000000036,13.46,13.14,12.44,0.03216557384206156,0.034293212210740054,1.0700000000000003,1
2022-11-02,13.19,14.17,13.18,13.82,672628000,-0.023686158401184328,13.312857142857144,12.484,14.928333333333333,-0.6300000000000008,0.9900000000000002,13.51,13.8,12.57,0.03495840718982668,0.03458089560246193,0.6199999999999992,0
2022-11-03,13.39,13.75,12.92,13.01,500065000,0.015163002274450423,13.335714285714287,12.512666666666666,14.9,0.3800000000000008,0.8300000000000001,13.19,13.46,13.23,0.02932702081890933,0.033160915095377975,0.16000000000000014,1
2022-11-04,14.12,14.19,13.66,13.95,612576000,0.054518297236743736,13.515714285714285,12.567,14.884666666666668,0.16999999999999993,0.5299999999999994,13.39,13.51,12.86,0.031714285762995474,0.03445301975420651,1.2599999999999998,1
2022-11-07,14.27,14.38,13.92,14.19,410061000,0.0106232294617564,13.677142857142858,12.636000000000001,14.875222222222222,0.08000000000000007,0.46000000000000085,14.12,13.19,13.14,0.03153053638093477,0.03406004446295875,1.129999999999999,1
2022-11-08,14.57,14.85,14.18,14.76,595292000,0.02102312543798183,13.787142857142857,12.709000000000001,14.876222222222221,-0.1899999999999995,0.6699999999999999,14.27,13.39,13.8,0.027322958991277332,0.03413600638819108,0.7699999999999996,1
2022-11-09,13.74,14.18,13.72,14.13,454414000,-0.056966369251887444,13.827142857142857,12.743666666666666,14.863111111111111,-0.39000000000000057,0.4599999999999991,14.57,14.12,13.46,0.035336491959411596,0.03578518969685018,0.27999999999999936,0
2022-11-10,15.71,15.73,14.51,14.76,700819000,0.14337700145560411,14.141428571428573,12.860999999999999,14.87,0.9500000000000011,1.2200000000000006,13.74,14.27,13.51,0.06360742012437438,0.043057725130791445,2.200000000000001,1
2022-11-11,16.29,16.35,15.44,15.77,655487000,0.036919159770846484,14.584285714285715,13.000333333333336,14.875333333333334,0.5199999999999996,0.9100000000000019,15.71,14.57,13.19,0.06015535996157393,0.04323443139498052,3.0999999999999996,1
2022-11-14,16.25,16.5,15.88,16.18,527852000,-0.0024554941682012983,14.992857142857142,13.126000000000001,14.880444444444445,0.07000000000000028,0.6199999999999992,16.29,13.74,13.39,0.061338766400201465,0.043134773311192635,2.8599999999999994,0
2022-11-15,16.62,16.96,16.34,16.68,545876000,0.02276923076923083,15.35,13.242333333333335,14.897222222222222,-0.05999999999999872,0.620000000000001,16.25,15.71,14.12,0.060353047535231526,0.04246885408116079,2.5000000000000018,1
2022-11-16,15.87,16.32,15.83,16.12,649547000,-0.045126353790613825,15.578571428571431,13.331999999999999,14.906444444444444,-0.2500000000000018,0.4900000000000002,16.62,16.29,14.27,0.06598809381284981,0.04358978055003916,1.5999999999999996,0
2022-11-17,15.64,16.23,15.5,15.68,710894000,-0.014492753623188321,15.731428571428571,13.416666666666666,14.912222222222224,-0.03999999999999915,0.7300000000000004,15.87,16.25,14.57,0.06699187136349286,0.04370457138604571,1.0700000000000003,0
2022-11-18,15.37,15.96,15.08,15.93,492072000,-0.01726342710997451,15.964285714285714,13.527333333333335,14.912666666666665,-0.5600000000000005,0.8800000000000008,15.64,16.62,13.74,0.06164682600241725,0.04080037143595352,1.629999999999999,0
2022-11-21,15.28,15.44,15.04,15.11,404739000,-0.005855562784645404,15.902857142857142,13.648666666666665,14.907777777777778,0.16999999999999993,0.40000000000000036,15.37,15.87,15.71,0.026997846121488617,0.04009590313674994,-0.4300000000000015,0
2022-11-22,16.0,16.02,15.08,15.29,472866000,0.04712041884816758,15.861428571428572,13.796666666666665,14.90711111111111,0.7100000000000009,0.9399999999999995,15.28,15.64,16.29,0.029693107439933218,0.04052819831879646,-0.28999999999999915,1
2022-11-23,16.48,16.49,16.01,16.06,427241000,0.030000000000000027,15.894285714285715,13.963666666666667,14.902000000000001,0.4200000000000017,0.4799999999999969,16.0,15.37,16.25,0.03208189489601945,0.04049004471656329,0.23000000000000043,1
2022-11-25,16.23,16.45,16.13,16.28,167934000,-0.01516990291262136,15.838571428571429,14.107000000000001,14.884999999999998,-0.05000000000000071,0.3200000000000003,16.48,15.28,16.62,0.031271576918289454,0.04046813223019523,-0.39000000000000057,0
2022-11-28,15.79,16.32,15.69,15.99,303741000,-0.027110289587184304,15.827142857142857,14.26,14.860444444444443,-0.20000000000000107,0.6300000000000008,16.23,16.0,15.87,0.02776893869464996,0.03881395119806255,-0.08000000000000007,0
2022-11-29,15.6,15.89,15.48,15.79,298384000,-0.012032932235592117,15.821428571428571,14.384666666666668,14.841888888888889,-0.1899999999999995,0.41000000000000014,15.79,16.48,15.64,0.02757571014020227,0.038023297319182074,-0.040000000000000924,0
2022-11-30,16.89,16.89,15.56,15.66,565298000,0.08269230769230776,16.038571428571426,14.549666666666667,14.840888888888887,1.2300000000000004,1.33,15.6,16.23,15.37,0.04017483714435578,0.04027117301982929,1.5200000000000014,1
2022-12-01,17.1,17.23,16.6,16.96,470977000,0.012433392539964526,16.298571428571428,14.719000000000001,14.847666666666669,0.14000000000000057,0.629999999999999,16.89,15.79,15.28,0.039234214739356225,0.04025687647326289,1.820000000000002,1
2022-12-02,16.84,16.9,16.41,16.62,371389000,-0.01520467836257319,16.41857142857143,14.875,14.837666666666667,0.21999999999999886,0.48999999999999844,17.1,15.6,16.0,0.038279511800343606,0.04057544313055308,0.8399999999999999,0
2022-12-05,16.57,16.96,16.44,16.64,352255000,-0.01603325415676957,16.431428571428572,15.012666666666666,14.822555555555555,-0.07000000000000028,0.5199999999999996,16.84,16.89,16.48,0.03781014732209933,0.040824680417114734,0.08999999999999986,0
2022-12-06,15.95,16.54,15.78,16.49,352694000,-0.037417018708509414,16.391428571428573,15.125333333333334,14.798555555555554,-0.5399999999999991,0.7599999999999998,16.57,17.1,16.23,0.04028586472685202,0.04174671889077378,-0.28000000000000114,0
2022-12-07,16.08,16.15,15.63,15.74,372388000,0.008150470219435674,16.43285714285714,15.220333333333334,14.772888888888888,0.3399999999999981,0.5199999999999978,15.95,16.84,15.79,0.03877116474739819,0.04092206597270748,0.28999999999999915,1
2022-12-08,17.13,17.14,15.92,16.24,515456000,0.06529850746268662,16.65142857142857,15.362666666666666,14.758000000000001,0.8900000000000006,1.2200000000000006,16.08,16.57,15.6,0.04431879621806284,0.04168578898210351,1.5299999999999994,1
2022-12-09,16.96,17.54,16.94,17.12,465338000,-0.009924109748978293,16.66142857142857,15.49,14.737111111111112,-0.16000000000000014,0.5999999999999979,17.13,15.95,16.89,0.03282291744387722,0.04178946616275894,0.07000000000000028,0
2022-12-12,17.5,17.5,16.76,17.0,457328000,0.031839622641509385,16.71857142857143,15.613333333333333,14.718666666666667,0.5,0.7399999999999984,16.96,16.08,17.1,0.03471056833481218,0.04130128603370665,0.3999999999999986,1
2022-12-13,18.03,18.75,17.67,18.49,656589000,0.03028571428571435,16.888571428571428,15.765666666666668,14.708555555555556,-0.4599999999999973,1.0799999999999983,17.5,17.13,16.84,0.03481428767491985,0.04098672733639854,1.1900000000000013,1
2022-12-14,17.63,18.21,17.38,17.95,496888000,-0.022185246810870887,17.04,15.903,14.707333333333331,-0.3200000000000003,0.8300000000000018,18.03,16.96,16.57,0.03565769594165563,0.041406791402675454,1.0599999999999987,0
2022-12-15,16.91,17.28,16.66,17.11,478542000,-0.04083947816222342,17.177142857142858,16.027,14.70588888888889,-0.1999999999999993,0.620000000000001,17.63,17.5,15.95,0.03642244896685926,0.04199806062990514,0.9600000000000009,0
2022-12-16,16.53,17.0,16.37,16.83,478232000,-0.02247191011235949,17.24142857142857,16.131666666666668,14.689,-0.29999999999999716,0.629999999999999,16.91,18.03,16.08,0.03832338262119438,0.042372299088759904,0.45000000000000284,0
2022-12-19,16.22,16.57,16.11,16.54,354039000,-0.01875378100423486,17.111428571428572,16.201666666666668,14.670444444444444,-0.3200000000000003,0.46000000000000085,16.53,17.63,17.13,0.027866336758755748,0.04169788903322833,-0.9100000000000001,0
2022-12-20,16.05,16.27,15.82,16.03,403260000,-0.010480887792848222,16.981428571428573,16.261,14.641444444444444,0.019999999999999574,0.4499999999999993,16.22,16.91,16.96,0.02787541676483284,0.041785374809363784,-0.9100000000000001,0
2022-12-21,16.46,16.59,16.07,16.08,325025000,0.025545171339563872,16.832857142857144,16.323999999999998,14.613444444444445,0.38000000000000256,0.5199999999999996,16.05,16.53,17.5,0.026459906805379012,0.04185424820877605,-1.0399999999999991,1
2022-12-22,15.3,16.1,14.85,16.06,565045000,-0.07047387606318348,16.442857142857143,16.375999999999998,14.57422222222222,-0.759999999999998,1.2500000000000018,16.46,16.22,18.03,0.029166459866496356,0.042608457597599556,-2.7300000000000004,0
2022-12-23,15.17,15.3,14.85,15.16,349326000,-0.008496732026143842,16.091428571428573,16.358,14.539666666666665,0.009999999999999787,0.45000000000000107,15.3,16.05,17.63,0.029669756246754928,0.03360179916852046,-2.459999999999999,0
2022-12-27,14.09,15.07,14.02,15.04,464902000,-0.07119314436387608,15.688571428571427,16.284666666666666,14.48822222222222,-0.9499999999999993,1.0500000000000007,15.17,16.46,16.91,0.03484444583991857,0.03519607829721084,-2.8200000000000003,0
2022-12-28,14.0,14.23,13.85,13.9,351066000,-0.006387508871540089,15.327142857142857,16.209666666666667,14.445999999999998,0.09999999999999964,0.3800000000000008,14.09,15.3,16.53,0.035576156745198526,0.03519657049762956,-2.530000000000001,0
2022-12-29,14.57,14.65,14.2,14.37,354923000,0.04071428571428574,15.09142857142857,16.141333333333332,14.41911111111111,0.20000000000000107,0.45000000000000107,14.0,15.17,16.22,0.04304522805035713,0.03582047876442027,-1.6499999999999986,1
2022-12-30,14.58,14.6,14.2,14.3,310490000,0.0006863417982154967,14.881428571428572,16.098333333333336,14.390777777777778,0.27999999999999936,0.40000000000000036,14.57,14.09,16.05,0.043419822274290185,0.03496245747765183,-1.4700000000000006,1
2023-01-03,14.28,14.96,14.06,14.82,401277000,-0.020576131687242847,14.570000000000002,16.053,14.358666666666666,-0.5400000000000009,0.9000000000000004,14.58,14.0,16.46,0.03999551597872646,0.03505353178068744,-2.1800000000000015,0
2023-01-04,14.72,14.82,14.21,14.53,431324000,0.03081232492997208,14.487142857142857,16.031333333333333,14.32377777777778,0.19000000000000128,0.6099999999999994,14.28,14.57,15.3,0.03661263184436352,0.0354490330124845,-0.5800000000000001,1
2023-01-05,14.23,14.53,14.12,14.46,389168000,-0.033288043478260886,14.352857142857143,15.996333333333332,14.30177777777778,-0.23000000000000043,0.41000000000000014,14.72,14.58,15.17,0.03818170687719109,0.03593352772291652,-0.9399999999999995,0
2023-01-06,14.83,14.98,14.0,14.44,405044000,0.04216444132115247,14.45857142857143,15.957333333333334,14.291444444444444,0.39000000000000057,0.9800000000000004,14.23,14.28,14.09,0.030383991677579873,0.0357118200814299,0.7400000000000002,1
2023-01-09,15.59,16.02,15.11,15.25,504231000,0.051247471341874566,14.685714285714287,15.927666666666665,14.293222222222223,0.33999999999999986,0.9100000000000001,14.83,14.72,14.0,0.033562845775132605,0.03656702569377693,1.5899999999999999,1
2023-01-10,15.87,15.93,15.44,15.47,384101000,0.01796023091725461,14.87142857142857,15.915666666666668,14.302333333333333,0.3999999999999986,0.4900000000000002,15.59,14.23,14.57,0.03182324788282464,0.036630972417233,1.299999999999999,1
2023-01-11,15.97,15.99,15.53,15.8,353285000,0.00630119722747331,15.069999999999999,15.921666666666669,14.325333333333333,0.16999999999999993,0.46000000000000085,15.87,14.83,14.58,0.03153901409196158,0.036287791728283676,1.3900000000000006,1
2023-01-12,16.47,16.6,15.46,16.06,551409000,0.031308703819661755,15.382857142857144,15.950666666666667,14.357111111111113,0.41000000000000014,1.1400000000000006,15.97,15.59,14.28,0.028100551718870024,0.03661183981443076,2.1899999999999995,1
2023-01-13,16.86,16.88,16.13,16.24,447287000,0.02367941712204011,15.688571428571427,15.949666666666667,14.395222222222221,0.620000000000001,0.75,16.47,15.87,14.72,0.027810277367222268,0.03361495829230767,2.139999999999999,1
2023-01-17,17.66,17.69,16.86,16.86,511102000,0.0474495848161329,16.178571428571427,15.968333333333332,14.439444444444444,0.8000000000000007,0.8300000000000018,16.86,15.97,14.23,0.01652051096641847,0.03463637742073701,3.4299999999999997,1
2023-01-18,17.34,17.83,17.24,17.63,439624000,-0.018120045300113265,16.537142857142857,15.985000000000001,14.477,-0.28999999999999915,0.5899999999999999,17.66,16.47,14.83,0.024014262098495793,0.034689367390651024,2.51,0
2023-01-19,16.73,17.16,16.69,17.0,452932000,-0.03517877739331023,16.7,15.990333333333334,14.503444444444444,-0.2699999999999996,0.46999999999999886,17.34,16.86,15.59,0.02872545989162352,0.0351965975284107,1.1400000000000006,0
2023-01-20,17.8,17.82,16.79,16.97,564967000,0.06395696353855351,16.975714285714286,16.052,14.540444444444443,0.8300000000000018,1.0300000000000011,16.73,17.66,15.87,0.03524195300748258,0.036239721801275354,1.9300000000000015,1
2023-01-23,19.15,19.2,17.78,18.02,655163000,0.07584269662921336,17.43,16.154333333333334,14.607666666666667,1.129999999999999,1.4199999999999982,17.8,17.34,15.97,0.041030925720444075,0.03852310405518491,3.179999999999998,1
2023-01-24,19.22,19.45,18.78,18.79,496204000,0.0036553524804177695,17.822857142857142,16.224,14.675666666666666,0.4299999999999997,0.6699999999999982,19.15,16.73,16.47,0.0418686423782183,0.036891314045827725,2.75,1
2023-01-25,19.28,19.33,18.54,18.87,449537000,0.0031217481789803476,18.16857142857143,16.301333333333336,14.746555555555556,0.41000000000000014,0.7899999999999991,19.22,17.8,16.86,0.042532112808050485,0.03679214897180256,2.4200000000000017,1
2023-01-26,19.76,20.12,19.24,19.66,489535000,0.024896265560165994,18.46857142857143,16.37666666666667,14.819777777777777,0.10000000000000142,0.8800000000000026,19.28,19.15,17.66,0.04093979491153921,0.03663860127225846,2.1000000000000014,1
2023-01-27,20.32,20.58,19.36,19.42,542142000,0.028340080971659853,18.89428571428571,16.453,14.897222222222222,0.8999999999999986,1.2199999999999989,19.76,19.22,17.34,0.0379784571644331,0.03659345528184107,2.9800000000000004,1
2023-01-30,19.12,20.1,19.11,19.91,488611000,-0.059055118110236185,19.235714285714288,16.502666666666666,14.963666666666667,-0.7899999999999991,0.990000000000002,20.32,19.28,16.73,0.0446202575176625,0.038113080228079396,2.3900000000000006,0
2023-01-31,19.49,19.64,18.91,19.13,498017000,0.01935146443514631,19.47714285714286,16.58866666666667,15.033222222222223,0.35999999999999943,0.7300000000000004,19.12,19.76,17.8,0.040289441518537424,0.03727839367305628,1.6899999999999977,1
2023-02-01,20.9,21.15,19.57,19.65,660477000,0.0723447922011288,19.72714285714286,16.734333333333332,15.126222222222221,1.25,1.5799999999999983,19.49,20.32,19.15,0.03940269857326248,0.03881976160626926,1.75,1
2023-02-02,21.66,21.9,20.65,20.95,564276000,0.03636363636363644,20.075714285714287,16.915666666666667,15.228111111111112,0.7100000000000009,1.25,20.9,19.12,19.22,0.040011826174005546,0.038785825320951456,2.4400000000000013,1
2023-02-03,21.05,21.7,20.74,20.95,429366000,-0.0281625115420129,20.32857142857143,17.082333333333334,15.326444444444443,0.10000000000000142,0.9600000000000009,21.66,19.49,19.28,0.04353118156342995,0.03924594486810926,1.7699999999999996,0
2023-02-06,21.04,21.52,20.74,20.76,452197000,-0.0004750593824228771,20.51142857142857,17.235000000000003,15.422666666666666,0.2799999999999976,0.7800000000000011,21.05,20.9,19.76,0.04347450911588664,0.0391740524000366,1.2799999999999976,0
2023-02-07,22.12,22.21,21.1,21.33,664150000,0.051330798479087544,20.768571428571427,17.462333333333333,15.527333333333333,0.7900000000000027,1.1099999999999994,21.04,21.66,20.32,0.04590761575285395,0.03690372553330132,1.8000000000000007,1
2023-02-08,22.16,22.83,21.96,22.34,559651000,0.0018083182640144279,21.20285714285714,17.695333333333334,15.63811111111111,-0.17999999999999972,0.8699999999999974,22.12,21.05,19.12,0.034246744040609206,0.03674415724633697,3.039999999999999,1
2023-02-09,22.29,22.97,22.07,22.56,523876000,0.005866425992779738,21.602857142857143,17.968666666666664,15.751222222222223,-0.2699999999999996,0.8999999999999986,22.16,21.04,19.49,0.03478216427515577,0.03314665805405028,2.8000000000000007,1
2023-02-10,21.22,22.03,20.76,21.64,550737000,-0.04800358905338718,21.648571428571433,18.209333333333333,15.848333333333333,-0.4200000000000017,1.2699999999999996,22.29,22.12,20.9,0.03425989312625455,0.03493550441074776,0.3200000000000003,0
2023-02-13,21.74,22.0,20.92,21.49,474919000,0.024505183788878396,21.659999999999997,18.448333333333334,15.943999999999997,0.25,1.0799999999999983,21.22,22.16,21.66,0.03256786660235141,0.034640918211431525,0.0799999999999983,1
2023-02-14,22.92,23.0,21.32,21.53,675474000,0.05427782888684468,21.927142857142858,18.726333333333333,16.052222222222223,1.3900000000000006,1.6799999999999997,21.74,22.29,21.05,0.035081398645193766,0.03530587475432362,1.870000000000001,1
2023-02-15,22.71,22.8,22.06,22.5,420575000,-0.009162303664921502,22.16571428571429,19.007333333333335,16.159,0.21000000000000085,0.740000000000002,22.92,21.22,21.04,0.03577438926017369,0.03496027245950592,1.6700000000000017,0
2023-02-16,21.95,22.5,21.88,22.08,412026000,-0.03346543372963459,22.141428571428573,19.24833333333333,16.269000000000002,-0.129999999999999,0.620000000000001,22.71,21.74,22.12,0.0343754053358454,0.03598664773105212,-0.1700000000000017,0
2023-02-17,21.34,21.69,20.93,21.58,465888000,-0.0277904328018223,22.024285714285718,19.485333333333333,16.37677777777778,-0.23999999999999844,0.7600000000000016,21.95,22.92,22.16,0.03582038282870555,0.03575061299979957,-0.8200000000000003,0
2023-02-21,20.61,21.45,20.57,20.95,410015000,-0.03420805998125588,21.784285714285712,19.678,16.477333333333334,-0.33999999999999986,0.879999999999999,21.34,22.71,22.29,0.03700960183876546,0.03640472596066474,-1.6799999999999997,0
2023-02-22,20.71,21.06,20.38,20.66,513184000,0.004852013585638109,21.71142857142857,19.848666666666666,16.58,0.05000000000000071,0.6799999999999997,20.61,21.95,21.22,0.033300560877747666,0.03564278012462251,-0.509999999999998,1
2023-02-23,23.61,23.84,22.97,23.39,1117995000,0.1400289715113471,21.97857142857143,20.10666666666667,16.70977777777778,0.21999999999999886,0.870000000000001,20.71,21.34,21.74,0.06383245031427423,0.0428147874729037,1.870000000000001,1
2023-02-24,23.23,23.42,22.9,23.17,589716000,-0.016094875052943627,22.02285714285714,20.348666666666663,16.843444444444444,0.05999999999999872,0.5200000000000031,23.61,20.61,22.92,0.061851565329777765,0.04315099239246475,0.3099999999999987,0
2023-02-27,23.45,23.83,23.4,23.62,452994000,0.009470512268618118,22.128571428571426,20.58133333333333,16.97222222222222,-0.1700000000000017,0.4299999999999997,23.23,20.71,22.71,0.061618751428178895,0.043023208970813125,0.7399999999999984,1
2023-02-28,23.16,23.77,23.15,23.32,455963000,-0.012366737739872033,22.30142857142857,20.791333333333334,17.096888888888888,-0.16000000000000014,0.620000000000001,23.45,23.61,21.95,0.0598507416630944,0.04320935604314167,1.2100000000000009,0
2023-03-01,22.65,23.2,22.46,23.14,460026000,-0.022020725388601104,22.488571428571426,20.957666666666668,17.215,-0.490000000000002,0.7399999999999984,23.16,23.23,21.34,0.05929473280271434,0.04307834047351595,1.3099999999999987,0
2023-03-02,23.26,23.33,22.38,22.44,389415000,0.026931567328918455,22.867142857142856,21.155000000000005,17.338333333333335,0.8200000000000003,0.9499999999999993,22.65,23.45,20.61,0.05612401415947897,0.04287801460538091,2.650000000000002,1
2023-03-03,23.84,23.85,23.08,23.27,412393000,0.0249355116079105,23.314285714285713,21.392,17.465,0.5700000000000003,0.7700000000000031,23.26,23.16,20.71,0.0558114285342868,0.042056893425448785,3.129999999999999,1
2023-03-06,23.5,24.19,23.43,23.84,437429000,-0.014261744966442946,23.298571428571424,21.581999999999997,17.586444444444446,-0.33999999999999986,0.7600000000000016,23.84,22.65,23.61,0.02055647846359111,0.041185367060827816,-0.10999999999999943,0
2023-03-07,23.24,24.08,23.19,23.55,515154000,-0.011063829787234108,23.3,21.71833333333333,17.697666666666667,-0.3100000000000023,0.889999999999997,23.5,23.26,23.23,0.020000237014430253,0.039419938839808266,0.00999999999999801,0
2023-03-08,24.13,24.15,23.38,23.44,513573000,0.03829604130808953,23.397142857142857,21.881999999999998,17.82288888888889,0.6899999999999977,0.7699999999999996,23.24,23.84,23.45,0.024647081873485768,0.03981791796141362,0.6799999999999997,1
2023-03-09,23.39,24.4,23.34,24.13,501257000,-0.030667219229175237,23.430000000000003,22.019,17.936777777777777,-0.7399999999999984,1.0599999999999987,24.13,23.5,23.16,0.02751903788196912,0.04044395348624833,0.23000000000000043,0
2023-03-10,22.92,23.58,22.68,23.36,474866000,-0.020094057289439884,23.46857142857143,22.124333333333333,18.03811111111111,-0.4399999999999977,0.8999999999999986,23.39,23.24,22.65,0.027250153221518168,0.04059999550293987,0.2700000000000031,0
2023-03-13,22.92,23.25,22.25,22.71,421890000,0.0,23.419999999999998,22.211,18.143222222222224,0.21000000000000085,1.0,22.92,24.13,23.26,0.02494932633209098,0.040384832950240715,-0.33999999999999986,0
2023-03-14,24.01,24.17,23.41,23.45,474910000,0.0475567190226876,23.444285714285716,22.374000000000002,18.25988888888889,0.5600000000000023,0.7600000000000016,22.92,23.39,23.84,0.029957355149536787,0.03924839373771291,0.1700000000000017,1
2023-03-15,24.18,24.24,23.31,23.71,524486000,0.007080383173677557,23.541428571428575,22.530333333333335,18.381999999999998,0.46999999999999886,0.9299999999999997,24.01,22.92,23.5,0.02917411424105546,0.03919354069908088,0.6799999999999997,1
2023-03-16,25.49,25.54,23.85,23.98,583253000,0.054177005789908965,23.86285714285714,22.683333333333334,18.516444444444446,1.509999999999998,1.6899999999999977,24.18,22.92,23.24,0.03349527245757141,0.03829391178654283,2.25,1
2023-03-17,25.67,26.34,25.62,25.93,848547000,0.007061592781483063,24.082857142857144,22.817,18.644777777777776,-0.259999999999998,0.7199999999999989,25.49,24.01,24.13,0.031715765143708156,0.03789927074442545,1.5400000000000027,1
2023-03-20,25.85,25.97,25.08,25.56,432747000,0.007012076353720285,24.434285714285714,22.977,18.773444444444443,0.2900000000000027,0.8900000000000006,25.67,24.18,23.39,0.026583894797103862,0.03733480393111607,2.460000000000001,1
2023-03-21,26.15,26.34,25.33,26.13,547408000,0.0116054158607349,24.895714285714288,23.147333333333332,18.90211111111111,0.019999999999999574,1.0100000000000016,25.85,25.49,22.92,0.021971885216983417,0.037310769428519415,3.229999999999997,1
2023-03-22,26.41,27.53,26.18,26.37,797295000,0.00994263862332702,25.39428571428571,23.29033333333333,19.04288888888889,0.03999999999999915,1.3500000000000014,26.15,25.67,22.92,0.020813673977204877,0.03640443273971752,3.4899999999999984,1
2023-03-23,27.14,27.44,26.64,27.06,564889000,0.027641045058689907,25.84142857142857,23.45633333333333,19.169888888888888,0.08000000000000185,0.8000000000000007,26.41,25.85,24.01,0.017639187807049175,0.03659367012106154,3.129999999999999,1
2023-03-24,26.72,27.11,26.3,26.98,454920000,-0.01547531319086226,26.204285714285714,23.604,19.285777777777778,-0.26000000000000156,0.8099999999999987,27.14,26.15,24.18,0.02154834680186694,0.03683121311243795,2.539999999999999,0
2023-03-27,26.48,26.94,26.31,26.78,361026000,-0.008982035928143655,26.345714285714287,23.779333333333334,19.399444444444445,-0.3000000000000007,0.6300000000000026,26.72,26.41,25.49,0.014151818294139038,0.035497973236074225,0.990000000000002,0
2023-03-28,26.36,26.46,25.8,26.39,356104000,-0.004531722054380702,26.444285714285712,23.933333333333334,19.507666666666665,-0.030000000000001137,0.6600000000000001,26.48,27.14,25.67,0.014615354932827753,0.03542795340447924,0.6899999999999977,0
2023-03-29,26.93,27.02,26.54,26.77,393694000,0.021623672230652514,26.59857142857143,24.067,19.630555555555556,0.16000000000000014,0.4800000000000004,26.36,26.72,25.85,0.016103634465063976,0.034413140526347356,1.0799999999999983,1
2023-03-30,27.33,27.44,27.05,27.17,364516000,0.01485332343111766,26.767142857142858,24.221,19.760444444444442,0.1599999999999966,0.39000000000000057,26.93,26.48,26.15,0.01633799009298792,0.03432907525502313,1.1799999999999997,1
2023-03-31,27.72,27.78,27.05,27.08,433933000,0.014270032930845247,26.954285714285714,24.413333333333338,19.897666666666666,0.6400000000000006,0.7300000000000004,27.33,26.36,26.41,0.016572847492442647,0.03349772746653372,1.3099999999999987,1
2023-04-03,27.91,27.94,27.28,27.45,398716000,0.006854256854256901,27.064285714285717,24.632333333333335,20.038,0.46000000000000085,0.6600000000000001,27.72,26.93,27.14,0.013919809799706999,0.03279959595836937,0.7699999999999996,1
2023-04-04,27.4,27.94,27.25,27.91,368592000,-0.018273020422787587,27.16142857142857,24.858666666666668,20.16466666666667,-0.5100000000000016,0.6900000000000013,27.91,27.33,26.72,0.014598729670002636,0.03219106891685018,0.6799999999999997,0
2023-04-05,26.83,26.94,26.34,26.77,515015000,-0.020802919708029208,27.21142857142857,25.062666666666665,20.279666666666667,0.05999999999999872,0.6000000000000014,27.4,27.72,26.48,0.01682283093612386,0.03267007478937989,0.34999999999999787,0
2023-04-06,26.98,27.02,26.37,26.53,397654000,0.005590756615728742,27.3,25.175,20.39911111111111,0.4499999999999993,0.6499999999999986,26.83,27.91,26.36,0.01660148904146252,0.021363390973787998,0.620000000000001,1
2023-04-10,27.52,27.56,26.61,26.77,395279000,0.02001482579688655,27.384285714285713,25.318,20.529444444444444,0.75,0.9499999999999993,26.98,27.4,26.93,0.016316568114487555,0.02116914999212911,0.5899999999999999,1
2023-04-11,27.11,27.73,27.07,27.67,314378000,-0.014898255813953494,27.35285714285714,25.44,20.65733333333333,-0.5600000000000023,0.6600000000000001,27.52,26.83,27.33,0.016651276642318656,0.021491673084542473,-0.21999999999999886,0
2023-04-12,26.44,27.41,26.39,27.31,446259000,-0.024714127628181416,27.169999999999998,25.549333333333333,20.763444444444445,-0.8699999999999974,1.0199999999999996,27.11,26.98,27.72,0.017189848816294255,0.021950387769623148,-1.2799999999999976,0
2023-04-13,26.41,26.83,26.28,26.68,353615000,-0.001134644478063583,26.955714285714286,25.674666666666663,20.866888888888887,-0.2699999999999996,0.5499999999999972,26.44,27.52,27.91,0.01639418583129469,0.021399431450553744,-1.5,0
2023-04-14,26.7,26.83,26.17,26.45,395660000,0.01098068913290417,26.85571428571429,25.78933333333333,20.976444444444446,0.25,0.6599999999999966,26.41,27.11,27.4,0.016981332476264765,0.021039900465066583,-0.6999999999999993,1
2023-04-17,26.95,26.95,26.38,26.51,321471000,0.009363295880149813,26.872857142857146,25.893000000000004,21.09177777777778,0.4399999999999977,0.5700000000000003,26.7,26.44,26.83,0.01565387903234995,0.020716116099534814,0.120000000000001,1
2023-04-18,27.61,28.05,27.3,27.48,604812000,0.024489795918367353,26.962857142857143,26.030000000000005,21.221333333333334,0.129999999999999,0.75,26.95,26.41,26.98,0.018072262445835107,0.020726907102836346,0.629999999999999,1
2023-04-19,27.87,27.94,27.18,27.3,358660000,0.009416877942774415,27.012857142857143,26.18433333333333,21.352333333333334,0.5700000000000003,0.7600000000000016,27.61,26.7,27.52,0.01685555479863812,0.020495368936913266,0.3500000000000014,1
2023-04-20,27.05,27.97,26.94,27.61,427713000,-0.02942231790455688,27.004285714285718,26.28166666666667,21.462555555555554,-0.5599999999999987,1.0299999999999976,27.87,26.95,27.11,0.019892519938543272,0.02057607305231069,-0.05999999999999872,0
2023-04-21,27.06,27.13,26.67,26.9,345103000,0.00036968576709789315,27.092857142857138,26.404,21.57477777777778,0.16000000000000014,0.4599999999999973,27.05,27.61,26.44,0.016738431353377263,0.019525409921625065,0.6199999999999974,1
2023-04-24,26.99,27.31,26.62,26.96,339282000,-0.0025868440502586952,27.175714285714285,26.539666666666665,21.680222222222223,0.029999999999997584,0.6899999999999977,27.06,27.87,26.41,0.01681337670881037,0.01900254070270625,0.5799999999999983,0
2023-04-25,26.19,27.19,26.17,27.02,378527000,-0.02964060763245636,27.102857142857143,26.648666666666667,21.770888888888887,-0.8299999999999983,1.0199999999999996,26.99,27.05,26.7,0.0203339949398963,0.020047525238722608,-0.509999999999998,0
2023-04-26,26.9,27.27,26.65,26.95,406337000,0.027109583810614634,27.095714285714283,26.745,21.87388888888889,-0.05000000000000071,0.620000000000001,26.19,27.06,26.95,0.02300150040989921,0.018850250421214902,-0.05000000000000071,1
2023-04-27,27.17,27.44,26.57,27.31,377161000,0.010037174721189708,27.032857142857143,26.844666666666665,21.98788888888889,-0.13999999999999702,0.870000000000001,26.9,26.99,27.61,0.02099396629536612,0.01887480683740579,-0.4399999999999977,1
2023-04-28,27.69,27.7,27.02,27.17,292216000,0.019138755980861226,27.00714285714286,26.918,22.11188888888889,0.5199999999999996,0.6799999999999997,27.17,26.19,27.87,0.02217156421340812,0.016615923551529264,-0.17999999999999972,1
2023-05-01,28.85,29.0,27.72,27.78,570329000,0.041892379920548936,27.264285714285712,27.024,22.252222222222223,1.0700000000000003,1.2800000000000011,27.69,26.9,27.05,0.023144455323757068,0.018070194884608575,1.8000000000000007,1
2023-05-02,28.15,28.78,28.03,28.62,402730000,-0.024263431542461102,27.419999999999998,27.100666666666665,22.386666666666667,-0.4700000000000024,0.75,28.85,27.17,27.06,0.026402813141730104,0.018782059810823808,1.0899999999999999,0
2023-05-03,27.75,28.31,27.42,27.78,383387000,-0.014209591474245066,27.52857142857143,27.154,22.51211111111111,-0.030000000000001137,0.889999999999997,28.15,27.69,26.99,0.027377019732464262,0.01896541087381009,0.7600000000000016,0
2023-05-04,27.51,27.8,27.18,27.59,321850000,-0.008648648648648592,27.717142857142857,27.19066666666667,22.647777777777776,-0.0799999999999983,0.620000000000001,27.75,28.85,26.19,0.02397906199169963,0.019005872681708478,1.3200000000000003,0
2023-05-05,28.62,28.7,27.67,27.77,361494000,0.04034896401308613,27.962857142857143,27.240000000000002,22.79722222222222,0.8500000000000014,1.0299999999999976,27.51,28.15,26.9,0.026219942541022282,0.019735384931841623,1.7200000000000024,1
2023-05-08,29.09,29.16,28.29,28.46,344979000,0.016422082459818268,28.23714285714286,27.319000000000003,22.96388888888889,0.629999999999999,0.870000000000001,28.62,27.75,27.17,0.026365180693781833,0.019622635206546116,1.9199999999999982,1
2023-05-09,28.51,28.91,28.39,28.84,314869000,-0.019938123066345764,28.354285714285716,27.386666666666667,23.125111111111114,-0.3299999999999983,0.5199999999999996,29.09,27.51,27.69,0.028204507442422675,0.01995292872111491,0.8200000000000003,0
2023-05-10,28.83,29.05,28.4,28.95,369350000,0.011224131883549517,28.351428571428567,27.468999999999998,23.283555555555555,-0.120000000000001,0.6500000000000021,28.51,28.62,28.85,0.023404181638236904,0.01996453986052477,-0.020000000000003126,1
2023-05-11,28.52,28.89,28.19,28.84,322149000,-0.010752688172042967,28.404285714285717,27.522000000000002,23.438444444444446,-0.3200000000000003,0.6999999999999993,28.83,29.09,28.15,0.02153970191953736,0.019807747300256327,0.370000000000001,0
2023-05-12,28.28,28.72,27.99,28.47,274222000,-0.008415147265077085,28.479999999999997,27.55366666666667,23.593999999999994,-0.18999999999999773,0.7300000000000004,28.52,28.51,27.75,0.02091228462544977,0.01974673625033734,0.5300000000000011,0
2023-05-15,28.89,28.91,28.09,28.45,293926000,0.021570014144271548,28.677142857142858,27.592666666666666,23.751444444444445,0.4400000000000013,0.8200000000000003,28.28,28.83,27.51,0.021249316157616542,0.019955596476343773,1.379999999999999,1
2023-05-16,29.15,29.81,28.77,28.78,449405000,0.008999653859466874,28.752857142857142,27.634,23.917222222222225,0.36999999999999744,1.0399999999999991,28.89,28.52,28.62,0.015672263622242815,0.019979013797263235,0.5299999999999976,1
2023-05-17,30.12,30.14,29.37,29.52,432535000,0.03327615780445978,28.9,27.724666666666668,24.087111111111113,0.6000000000000014,0.7699999999999996,29.15,28.28,29.09,0.019055769485631376,0.020419036837166747,1.0300000000000011,1
2023-05-18,31.61,31.76,30.26,30.35,748725000,0.04946879150066396,29.342857142857145,27.884,24.265111111111107,1.259999999999998,1.5,30.12,28.89,28.51,0.021706344567803744,0.02155079260761815,3.099999999999998,1
2023-05-19,31.2,31.52,30.85,31.47,473908000,-0.012970578930718133,29.68142857142857,28.02466666666667,24.435444444444446,-0.2699999999999996,0.6699999999999982,31.61,29.15,28.83,0.024200641264307196,0.021818900412506708,2.370000000000001,0
2023-05-22,31.11,31.46,30.62,30.84,372000000,-0.00288461538461538,30.051428571428573,28.144333333333332,24.603666666666673,0.2699999999999996,0.8399999999999999,31.2,30.12,28.52,0.023149504460507547,0.02167866408843159,2.59,0
2023-05-23,30.63,31.22,30.57,30.94,356253000,-0.01542912246865961,30.38714285714286,28.261666666666663,24.761,-0.3100000000000023,0.6499999999999986,31.11,31.61,28.28,0.024338092833604524,0.021695103465069972,2.349999999999998,0
2023-05-24,30.48,30.54,29.74,30.15,721419000,-0.004897159647404459,30.61428571428571,28.396333333333335,24.91233333333333,0.33000000000000185,0.8000000000000007,30.63,31.2,28.89,0.02460696853751783,0.021073923076734002,1.5899999999999999,0
2023-05-25,37.9,39.4,36.56,38.44,1543911000,0.2434383202099737,31.864285714285717,28.779333333333337,25.13722222222222,-0.5399999999999991,2.8399999999999963,30.48,31.11,29.15,0.09241288004508183,0.04832299005293169,8.75,1
2023-05-26,38.87,39.09,37.47,37.81,714397000,0.025593667546174113,33.114285714285714,29.185,25.37644444444444,1.0599999999999952,1.6200000000000045,37.9,30.63,30.12,0.09257132127524975,0.04837434381265381,8.749999999999996,1
2023-05-30,40.03,41.85,39.87,40.51,923401000,0.029843066632364388,34.317142857142855,29.621,25.63533333333333,-0.4799999999999969,1.980000000000004,38.87,30.48,31.61,0.09254564946341752,0.04845687977749022,8.420000000000002,1
2023-05-31,37.76,40.21,37.74,39.41,1002580000,-0.05670746939795161,35.254285714285714,29.959333333333333,25.85711111111111,-1.6499999999999986,2.469999999999999,40.03,37.9,31.2,0.09784775308645643,0.05010685020458867,6.559999999999999,0
2023-06-01,39.69,39.97,38.26,38.41,635873000,0.051112288135593216,36.48,30.353333333333335,26.08533333333333,1.2800000000000011,1.7100000000000009,37.76,38.87,31.11,0.0968286483617755,0.05062043219451229,8.579999999999998,1
2023-06-02,39.25,40.42,38.98,40.01,482731000,-0.011085915847820553,37.71142857142858,30.759999999999998,26.30788888888889,-0.759999999999998,1.4400000000000048,39.69,40.03,30.63,0.09643491351424928,0.050199881152544396,8.620000000000001,0
2023-06-05,39.09,39.48,38.63,38.83,396094000,-0.004076433121019021,38.941428571428574,31.161,26.528,0.2600000000000051,0.8499999999999943,39.25,37.76,30.48,0.0963722556329227,0.05024676920117554,8.610000000000003,0
2023-06-06,38.57,39.08,38.07,38.75,388729000,-0.0133026349449988,39.037142857142854,31.547000000000004,26.737000000000005,-0.17999999999999972,1.009999999999998,39.09,39.69,37.9,0.03564884942126353,0.050402419399495114,0.6700000000000017,0
2023-06-07,37.4,39.42,37.28,38.84,511998000,-0.030334456831734552,38.82714285714285,31.920666666666666,26.926777777777776,-1.4400000000000048,2.1400000000000006,38.57,39.25,38.87,0.03602064600622539,0.050422851432297716,-1.4699999999999989,0
2023-06-08,38.44,38.79,37.43,37.65,417772000,0.02780748663101602,38.6,32.30533333333333,27.141444444444446,0.7899999999999991,1.3599999999999994,37.4,39.09,40.03,0.03569986552475625,0.050429721321255616,-1.5900000000000034,1
2023-06-09,38.69,39.63,38.49,38.96,427717000,0.006503642039542144,38.73285714285714,32.68933333333334,27.354777777777777,-0.2700000000000031,1.1400000000000006,38.44,38.57,37.76,0.02757840814755233,0.05044118691396205,0.9299999999999997,1
2023-06-12,39.41,39.45,38.54,39.12,388701000,0.01860945980873608,38.69285714285714,33.08,27.56044444444444,0.28999999999999915,0.9100000000000037,38.69,37.4,39.69,0.019973242934074945,0.05043904279702866,-0.28000000000000114,1
2023-06-13,40.94,41.02,39.66,40.11,613208000,0.038822633849276866,38.93428571428571,33.483,27.774666666666665,0.8299999999999983,1.3600000000000065,39.41,38.44,39.25,0.02417255450207343,0.05038136259850181,1.6899999999999977,1
2023-06-14,42.91,42.92,40.47,40.74,740465000,0.048119198827552494,39.480000000000004,33.975,28.017555555555553,2.1699999999999946,2.450000000000003,40.94,38.69,39.09,0.028162919133027545,0.05027642555555564,3.819999999999993,1
2023-06-15,42.57,43.2,42.07,42.52,568622000,-0.00792356094150539,40.05142857142857,34.469,28.256777777777774,0.04999999999999716,1.1300000000000026,42.91,39.41,38.57,0.027363913876065293,0.05016238333980697,4.0,0
2023-06-16,42.61,43.64,42.58,43.37,655709000,0.0009396288466055708,40.79571428571428,34.97233333333334,28.484444444444442,-0.759999999999998,1.0600000000000023,42.57,40.94,37.4,0.020517475837482917,0.050033861146535574,5.210000000000001,1
2023-06-20,43.72,43.9,42.59,42.91,451153000,0.02605022295235859,41.55,35.47566666666667,28.723999999999997,0.8100000000000023,1.3099999999999952,42.61,42.91,38.44,0.02040193031860174,0.0498595410184528,5.280000000000001,1
2023-06-21,42.96,43.53,42.0,43.42,551603000,-0.017383348581884676,42.160000000000004,35.938,28.953666666666667,-0.46000000000000085,1.5300000000000011,43.72,42.57,38.69,0.02439496763506069,0.05021411937111831,4.270000000000003,0
2023-06-22,42.94,43.34,42.15,42.17,417737000,-0.0004655493482309852,42.66428571428571,36.419000000000004,29.194999999999997,0.769999999999996,1.1900000000000048,42.96,42.61,39.41,0.025023451841601645,0.04988270438211814,3.530000000000001,0
2023-06-23,42.13,42.73,41.93,42.38,358140000,-0.01886353050768503,42.83428571428571,36.86233333333333,29.421555555555557,-0.25,0.7999999999999972,42.94,43.72,40.94,0.02443804837591166,0.05025864698945328,1.1900000000000048,0
2023-06-26,40.55,42.68,40.02,42.38,594322000,-0.03750296700688358,42.497142857142855,37.26333333333333,29.617444444444445,-1.8300000000000054,2.6599999999999966,42.13,42.96,42.91,0.01988505968738921,0.050942328542584785,-2.3599999999999994,0
2023-06-27,41.79,41.86,40.37,40.72,462175000,0.03057953144266343,42.385714285714286,37.71366666666666,29.829444444444444,1.0700000000000003,1.490000000000002,40.55,42.94,42.57,0.024629668346328345,0.05087634713599896,-0.7800000000000011,1
2023-06-28,41.04,41.76,40.44,40.58,582639000,-0.017946877243359655,42.16142857142857,38.11866666666667,30.041555555555558,0.46000000000000085,1.3200000000000003,41.79,42.13,42.61,0.025232748000063473,0.05119035400573773,-1.5700000000000003,0
2023-06-29,40.74,41.52,40.52,41.48,380514000,-0.007309941520467767,41.73571428571428,38.505,30.257111111111108,-0.7399999999999949,1.0,41.04,40.55,43.72,0.021202623394726478,0.05131978974509102,-2.979999999999997,0
2023-06-30,42.22,42.47,41.42,41.6,501148000,0.03632793323514965,41.63,38.908333333333324,30.497222222222224,0.6199999999999974,1.0499999999999972,40.74,41.79,42.96,0.026956598410715044,0.05136566427756903,-0.740000000000002,1
2023-07-03,42.33,42.81,42.12,42.43,198209000,0.002605400284225472,41.542857142857144,39.26566666666667,30.737444444444442,-0.10000000000000142,0.6900000000000048,42.22,41.04,42.94,0.02701386585565005,0.05091229965989189,-0.6099999999999994,1
2023-07-05,42.23,43.09,42.0,42.05,323618000,-0.002362390739428335,41.55714285714286,39.63333333333333,30.944333333333336,0.17999999999999972,1.0900000000000034,42.33,40.74,42.13,0.025969339737632442,0.050777388068422906,0.09999999999999432,0
2023-07-06,42.02,42.1,41.27,41.76,303582000,-0.004972768174283537,41.76714285714286,39.997,31.153111111111112,0.2600000000000051,0.8299999999999983,42.23,42.22,40.55,0.02030071246658335,0.050798876228127655,1.470000000000006,0
2023-07-07,42.42,43.13,42.1,42.24,355881000,0.009519276534983306,41.857142857142854,40.38999999999999,31.363888888888887,0.17999999999999972,1.0300000000000011,42.02,42.33,41.79,0.01725795148364404,0.050551635676570957,0.6300000000000026,1
2023-07-10,42.1,42.73,41.57,42.57,353908000,-0.00754361150400755,42.00857142857143,40.77733333333333,31.574333333333335,-0.46999999999999886,1.1599999999999966,42.42,42.23,41.04,0.015595043758300023,0.05058448156906659,1.0600000000000023,0
2023-07-11,42.32,42.67,41.99,42.4,298244000,0.005225653206650804,42.23428571428571,40.92466666666667,31.79288888888889,-0.0799999999999983,0.6799999999999997,42.1,42.02,40.74,0.014813220861915291,0.025437728170381962,1.5799999999999983,1
2023-07-12,43.82,43.85,42.69,42.95,481277000,0.03544423440453686,42.462857142857146,41.08966666666666,32.02133333333333,0.8699999999999974,1.1600000000000037,42.32,42.42,42.22,0.014507749867990631,0.025787300885202234,1.6000000000000014,1
2023-07-13,45.89,46.07,44.41,44.43,478204000,0.04723870378822456,42.971428571428575,41.285,32.26633333333333,1.4600000000000009,1.6600000000000037,43.82,42.1,42.33,0.02128947033003235,0.02656476426303595,3.5600000000000023,1
2023-07-14,45.38,47.99,44.97,46.49,772075000,-0.01111353235999124,43.42142857142857,41.539,32.50944444444444,-1.1099999999999994,3.020000000000003,45.89,42.32,42.23,0.022482727845715065,0.024109089182491286,3.1500000000000057,0
2023-07-17,46.37,46.41,45.17,46.2,510488000,0.02181577787571606,44.042857142857144,41.76166666666666,32.76644444444444,0.1699999999999946,1.2399999999999949,45.38,43.82,42.02,0.021666718094750247,0.02279401549001036,4.349999999999994,1
2023-07-18,47.4,47.8,45.65,46.61,569164000,0.022212637481130067,44.75428571428571,42.03333333333333,33.025,0.7899999999999991,2.1499999999999986,46.37,45.89,42.42,0.021724229269898292,0.022771891036925306,4.979999999999997,1
2023-07-19,46.99,47.73,46.65,47.37,427502000,-0.008649789029535794,45.45285714285715,42.29666666666667,33.28722222222222,-0.37999999999999545,1.0799999999999983,47.4,45.38,42.1,0.02192864556641105,0.022860667894252895,4.890000000000001,0
2023-07-20,45.43,47.0,44.97,46.42,537865000,-0.0331985528835923,45.89714285714286,42.525333333333336,33.537333333333336,-0.990000000000002,2.030000000000001,46.99,46.37,42.32,0.028811437906442992,0.02372438355431693,3.1099999999999994,0
2023-07-21,44.22,45.78,44.01,45.7,963769000,-0.026634382566585974,45.95428571428571,42.75266666666666,33.774,-1.480000000000004,1.7700000000000031,45.43,47.4,43.82,0.02941436676014167,0.023539263067630507,0.3999999999999986,0
2023-07-24,44.53,45.02,43.95,44.64,382516000,0.007010402532790644,45.76,42.95566666666666,34.001999999999995,-0.10999999999999943,1.0700000000000003,44.22,46.99,45.89,0.022029657922646332,0.023174177857956228,-1.3599999999999994,1
2023-07-25,45.59,46.09,44.84,44.85,348081000,0.023804176959353295,45.79,43.18566666666667,34.23988888888889,0.740000000000002,1.25,44.53,45.43,45.38,0.024033615713212747,0.023422394468635307,0.21000000000000085,1
2023-07-26,45.36,45.96,44.54,45.93,364237000,-0.005044966001316165,45.645714285714284,43.384,34.46066666666667,-0.5700000000000003,1.4200000000000017,45.59,44.22,46.37,0.022214680360104263,0.023372611741260027,-1.009999999999998,0
2023-07-27,45.81,47.3,45.66,46.43,455976000,0.009920634920634984,45.41857142857143,43.54633333333333,34.68444444444445,-0.6199999999999974,1.6400000000000006,45.36,44.53,47.4,0.020299373698962567,0.02250837044699126,-1.5899999999999963,1
2023-07-28,46.66,46.94,46.29,46.58,331194000,0.01855490067670802,45.371428571428574,43.67133333333334,34.91566666666667,0.0799999999999983,0.6499999999999986,45.81,45.59,46.99,0.021950753105788628,0.021113960271785765,-0.3300000000000054,1
2023-07-31,46.64,47.04,46.42,46.66,251055000,-0.0004286326618087446,45.544285714285714,43.807,35.14333333333333,-0.01999999999999602,0.6199999999999974,46.66,45.36,45.43,0.01677280057420734,0.021024265574142723,1.2100000000000009,0
2023-08-01,46.42,46.81,45.94,46.37,237858000,-0.004716981132075447,45.85857142857144,43.934,35.36566666666666,0.05000000000000426,0.8700000000000045,46.64,45.81,44.22,0.011269267428154438,0.021071115004856363,2.200000000000003,0
2023-08-02,44.18,45.75,43.3,45.74,530142000,-0.04825506247307199,45.80857142857143,43.949333333333335,35.555,-1.5600000000000023,2.450000000000003,46.42,46.66,44.53,0.023735863543526425,0.022589476204890765,-0.3500000000000014,0
2023-08-03,44.43,45.03,43.71,43.71,324176000,0.005658669081032141,45.642857142857146,43.998333333333335,35.751777777777775,0.7199999999999989,1.3200000000000003,44.18,46.64,45.59,0.021473724652803502,0.022347525796406826,-1.1600000000000037,1
2023-08-04,44.59,45.55,44.31,44.9,362666000,0.0036011703803737046,45.53285714285715,44.05333333333333,35.953,-0.30999999999999517,1.2399999999999949,44.43,46.42,45.36,0.021616427438369088,0.022348381812845382,-0.769999999999996,1
2023-08-07,45.33,45.45,44.48,45.02,322154000,0.01659564924871036,45.464285714285715,44.16,36.16377777777778,0.30999999999999517,0.970000000000006,44.59,44.18,45.81,0.022376055292692352,0.022171282460625292,-0.480000000000004,1
2023-08-08,44.58,45.15,43.97,44.77,353843000,-0.01654533421575116,45.16714285714285,44.29433333333334,36.35988888888889,-0.19000000000000483,1.1799999999999997,45.33,44.43,46.66,0.021084855253020587,0.021168992602566807,-2.0799999999999983,0
2023-08-09,42.47,44.23,42.05,44.19,586449000,-0.047330641543292945,44.57142857142857,44.31700000000001,36.52811111111111,-1.7199999999999989,2.1799999999999997,44.58,44.59,46.64,0.025827431835738317,0.022456886475427856,-4.170000000000002,0
2023-08-10,42.31,43.49,41.75,42.08,492705000,-0.0037673651989638944,43.98428571428571,44.35933333333333,36.69022222222222,0.23000000000000398,1.740000000000002,42.47,45.33,46.42,0.025880622430244124,0.022196803216010332,-4.109999999999999,0
2023-08-11,40.78,41.94,40.56,41.67,533085000,-0.03616166390924134,43.49857142857143,44.36066666666667,36.833222222222226,-0.8900000000000006,1.3799999999999955,42.31,44.58,44.18,0.023410051529091112,0.02318379852736493,-3.3999999999999986,0
2023-08-14,43.67,43.71,40.23,40.41,690286000,0.0708680725846003,43.39,44.409000000000006,37.014,3.260000000000005,3.480000000000004,40.78,42.47,44.43,0.03899418160514033,0.02575058016407828,-0.759999999999998,1
2023-08-15,43.85,45.18,43.63,44.47,676512000,0.004121822761621243,43.284285714285716,44.459666666666664,37.20311111111111,-0.6199999999999974,1.5499999999999972,43.67,42.31,44.59,0.03900674013331141,0.025754424605893854,-0.740000000000002,1
2023-08-16,43.4,44.59,43.32,44.43,527451000,-0.010262257696693337,43.00857142857143,44.498666666666665,37.385555555555555,-1.0300000000000011,1.2700000000000031,43.85,40.78,45.33,0.038214820634947515,0.02583548954577896,-1.9299999999999997,0
2023-08-17,43.26,43.98,42.92,43.88,452395000,-0.0032258064516129162,42.82,44.54,37.56044444444444,-0.6200000000000045,1.0599999999999952,43.4,43.67,44.58,0.037908355723843566,0.025822987297645855,-1.3200000000000003,0
2023-08-18,43.21,43.49,41.58,42.55,583768000,-0.0011558021266758474,42.925714285714285,44.56633333333333,37.739333333333335,0.6600000000000037,1.9100000000000037,43.26,43.85,42.47,0.03270738243745223,0.025779198571893848,0.740000000000002,0
2023-08-21,46.88,46.97,44.14,44.41,692573000,0.08493404304559134,43.57857142857143,44.72566666666667,37.96644444444444,2.470000000000006,2.8299999999999983,43.21,43.4,42.31,0.04467812867469204,0.02992600088177331,4.57,1
2023-08-22,45.58,48.09,45.24,48.04,755293000,-0.02773037542662125,44.26428571428571,44.83433333333333,38.17944444444444,-2.460000000000001,2.8500000000000014,46.88,43.26,40.78,0.04313757834471536,0.03047986599841456,4.799999999999997,0
2023-08-23,47.02,47.11,45.12,45.78,779046000,0.0315928038613428,44.74285714285715,44.941,38.40522222222222,1.240000000000002,1.990000000000002,45.58,43.21,43.67,0.03705771684783254,0.03034596137396661,3.3500000000000014,1
2023-08-24,47.07,50.17,47.07,50.12,1156044000,0.001063377286261105,45.20285714285715,44.980333333333334,38.62877777777778,-3.049999999999997,3.1000000000000014,47.02,46.88,43.85,0.03717268434037817,0.029161672603312806,3.219999999999999,1
2023-08-25,45.93,47.71,44.94,46.92,925341000,-0.024219247928616964,45.564285714285724,44.998666666666665,38.83233333333333,-0.990000000000002,2.770000000000003,47.07,45.58,43.4,0.03882486363229396,0.029450028089530643,2.530000000000001,0
2023-08-28,46.74,46.89,44.8,46.39,685192000,0.017635532331809325,46.06142857142857,45.010999999999996,39.042,0.3500000000000014,2.0900000000000034,45.93,47.02,43.26,0.03855197483990061,0.0293569760857861,3.480000000000004,1
2023-08-29,48.69,48.99,46.3,46.58,701397000,0.0417201540436456,46.84428571428571,45.053999999999995,39.282444444444444,2.1099999999999994,2.690000000000005,46.74,47.07,43.21,0.03955617604777301,0.030058152391732276,5.479999999999997,1
2023-08-30,49.17,49.83,48.33,48.95,735206000,0.009858287122612528,47.17142857142857,45.126666666666665,39.52811111111111,0.21999999999999886,1.5,48.69,45.93,46.88,0.02629176774075077,0.030036288337404928,2.289999999999999,1
2023-08-31,49.26,49.65,48.86,49.28,528570000,0.001830384380719876,47.69714285714286,45.254333333333335,39.775555555555556,-0.020000000000003126,0.7899999999999991,49.17,46.74,45.58,0.021738826384801756,0.029294831182260877,3.6799999999999997,1
2023-09-01,48.41,49.7,48.05,49.67,463830000,-0.01725537961835163,47.89571428571429,45.394,40.022444444444446,-1.2600000000000051,1.6500000000000057,49.26,48.69,47.02,0.02199816252641101,0.029015168663664787,1.3899999999999935,0
2023-09-05,48.45,48.76,47.77,48.13,382653000,0.0008262755629003564,48.09285714285714,45.52466666666667,40.26188888888889,0.3200000000000003,0.9899999999999949,48.41,49.17,47.07,0.022004295207858186,0.029010765595218944,1.3800000000000026,1
2023-09-06,46.97,48.46,46.49,48.35,468670000,-0.030546955624355086,48.24142857142858,45.57066666666666,40.48188888888889,-1.3800000000000026,1.9699999999999989,48.45,49.26,45.93,0.023455319332188963,0.029375529561825157,1.0399999999999991,0
2023-09-07,46.15,46.26,45.07,45.44,433330000,-0.017457951884181398,48.15714285714286,45.597,40.687,0.7100000000000009,1.1899999999999977,46.97,48.41,46.74,0.02366456515350199,0.029556369890578065,-0.5900000000000034,0
2023-09-08,45.49,46.52,45.19,45.86,473069000,-0.014301191765980424,47.7,45.586333333333336,40.87188888888889,-0.36999999999999744,1.3300000000000054,46.15,48.45,48.69,0.014137484931762997,0.029634750579787348,-3.1999999999999957,0
2023-09-11,45.09,46.08,44.23,46.06,473966000,-0.008793141349747166,47.11714285714286,45.534,41.06011111111111,-0.9699999999999989,1.8500000000000014,45.49,46.97,49.17,0.011345764646554152,0.0294703052251447,-4.079999999999998,0
2023-09-12,44.79,45.59,44.45,44.65,349256000,-0.006653359946773215,46.478571428571435,45.47233333333334,41.24944444444444,0.14000000000000057,1.1400000000000006,45.09,46.15,49.26,0.009960484929971538,0.029490029509914747,-4.469999999999999,0
2023-09-13,45.4,45.84,44.42,44.52,398355000,0.013619111408796594,46.04857142857143,45.43833333333334,41.44822222222222,0.8799999999999955,1.4200000000000017,44.79,45.49,48.41,0.014009679989266216,0.02959877228740147,-3.009999999999998,1
2023-09-14,45.5,45.9,45.05,45.86,370097000,0.002202643171806199,45.62714285714286,45.48233333333334,41.63577777777778,-0.35999999999999943,0.8500000000000014,45.4,45.09,48.45,0.01417991835471318,0.028180892231157485,-2.950000000000003,1
2023-09-15,43.82,45.51,43.73,45.26,506831000,-0.03692307692307692,45.17714285714285,45.461999999999996,41.79944444444445,-1.4399999999999977,1.7800000000000011,45.5,44.79,46.97,0.015905907285878873,0.029016743318330783,-3.1499999999999986,0
2023-09-18,43.88,44.16,41.92,42.67,500271000,0.0013692377909630825,44.85285714285715,45.43833333333334,41.97022222222222,1.2100000000000009,2.239999999999995,43.82,45.4,46.15,0.015978533010564518,0.029009887690989885,-2.269999999999996,1
2023-09-19,43.44,43.88,42.92,43.75,373064000,-0.010027347310847876,44.559999999999995,45.37533333333333,42.132555555555555,-0.3100000000000023,0.9600000000000009,43.88,45.5,45.49,0.015735919615605533,0.028887341749917948,-2.0500000000000043,0
2023-09-20,42.16,43.82,42.14,43.52,367108000,-0.029465930018416235,44.14142857142857,45.294666666666664,42.28411111111111,-1.3600000000000065,1.6799999999999997,43.44,43.82,45.09,0.018021169602097806,0.029221123620275603,-2.930000000000007,0
2023-09-21,40.94,42.02,40.9,41.51,450736000,-0.02893738140417455,43.59142857142857,45.24366666666666,42.42477777777778,-0.5700000000000003,1.1200000000000045,42.16,43.88,44.79,0.01937050891390056,0.02840699292384967,-3.8500000000000014,0
2023-09-22,41.53,42.04,41.15,41.49,479236000,0.014411333659013275,43.03857142857142,45.217666666666666,42.56522222222222,0.03999999999999915,0.8900000000000006,40.94,43.44,45.4,0.0195506689740723,0.02853602071179451,-3.8699999999999974,1
2023-09-25,42.14,42.46,41.1,41.51,419091000,0.014688177221285804,42.55857142857143,45.263,42.70955555555555,0.6300000000000026,1.3599999999999994,41.53,42.16,45.5,0.021578034835997524,0.027829940736411252,-3.3599999999999994,1
2023-09-26,41.83,42.74,41.58,41.92,402282000,-0.007356430944470866,42.27428571428571,45.20166666666667,42.839666666666666,-0.09000000000000341,1.1600000000000037,42.14,40.94,43.82,0.018221729690065323,0.02457702144617632,-1.990000000000002,0
2023-09-27,42.39,42.79,41.55,42.25,444935000,0.013387520918001489,42.06142857142857,45.153,42.95944444444445,0.14000000000000057,1.240000000000002,41.83,41.53,43.88,0.0195981259356296,0.024703425087394416,-1.490000000000002,1
2023-09-28,43.01,43.37,42.04,42.38,424663000,0.014626091059212018,42.0,45.13999999999999,43.090666666666664,0.6299999999999955,1.3299999999999983,42.39,42.14,43.44,0.02067859972280513,0.024793801563628454,-0.4299999999999997,1
2023-09-29,43.42,44.06,43.23,43.75,397830000,0.009532666821669466,42.18,45.14533333333333,43.227444444444444,-0.3299999999999983,0.8300000000000054,43.01,41.83,42.16,0.016669993621332115,0.024846096719572833,1.2600000000000051,1
2023-10-02,44.7,45.09,43.78,43.95,433298000,0.029479502533394774,42.71714285714285,45.19500000000001,43.38377777777778,0.75,1.3100000000000023,43.42,42.39,40.94,0.010839016664586969,0.02540260088144792,3.760000000000005,1
2023-10-03,43.44,45.05,43.17,44.72,470850000,-0.028187919463087362,42.99,45.080333333333336,43.52777777777778,-1.2800000000000011,1.8799999999999955,44.7,43.01,41.53,0.018765928935415895,0.020504662313962523,1.9099999999999966,0
2023-10-04,43.96,44.06,43.21,43.66,361821000,0.011970534069981656,43.25,45.02633333333333,43.59511111111111,0.30000000000000426,0.8500000000000014,43.44,43.42,42.14,0.018597965285080908,0.020085918536537566,1.8200000000000003,1
2023-10-05,44.6,44.82,43.81,43.97,393483000,0.0145586897179254,43.645714285714284,44.94566666666667,43.65877777777778,0.6300000000000026,1.009999999999998,43.96,44.7,41.83,0.01775979079424586,0.019360139961345387,2.770000000000003,1
2023-10-06,45.68,45.7,43.94,44.11,434436000,0.02421524663677126,44.11571428571428,44.89933333333333,43.721555555555554,1.5700000000000003,1.7600000000000051,44.6,43.44,42.39,0.018621864312883363,0.01992234253852322,3.289999999999999,1
2023-10-09,45.19,45.52,44.29,44.76,409675000,-0.010726795096322286,44.42714285714286,44.87466666666667,43.80411111111111,0.4299999999999997,1.230000000000004,45.68,43.96,43.01,0.020173792496188468,0.019523883294416317,2.1799999999999997,0
2023-10-10,45.71,46.17,45.0,45.23,368582000,0.011506970568709961,44.75428571428572,44.840333333333334,43.871,0.480000000000004,1.1700000000000017,45.19,44.6,43.42,0.02022454762391171,0.01936051138729616,2.289999999999999,1
2023-10-11,46.72,46.77,45.96,46.11,378137000,0.022095821483264014,45.042857142857144,44.77466666666667,43.954,0.6099999999999994,0.8100000000000023,45.71,45.68,44.7,0.019048237732991153,0.018178095015752477,2.019999999999996,1
2023-10-12,46.86,47.52,46.24,46.69,481325000,0.002996575342465766,45.53142857142858,44.69766666666666,44.040333333333336,0.1700000000000017,1.2800000000000011,46.72,45.19,43.44,0.011886341647846506,0.01807684674474356,3.4200000000000017,1
2023-10-13,45.38,47.03,45.2,46.87,474115000,-0.03158344003414419,45.73428571428571,44.568333333333335,44.11599999999999,-1.4899999999999949,1.8299999999999983,46.86,45.71,43.96,0.019934726618393867,0.0188797064226464,1.4200000000000017,0
2023-10-16,46.01,46.14,44.83,44.98,375099000,0.01388276773909201,45.93571428571429,44.48833333333334,44.211666666666666,1.0300000000000011,1.3100000000000023,45.38,46.72,44.6,0.01988070939873989,0.018899736876906634,1.4099999999999966,1
2023-10-17,43.86,44.67,42.4,43.92,812333000,-0.04672897196261679,45.675714285714285,44.33533333333333,44.27188888888889,-0.060000000000002274,2.270000000000003,46.01,46.86,45.68,0.025515167984983,0.020612843714514887,-1.8200000000000003,0
2023-10-18,42.12,43.14,41.75,42.51,627294000,-0.039671682626539036,45.237142857142864,44.17366666666667,44.31,-0.39000000000000057,1.3900000000000006,43.86,45.38,45.19,0.02865416974372477,0.02109345238480771,-3.0700000000000003,0
2023-10-19,42.02,43.22,41.8,42.73,501233000,-0.0023741690408355725,44.709999999999994,44.035999999999994,44.339,-0.7099999999999937,1.4200000000000017,42.12,46.01,45.71,0.0273993702135646,0.02092613760866751,-3.6899999999999977,0
2023-10-20,41.31,42.39,41.0,41.81,477266000,-0.01689671584959545,43.93714285714286,43.89666666666666,44.343111111111114,-0.5,1.3900000000000006,42.02,43.86,46.72,0.0230136094461768,0.020980169308739024,-5.409999999999997,0
2023-10-23,42.89,43.17,40.87,41.15,478530000,0.03824739772452186,43.37,43.82333333333334,44.342888888888886,1.740000000000002,2.3000000000000043,41.31,42.12,46.86,0.030731381855296967,0.02225107940361183,-3.969999999999999,1
2023-10-24,43.58,43.62,42.61,43.0,401463000,0.016087666122639257,43.112857142857145,43.783,44.354111111111116,0.5799999999999983,1.009999999999998,42.89,42.02,45.38,0.030990819624222118,0.022453257225619104,-1.8000000000000043,1
2023-10-25,41.7,43.57,41.48,43.32,398379000,-0.04313905461220733,42.49714285714286,43.659666666666666,44.344,-1.6199999999999974,2.0900000000000034,43.58,41.31,46.01,0.03254775971016306,0.023571420544974075,-4.309999999999995,0
2023-10-26,40.25,42.18,39.81,41.78,541001000,-0.03477218225419671,41.98142857142857,43.48466666666666,44.30544444444445,-1.5300000000000011,2.3699999999999974,41.7,42.89,43.86,0.030778710155798573,0.024270184068941138,-3.6099999999999994,0
2023-10-27,40.42,41.13,39.94,41.05,416784000,0.004223602484472092,41.73857142857143,43.37133333333334,44.27722222222223,-0.6299999999999955,1.1900000000000048,40.25,43.58,42.12,0.028541266736695287,0.023483149498817208,-1.6999999999999957,1
2023-10-30,41.08,41.69,40.41,41.01,388028000,0.016328550222661962,41.604285714285716,43.278,44.25655555555556,0.07000000000000028,1.2800000000000011,40.42,41.7,42.02,0.029735017750926736,0.023723965546731007,-0.9400000000000048,1
2023-10-31,40.7,40.8,39.16,40.37,517969000,-0.009250243427458508,41.51714285714286,43.186666666666675,44.24066666666666,0.3300000000000054,1.6400000000000006,41.08,40.25,41.31,0.029269620177813507,0.023715231867074173,-0.6099999999999994,0
2023-11-01,42.25,42.3,40.79,40.81,437593000,0.03808353808353801,41.425714285714285,43.18966666666667,44.25955555555555,1.4399999999999977,1.509999999999998,40.7,40.42,42.89,0.029232339260858893,0.024208855751232914,-0.6400000000000006,1
2023-11-02,43.42,43.8,42.81,43.25,409172000,0.02769230769230773,41.402857142857144,43.27233333333333,44.27766666666666,0.1700000000000017,0.9899999999999949,42.25,41.08,43.58,0.030706217073864565,0.02405324528094132,-0.1599999999999966,1
2023-11-03,44.92,45.22,43.64,43.94,424610000,0.03454629203132197,41.862857142857145,43.38533333333333,44.32077777777778,0.980000000000004,1.5799999999999983,43.42,40.7,41.7,0.026287049862137247,0.024677275566665973,3.219999999999999,1
2023-11-06,45.67,45.85,44.82,45.2,400733000,0.016696349065004452,42.637142857142855,43.50300000000001,44.37555555555556,0.46999999999999886,1.0300000000000011,44.92,42.25,40.25,0.01686790877633694,0.02471300911007731,5.420000000000002,1
2023-11-07,45.87,46.13,45.07,45.63,343165000,0.004379242391066252,43.41571428571428,43.63766666666666,44.41611111111111,0.23999999999999488,1.0600000000000023,45.67,43.42,40.42,0.016846301983305126,0.02463647549524942,5.449999999999996,1
2023-11-08,46.49,46.78,45.88,46.01,346719000,0.013516459559625127,44.18857142857143,43.77433333333333,44.46233333333333,0.480000000000004,0.8999999999999986,45.87,44.92,41.08,0.01693593527796489,0.024638293904747845,5.410000000000004,1
2023-11-09,46.86,48.14,46.66,47.38,540496000,0.007958700795870024,45.06857142857143,43.90266666666667,44.513777777777776,-0.5200000000000031,1.480000000000004,46.49,45.67,40.7,0.013156448668333327,0.02456328880766739,6.159999999999997,1
2023-11-10,48.24,48.38,47.19,47.41,421245000,0.029449423815621052,45.924285714285716,44.06333333333334,44.58288888888889,0.8300000000000054,1.1900000000000048,46.86,45.87,42.25,0.011527268454291572,0.02500674085659027,5.990000000000002,1
2023-11-13,48.53,49.02,48.01,48.23,384136000,0.006011608623548904,46.65428571428571,44.191,44.650777777777776,0.30000000000000426,1.0100000000000051,48.24,46.49,43.42,0.011768126401951847,0.024539051398640127,5.109999999999999,1
2023-11-14,49.56,49.74,48.95,49.59,416954000,0.02122398516381622,47.317142857142855,44.394999999999996,44.73366666666667,-0.030000000000001137,0.7899999999999991,48.53,46.86,44.92,0.00904642909737403,0.024023803505282278,4.640000000000001,1
2023-11-15,48.8,49.87,48.11,49.84,475497000,-0.015334947538337472,47.76428571428572,44.556333333333335,44.80566666666667,-1.0400000000000063,1.759999999999998,49.56,48.24,45.67,0.014195267075237338,0.024254383209818473,3.1299999999999955,0
2023-11-16,49.39,49.43,48.24,48.59,339756000,0.0120901639344263,48.26714285714286,44.716,44.867555555555555,0.7999999999999972,1.1899999999999977,48.8,48.53,45.87,0.014020665413689464,0.024220698232993113,3.520000000000003,1
2023-11-17,49.21,49.62,48.92,49.43,325205000,-0.00364446244178983,48.65571428571429,44.833666666666666,44.904444444444444,-0.21999999999999886,0.6999999999999957,49.39,49.56,46.49,0.014918165412659872,0.02393911969625652,2.719999999999999,0
2023-11-20,50.32,50.45,49.09,49.22,414120000,0.022556390977443597,49.15,45.00466666666667,44.95933333333333,1.1000000000000014,1.3599999999999994,49.21,48.8,46.86,0.015861050175449705,0.024063299869675134,3.460000000000001,1
2023-11-21,49.85,50.42,49.13,50.03,565747000,-0.009340222575516671,49.379999999999995,45.14266666666666,44.998000000000005,-0.17999999999999972,1.2899999999999991,50.32,49.39,48.24,0.01481171803516958,0.02413613527746829,1.6099999999999994,0
2023-11-22,48.63,50.24,47.6,49.76,899420000,-0.024473420260782322,49.394285714285715,45.20633333333333,45.01166666666667,-1.1299999999999955,2.6400000000000006,49.85,49.21,48.53,0.018433204523118155,0.02437383865063103,0.10000000000000142,0
2023-11-24,47.69,48.83,47.66,48.38,294645000,-0.019329631914456195,49.12714285714286,45.23400000000001,45.019444444444446,-0.6900000000000048,1.1700000000000017,48.63,50.32,49.56,0.017139579442281068,0.024669577452513684,-1.8700000000000045,0
2023-11-27,48.15,48.44,47.56,47.71,395662000,0.009645628014258773,49.034285714285716,45.32633333333333,45.04966666666667,0.4399999999999977,0.8799999999999955,47.69,49.85,48.8,0.017314734849072533,0.023936162629857472,-0.6499999999999986,1
2023-11-28,47.73,48.23,47.38,48.15,401491000,-0.008722741433021843,48.797142857142866,45.38366666666666,45.08866666666667,-0.4200000000000017,0.8499999999999943,48.15,48.63,49.39,0.016291749499583404,0.023913313567373442,-1.6600000000000037,0
2023-11-29,48.05,48.67,47.77,48.29,382005000,0.00670437879740206,48.631428571428565,45.52333333333333,45.12777777777778,-0.240000000000002,0.8999999999999986,47.73,47.69,49.21,0.01686900637837901,0.022119753840134395,-1.1600000000000037,1
2023-11-30,46.68,48.02,46.34,47.93,526247000,-0.028511966701352705,48.11142857142857,45.675333333333334,45.13988888888889,-1.25,1.6799999999999997,48.05,48.15,50.32,0.014741950938762013,0.021456358259070496,-3.6400000000000006,0
2023-12-01,46.68,47.11,46.1,46.44,369317000,0.0,47.65857142857143,45.830666666666666,45.154555555555554,0.240000000000002,1.009999999999998,46.68,47.73,49.85,0.015285078639607425,0.021437723706541477,-3.1700000000000017,0
2023-12-04,45.43,45.99,44.93,45.99,437543000,-0.026778063410454155,47.20142857142857,45.967999999999996,45.15033333333333,-0.5600000000000023,1.0600000000000023,46.68,48.05,48.63,0.015687385991306882,0.02183781347684509,-3.200000000000003,0
2023-12-05,46.48,46.52,45.19,45.39,371718000,0.02311248073959932,47.02857142857143,46.087666666666664,45.14833333333333,1.0899999999999963,1.3300000000000054,45.43,46.68,47.69,0.019114368046582,0.02116972799810937,-1.2100000000000009,1
2023-12-06,45.42,47.3,45.33,47.13,380590000,-0.022805507745266677,46.638571428571424,46.149,45.13477777777778,-1.7100000000000009,1.9699999999999989,46.48,46.68,48.15,0.019326768175656806,0.021522262390026883,-2.729999999999997,0
2023-12-07,46.51,46.55,45.52,45.62,350823000,0.02399823866138257,46.464285714285715,46.309333333333335,45.13577777777778,0.8900000000000006,1.029999999999994,45.42,45.43,47.73,0.022806866890881787,0.020156588993102235,-1.2199999999999989,1
2023-12-08,47.42,47.66,46.47,46.51,359224000,0.019565684798968044,46.37428571428571,46.54833333333333,45.17177777777778,0.9100000000000037,1.1899999999999977,46.51,46.48,48.05,0.02423626163249497,0.01897378890107671,-0.6299999999999955,1
2023-12-11,46.54,47.45,45.75,47.41,509728000,-0.018557570645297398,46.354285714285716,46.75233333333333,45.19522222222222,-0.8699999999999974,1.7000000000000028,47.42,45.42,46.68,0.02263533758116561,0.019482040547597616,-0.14000000000000057,0
2023-12-12,47.57,47.58,45.96,45.96,372387000,0.022131499785131094,46.48142857142857,46.968666666666664,45.22833333333333,1.6099999999999994,1.6199999999999974,46.54,46.51,46.68,0.02416348617212597,0.01962775200820832,0.8900000000000006,1
2023-12-13,48.0,48.51,47.52,47.54,447792000,0.009039310489804492,46.848571428571425,47.211999999999996,45.257999999999996,0.46000000000000085,0.9899999999999949,47.57,47.42,45.43,0.020302403855091557,0.01945030837843652,2.5700000000000003,1
2023-12-14,48.26,48.58,47.34,48.3,391232000,0.005416666666666625,47.10285714285715,47.41233333333333,45.29888888888889,-0.03999999999999915,1.2399999999999949,48.0,46.54,46.48,0.019188214130658986,0.01846406144412106,1.7800000000000011,1
2023-12-15,48.8,49.32,48.03,48.11,479948000,0.011189390799834213,47.58571428571429,47.59166666666667,45.36922222222222,0.6899999999999977,1.2899999999999991,48.26,47.57,45.42,0.014562503459682753,0.0179924050299243,3.3799999999999955,1
2023-12-18,49.99,50.34,49.06,49.31,412587000,0.024385245901639443,48.08285714285715,47.760666666666665,45.45455555555556,0.6799999999999997,1.2800000000000011,48.8,48.0,46.51,0.014623351812009362,0.017487224340998045,3.480000000000004,1
2023-12-19,49.52,49.61,48.81,49.34,464444000,-0.009401880376075191,48.38285714285714,47.889,45.55166666666666,0.17999999999999972,0.7999999999999972,49.99,48.26,47.42,0.01567561326270641,0.01746852683109353,2.1000000000000014,0
2023-12-20,48.03,49.91,48.01,49.57,397894000,-0.030088852988691475,48.59571428571428,47.961000000000006,45.60011111111111,-1.5399999999999991,1.8999999999999986,49.52,48.8,46.54,0.018982190628134256,0.01846926777365788,1.490000000000002,0
2023-12-21,48.9,49.01,48.33,48.72,300425000,0.018113678950655788,48.785714285714285,48.041333333333334,45.656222222222226,0.17999999999999972,0.6799999999999997,48.03,49.99,47.57,0.018418479825206453,0.018589369908623393,1.3299999999999983,1
2023-12-22,48.74,49.3,48.38,49.11,252507000,-0.00327198364008173,48.89142857142857,48.104,45.715555555555554,-0.36999999999999744,0.9199999999999946,48.9,49.52,48.0,0.018455242379414614,0.018575258872640863,0.740000000000002,0
2023-12-26,49.19,49.51,48.87,48.88,244200000,0.009232663110381529,49.02428571428572,48.135666666666665,45.781444444444446,0.30999999999999517,0.6400000000000006,48.74,48.03,48.26,0.018617105194589135,0.017879212737449832,0.9299999999999997,1
2023-12-27,49.33,49.59,49.0,49.42,233648000,0.0028461069323033254,49.1,48.16233333333333,45.849444444444444,-0.09000000000000341,0.5900000000000034,49.19,48.9,48.8,0.018260094577185366,0.01785675352038572,0.5300000000000011,1
2023-12-28,49.43,49.8,49.32,49.55,246587000,0.002027163997567432,49.019999999999996,48.158,45.87777777777778,-0.11999999999999744,0.4799999999999969,49.33,48.74,49.99,0.015352078469696733,0.017434880561559674,-0.5600000000000023,1
2023-12-29,49.43,49.91,48.66,49.72,389293000,0.0,49.00714285714286,48.179,45.92055555555556,-0.28999999999999915,1.25,49.43,49.19,49.52,0.01495223532331843,0.01719106018109312,-0.09000000000000341,0
2024-01-02,48.08,49.21,47.51,49.16,411254000,-0.027311349382965838,49.01428571428571,48.13533333333333,45.93233333333333,-1.0799999999999983,1.7000000000000028,49.43,49.33,48.03,0.014034424025660231,0.017775830823098165,0.04999999999999716,0
2024-01-03,47.48,48.1,47.24,47.4,320896000,-0.01247920133111484,48.81142857142857,48.077666666666666,45.93688888888889,0.0799999999999983,0.8599999999999994,48.08,49.43,48.9,0.012179315838440402,0.01789832664583624,-1.4200000000000017,0
2024-01-04,47.91,48.41,47.42,47.68,306535000,0.009056444818871098,48.692857142857136,47.99733333333334,45.95888888888889,0.22999999999999687,0.9899999999999949,47.48,49.43,48.74,0.013175809953869095,0.017448751863724712,-0.8300000000000054,1
2024-01-05,49.01,49.46,48.22,48.38,415039000,0.022959716134418735,48.66714285714285,47.96933333333334,45.984111111111105,0.6299999999999955,1.240000000000002,47.91,48.08,49.19,0.015925950476464716,0.017937148135792003,-0.17999999999999972,1
2024-01-08,52.16,52.18,49.39,49.42,642510000,0.06427259742909608,49.07142857142857,48.086999999999996,46.022666666666666,2.739999999999995,2.789999999999999,49.01,47.48,49.33,0.029316000137841303,0.02090438452371158,2.8299999999999983,1
2024-01-09,53.05,54.23,51.6,52.31,773100000,0.017062883435582835,49.58857142857143,48.26566666666666,46.065777777777775,0.7399999999999949,2.6299999999999955,52.16,47.91,49.43,0.029325425128456227,0.02064537508921366,3.6199999999999974,1
2024-01-10,54.25,54.5,53.39,53.52,533796000,0.022620169651272438,50.27714285714285,48.469,46.12122222222222,0.7299999999999969,1.1099999999999994,53.05,49.01,49.43,0.029220543656258032,0.020907135751202333,4.82,1
2024-01-11,54.72,55.25,53.46,54.9,596759000,0.008663594470046061,51.22571428571428,48.702,46.19133333333333,-0.17999999999999972,1.7899999999999991,54.25,52.16,48.08,0.023376268062371537,0.02077732309463641,6.640000000000001,1
2024-01-12,54.61,54.87,54.23,54.52,352994000,-0.0020102339181286445,52.24428571428571,48.92066666666667,46.25977777777778,0.0899999999999963,0.6400000000000006,54.72,53.05,47.48,0.02127618437315227,0.020810283386815013,7.130000000000003,0
2024-01-16,56.28,56.73,54.8,54.92,449580000,0.030580479765610725,53.44,49.24066666666667,46.36322222222222,1.3599999999999994,1.9299999999999997,54.61,54.25,47.91,0.020920140840834277,0.020371577418091716,8.370000000000005,1
2024-01-17,55.95,56.37,54.64,56.25,474394000,-0.005863539445628968,54.43142857142857,49.54966666666667,46.47211111111112,-0.29999999999999716,1.7299999999999969,56.28,54.72,49.01,0.023686379970142623,0.020463538359768725,6.940000000000005,0
2024-01-18,57.01,57.5,56.01,57.16,491650000,0.0189454870420017,55.12428571428571,49.93566666666667,46.600111111111104,-0.14999999999999858,1.490000000000002,55.95,54.61,52.16,0.013249391420128404,0.01960290491363587,4.850000000000001,1
2024-01-19,59.39,59.39,57.12,57.89,543501000,0.04174706191896163,56.03000000000001,50.366,46.75899999999999,1.5,2.270000000000003,57.01,56.28,53.05,0.017239400058438013,0.02038509213206841,6.340000000000003,1
2024-01-22,59.55,60.22,58.97,59.94,452955000,0.0026940562384239197,56.78714285714286,50.836999999999996,46.922999999999995,-0.39000000000000057,1.25,59.39,55.95,54.25,0.017677464239402335,0.019553638464153505,5.299999999999997,1
2024-01-23,59.77,59.8,58.48,59.46,294654000,0.003694374475230999,57.50857142857143,51.278999999999996,47.08266666666666,0.3100000000000023,1.3200000000000003,59.55,57.01,54.72,0.01800256038263198,0.019376218448057776,5.050000000000004,1
2024-01-24,61.25,62.74,59.83,60.2,560271000,0.024761586079973176,58.457142857142856,51.739999999999995,47.257666666666665,1.0499999999999972,2.9100000000000037,59.77,59.39,54.61,0.01714868273576708,0.01950066714571154,6.640000000000001,1
2024-01-25,61.51,62.61,60.74,62.24,482777000,0.004244897959183641,59.20428571428572,52.239000000000004,47.45422222222222,-0.730000000000004,1.8699999999999974,61.25,59.55,56.28,0.01645844932806682,0.018832595439375613,5.229999999999997,1
2024-01-26,60.92,61.67,60.47,60.85,390309000,-0.009591936270525058,59.91428571428572,52.684,47.64355555555556,0.07000000000000028,1.2000000000000028,61.51,59.77,55.95,0.01720965437017737,0.0189893617763022,4.969999999999999,0
2024-01-29,62.35,62.38,60.8,61.12,348733000,0.02347340774786605,60.67714285714286,53.162333333333336,47.85366666666667,1.230000000000004,1.5800000000000054,60.92,61.25,57.01,0.01757970044690649,0.019186612958037506,5.340000000000003,1
2024-01-30,62.66,63.38,62.15,62.79,410735000,0.0049719326383319195,61.144285714285715,53.64233333333333,48.08144444444444,-0.13000000000000256,1.230000000000004,62.35,61.51,59.39,0.012243205120045817,0.019189594537769687,3.269999999999996,1
2024-01-31,61.42,62.16,60.59,61.33,453795000,-0.0197893392914139,61.41142857142857,54.063,48.309000000000005,0.09000000000000341,1.5699999999999932,62.66,60.92,59.55,0.016124533826450613,0.01988406502658282,1.8700000000000045,0
2024-02-01,62.92,63.08,61.54,61.99,369146000,0.024422012373819604,61.86142857142857,54.49400000000001,48.546666666666674,0.9299999999999997,1.5399999999999991,61.42,62.35,59.77,0.01776370711248762,0.019885118198711187,3.1499999999999986,1
2024-02-02,66.04,66.48,63.58,63.86,476578000,0.0495867768595042,62.54571428571428,55.04466666666667,48.812222222222225,2.180000000000007,2.9000000000000057,62.92,62.66,61.25,0.023376061454399046,0.021001812112465032,4.790000000000006,1
2024-02-05,69.21,69.37,67.09,68.1,680078000,0.048001211387037966,63.645714285714284,55.75066666666667,49.11644444444445,1.1099999999999994,2.280000000000001,66.04,61.42,61.51,0.026847131560996794,0.020718119473579988,7.699999999999996,1
2024-02-06,68.1,69.63,66.18,69.51,683111000,-0.016038144776766357,64.67142857142856,56.39066666666667,49.402111111111104,-1.4100000000000108,3.4499999999999886,69.21,62.92,60.92,0.028008577568176447,0.021325845243340497,7.179999999999993,0
2024-02-07,69.97,70.1,67.48,68.2,495575000,0.027459618208516955,65.76,57.098333333333336,49.70166666666666,1.769999999999996,2.6199999999999903,68.1,66.04,62.35,0.028216693158589157,0.021338992543080134,7.619999999999997,1
2024-02-08,69.52,70.67,69.33,69.95,414422000,-0.006431327711876559,66.74,57.775999999999996,49.99166666666666,-0.4300000000000068,1.3400000000000034,69.97,69.21,62.66,0.02933033020148212,0.021607626595305584,6.859999999999999,0
2024-02-09,72.01,72.06,70.09,70.41,436637000,0.03581703107019576,68.25285714285714,58.532000000000004,50.295111111111105,1.6000000000000085,1.9699999999999989,69.52,68.1,61.42,0.025520618915274216,0.02197093582173196,10.590000000000003,1
2024-02-12,72.12,74.48,71.12,72.47,613710000,0.0015275656158866744,69.56714285714285,59.288333333333334,50.61377777777778,-0.3499999999999943,3.3599999999999994,72.01,69.97,62.92,0.02678265148210442,0.02197966318636301,9.200000000000003,1
2024-02-13,72.0,73.32,69.5,70.28,602580000,-0.0016638935108153707,70.41857142857143,60.04066666666666,50.92533333333333,1.7199999999999989,3.819999999999993,72.12,69.52,66.04,0.024226173691146588,0.02201541171404041,5.959999999999994,0
2024-02-14,73.77,74.1,71.81,73.07,504917000,0.024583333333333277,71.07000000000001,60.897000000000006,51.24944444444444,0.7000000000000028,2.289999999999992,72.0,72.01,69.21,0.019734130761578608,0.020753929654069223,4.560000000000002,1
2024-02-15,72.53,73.84,72.27,73.74,420122000,-0.016809000948895148,71.70285714285714,61.732,51.54777777777778,-1.2099999999999937,1.5700000000000074,73.77,72.12,68.1,0.019900682235605902,0.020962570378102292,4.430000000000007,0
2024-02-16,72.48,74.27,72.37,73.97,495327000,-0.000689369915896831,72.06142857142858,62.551,51.851,-1.4899999999999949,1.8999999999999915,72.53,72.0,69.97,0.018385156967347775,0.02112364036942029,2.510000000000005,0
2024-02-20,69.33,71.83,67.61,71.82,704833000,-0.04346026490066233,72.03428571428572,63.22833333333333,52.11344444444445,-2.489999999999995,4.219999999999999,72.48,73.77,69.52,0.026025773878297853,0.023509771952159458,-0.18999999999999773,0
2024-02-21,67.35,68.77,66.13,67.89,673755000,-0.028559065339679852,71.36857142857143,63.73466666666666,52.34266666666666,-0.5400000000000063,2.6400000000000006,69.33,72.53,72.01,0.022330807554131114,0.02246377842708188,-4.660000000000011,0
2024-02-22,78.4,78.44,74.09,74.89,865100000,0.16406829992576114,72.26571428571428,64.57966666666667,52.693111111111115,3.510000000000005,4.349999999999994,67.35,72.48,72.12,0.06970861644168933,0.036176822538270405,6.280000000000001,1
2024-02-23,78.68,82.25,77.43,80.65,829388000,0.0035714285714285856,73.22,65.394,53.063111111111105,-1.9699999999999989,4.819999999999993,78.4,69.33,72.0,0.06954138094814548,0.03618200194443555,6.680000000000007,1
2024-02-26,78.95,80.5,78.37,79.56,503973000,0.0034316217590238435,73.96000000000001,66.20166666666667,53.42911111111111,-0.6099999999999994,2.1299999999999955,78.68,67.35,73.77,0.06949847507372328,0.036216534228989045,5.180000000000007,1
2024-02-27,78.56,79.34,77.03,79.24,391705000,-0.004939835338822046,74.82142857142857,67.0,53.81466666666666,-0.6799999999999926,2.3100000000000023,78.95,78.4,72.53,0.06882998190364344,0.036262015127854534,6.030000000000001,0
2024-02-28,77.53,78.79,76.99,77.48,393110000,-0.013110997963340136,75.54285714285713,67.70833333333333,54.20811111111111,0.04999999999999716,1.8000000000000114,78.56,78.68,72.48,0.06940982167666168,0.03640004871807292,5.049999999999997,0
2024-02-29,78.97,79.85,78.21,78.95,507289000,0.018573455436605154,76.92,68.47566666666667,54.61866666666666,0.01999999999999602,1.6400000000000006,77.53,78.95,69.33,0.06503475965518037,0.03627511479515091,9.64,1
2024-03-01,82.13,82.15,79.29,79.86,479135000,0.04001519564391537,79.03142857142858,69.313,55.07222222222222,2.269999999999996,2.8599999999999994,78.97,78.56,67.35,0.06149323477836676,0.03661361092322121,14.780000000000001,1
2024-03-04,85.09,87.54,83.57,83.98,615616000,0.03604042371849517,79.98714285714286,70.16966666666667,55.54111111111111,1.1099999999999994,3.970000000000013,82.13,77.53,78.4,0.02028117597148402,0.036472867643926106,6.689999999999998,1
2024-03-05,85.82,85.95,83.27,85.12,520639000,0.008579151486661062,81.00714285714285,71.04533333333333,56.01044444444444,0.6999999999999886,2.680000000000007,85.09,78.97,78.68,0.020023463692820872,0.0364332120947977,7.139999999999986,1
2024-03-06,88.55,89.57,86.88,87.87,582520000,0.0318107667210441,82.37857142857142,72.00466666666668,56.531,0.6799999999999926,2.6899999999999977,85.82,82.13,78.95,0.020705961434878493,0.03655080232525001,9.599999999999994,1
2024-03-07,92.51,92.61,89.45,90.0,608119000,0.04472049689441003,84.37142857142858,73.04666666666667,57.11166666666667,2.510000000000005,3.1599999999999966,88.55,85.09,78.56,0.020558910349552265,0.036936901653482235,13.950000000000003,1
2024-03-08,87.38,97.23,86.36,94.97,1142269000,-0.05545346449032547,85.77857142857144,73.909,57.63344444444445,-7.590000000000003,10.870000000000005,92.51,85.82,77.53,0.034638420310573355,0.039053683489358886,9.849999999999994,0
2024-03-11,85.63,88.64,84.02,86.28,678364000,-0.020027466239414055,86.73,74.73266666666667,58.12844444444445,-0.6500000000000057,4.6200000000000045,87.38,88.55,78.97,0.037445328082254675,0.03930265139243422,6.659999999999997,0
2024-03-12,91.75,91.8,86.0,87.9,668075000,0.07147027910778939,88.10428571428572,75.71266666666666,58.695666666666675,3.8499999999999943,5.799999999999997,85.63,92.51,82.13,0.04283356964996651,0.040731568114159046,9.620000000000005,1
2024-03-13,90.73,91.35,88.28,90.9,635713000,-0.011117166212534016,88.91,76.64833333333334,59.23433333333333,-0.1700000000000017,3.069999999999993,91.75,87.38,85.09,0.04299917805759037,0.04095606149453177,5.640000000000001,0
2024-03-14,87.79,90.49,86.45,89.42,602318000,-0.03240383555604538,89.19142857142857,77.52733333333335,59.727333333333334,-1.6299999999999955,4.039999999999992,90.73,85.63,85.82,0.04591567445019966,0.041368959706775635,1.970000000000013,0
2024-03-15,87.69,89.39,86.11,86.78,642086000,-0.0011390818999887063,89.06857142857143,78.35300000000001,60.20255555555555,0.9099999999999966,3.280000000000001,87.79,91.75,88.55,0.04426582206674349,0.04138383612563397,-0.8599999999999994,0
2024-03-18,88.3,92.25,86.93,90.23,668976000,0.006956323412019608,88.46714285714286,79.095,60.67622222222222,-1.9300000000000068,5.319999999999993,87.69,90.73,92.51,0.03991426273061446,0.0407730383428059,-4.210000000000008,1
2024-03-19,89.24,90.39,84.86,86.55,672171000,0.010645526613816509,88.73285714285714,79.76266666666668,61.15811111111112,2.6899999999999977,5.530000000000001,88.3,87.79,87.38,0.03356777066675106,0.04015375824531084,1.8599999999999994,1
2024-03-20,90.22,90.25,88.07,89.64,479063000,0.010981622590766517,89.38857142857144,80.5,61.644,0.5799999999999983,2.180000000000007,89.24,87.69,85.63,0.03195533535268739,0.03986905627618077,4.590000000000003,1
2024-03-21,91.28,92.49,90.25,92.14,480372000,0.01174905785856797,89.32142857142857,81.21033333333335,62.13755555555556,-0.8599999999999994,2.239999999999995,90.22,88.3,91.75,0.016292002794887177,0.03973678890958563,-0.46999999999999886,1
2024-03-22,94.13,94.61,90.68,90.98,586719000,0.031222611744084073,89.80714285714285,82.03066666666668,62.64744444444444,3.1499999999999915,3.9299999999999926,91.28,89.24,90.73,0.01932223743252141,0.039806767332499014,3.3999999999999915,1
2024-03-25,94.84,96.6,93.35,93.78,552136000,0.007542760012748412,90.81428571428572,82.79166666666667,63.162,1.0600000000000023,3.25,94.13,90.22,87.79,0.009875651090897174,0.039529735398588846,7.049999999999997,1
2024-03-26,92.4,96.21,92.34,95.69,513648000,-0.025727541121889474,91.48714285714286,83.46766666666667,63.638,-3.289999999999992,3.8699999999999903,94.84,91.28,87.69,0.01686757993654763,0.040039588493842246,4.710000000000008,0
2024-03-27,90.09,93.08,88.97,92.95,586067000,-0.025000000000000022,91.74285714285715,84.07066666666667,64.09677777777777,-2.8599999999999994,4.109999999999999,92.4,94.13,88.3,0.020916922978356477,0.04047875549198629,1.7900000000000063,0
2024-03-28,90.2,91.14,89.04,89.84,435212000,0.0012210012210012147,91.88,84.61833333333334,64.55022222222223,0.35999999999999943,2.0999999999999943,90.09,94.84,89.24,0.020648820941754773,0.04037831222655531,0.960000000000008,1
2024-04-01,90.21,92.07,89.05,90.14,452441000,0.00011086474501098564,91.87857142857145,85.20766666666667,65.00577777777778,0.06999999999999318,3.019999999999996,90.2,92.4,90.22,0.020240288942267867,0.04014495636212362,-0.010000000000005116,1
2024-04-02,89.3,89.94,87.47,88.3,433064000,-0.010087573439751654,91.59571428571428,85.76833333333333,65.43888888888888,1.0,2.469999999999999,90.21,90.09,91.28,0.019835131821494465,0.04025192113555145,-1.980000000000004,0
2024-04-03,88.81,90.22,88.25,88.33,370067000,-0.005487122060470267,90.83571428571429,86.41766666666668,65.87177777777778,0.480000000000004,1.9699999999999989,89.3,90.2,94.13,0.012948857470274801,0.03916940510001705,-5.319999999999993,0
2024-04-04,85.76,90.48,85.73,90.25,434965000,-0.03434297939421233,89.53857142857143,87.03133333333334,66.28433333333334,-4.489999999999995,4.75,88.81,90.21,94.84,0.014087211536243706,0.0393742914366294,-9.079999999999998,0
2024-04-05,87.86,88.33,85.78,86.72,399678000,0.024486940298507395,88.89,87.34666666666666,66.73066666666666,1.1400000000000006,2.549999999999997,85.76,89.3,92.4,0.01911820991876594,0.026553095217552256,-4.540000000000006,1
2024-04-08,86.98,88.68,86.58,88.55,283220000,-0.010015934441156334,88.4457142857143,87.62333333333335,67.16211111111112,-1.5699999999999932,2.1000000000000085,87.86,88.81,90.09,0.01754271089450413,0.02667876346775751,-3.1099999999999994,0
2024-04-09,85.21,87.48,82.88,87.29,501700000,-0.02034950563347908,87.73285714285714,87.83200000000001,67.57855555555557,-2.0800000000000125,4.6000000000000085,86.98,85.76,90.2,0.018176782959688997,0.027037600857237668,-4.990000000000009,0
2024-04-10,86.89,87.25,83.56,83.78,431929000,0.019715995775143845,87.25857142857141,88.10966666666667,68.01011111111112,3.1099999999999994,3.6899999999999977,85.21,87.86,90.21,0.02092881372730224,0.0271655841716781,-3.319999999999993,1
2024-04-11,90.46,90.58,86.78,87.27,431637000,0.041086431119806574,87.42428571428572,88.54066666666668,68.49655555555555,3.1899999999999977,3.799999999999997,86.89,86.98,89.3,0.026981009977529235,0.027802399142885566,1.1599999999999966,1
2024-04-12,88.03,90.02,87.38,89.54,426805000,-0.026862701746628265,87.31285714285714,88.84266666666666,68.956,-1.5100000000000051,2.6400000000000006,90.46,85.21,88.81,0.029115444506904748,0.028300235932379517,-0.7800000000000011,0
2024-04-15,85.85,90.46,85.78,88.94,443077000,-0.024764284902874096,87.32571428571428,88.96666666666667,69.40511111111111,-3.0900000000000034,4.679999999999993,88.03,86.89,85.76,0.027459572101435892,0.027927295166762692,0.0899999999999892,0
2024-04-16,87.26,87.97,85.92,86.28,370453000,0.01642399534071067,87.24,89.039,69.85822222222222,0.980000000000004,2.049999999999997,85.85,90.46,87.86,0.02643423864801255,0.02732231035767285,-0.5999999999999943,1
2024-04-17,83.89,88.62,83.8,88.19,495400000,-0.03862021544808623,86.79857142857144,88.97466666666666,70.28566666666666,-4.299999999999997,4.820000000000007,87.26,88.03,86.98,0.030077618001966025,0.028226617701532192,-3.0900000000000034,0
2024-04-18,84.52,86.04,82.26,84.82,447260000,0.007509834306830319,86.7,88.84033333333332,70.708,-0.29999999999999716,3.780000000000001,83.89,85.85,85.21,0.0295099347483945,0.027613135416529214,-0.6899999999999977,1
2024-04-19,76.07,84.18,75.48,83.01,875198000,-0.09997633696166591,85.15428571428572,88.29233333333333,71.02633333333333,-6.940000000000012,8.700000000000003,84.52,87.26,86.89,0.04581938254812226,0.031659029599243216,-10.820000000000007,0
2024-04-22,79.38,79.93,76.27,77.97,596341000,0.04351255422637048,83.57142857142857,88.02566666666667,71.39122222222223,1.4099999999999966,3.660000000000011,76.07,83.89,90.46,0.04634596305670502,0.031484843104729425,-11.079999999999998,1
2024-04-23,82.28,82.63,80.13,80.63,438559000,0.036533131771227086,82.75,87.91399999999999,71.77688888888888,1.6500000000000057,2.5,79.38,84.52,88.03,0.05025017685945481,0.03209952415032595,-5.75,1
2024-04-24,79.54,83.94,79.05,83.8,512208000,-0.03330092367525516,81.84857142857142,87.50699999999999,72.12733333333333,-4.259999999999991,4.890000000000001,82.28,76.07,85.85,0.05081161179481651,0.029561948005070386,-6.309999999999988,0
2024-04-25,82.49,83.18,78.09,78.73,424641000,0.0370882574805128,81.16714285714285,87.23233333333333,72.50766666666667,3.759999999999991,5.090000000000003,79.54,79.38,87.26,0.05312987488021384,0.03047554442405228,-4.77000000000001,1
2024-04-26,87.58,88.18,83.24,83.67,551011000,0.06170444902412418,81.69428571428571,87.22533333333332,72.93855555555555,3.9099999999999966,4.940000000000012,82.49,82.28,83.89,0.05652321939034253,0.03211307330325972,3.6899999999999977,1
2024-04-29,87.61,87.84,85.12,87.44,388971000,0.0003425439598081884,82.13571428571429,87.22266666666665,73.35655555555556,0.1700000000000017,2.719999999999999,87.58,79.54,84.52,0.05658961286607935,0.03211172064032512,3.0900000000000034,1
2024-04-30,86.25,88.67,86.15,87.09,363709000,-0.015523342084236953,83.59,87.15433333333334,73.76466666666667,-0.8400000000000034,2.519999999999996,87.61,82.49,76.07,0.03496064766614341,0.03221740987048064,10.180000000000007,0
2024-05-01,82.9,85.85,81.11,84.93,559863000,-0.03884057971014486,84.09285714285714,86.943,74.15211111111111,-2.030000000000001,4.739999999999995,86.25,87.58,79.38,0.03883102252462931,0.032898762352959694,3.5200000000000102,0
2024-05-02,85.67,86.09,83.06,84.3,377898000,0.03341375150784072,84.57714285714285,86.79133333333333,74.56066666666666,1.3700000000000045,3.030000000000001,82.9,87.61,82.28,0.03844973359859979,0.033452424957287584,3.3900000000000006,1
2024-05-03,88.64,89.13,86.89,87.64,398341000,0.03466791175440643,85.87714285714287,86.70333333333333,75.00399999999999,1.0,2.239999999999995,85.67,86.25,79.54,0.03519375702590062,0.03401471695708936,9.099999999999994,1
2024-05-06,91.98,92.06,88.9,89.24,376203000,0.03768050541516249,87.23285714285714,86.63166666666667,75.47944444444445,2.740000000000009,3.1599999999999966,88.64,82.9,82.49,0.035253223178723196,0.034241489928043614,9.490000000000009,1
2024-05-07,90.4,91.62,88.86,90.94,437342000,-0.017177647314633598,87.63571428571429,86.48366666666668,75.93577777777779,-0.539999999999992,2.760000000000005,91.98,85.67,87.58,0.03058392380060066,0.034346140374895764,2.8200000000000074,0
2024-05-08,90.26,91.04,89.27,89.33,325721000,-0.0015486725663716877,88.01428571428572,86.41233333333334,76.38944444444445,0.9300000000000068,1.7700000000000102,90.4,88.64,87.61,0.030639583804800866,0.03402856732267891,2.6500000000000057,0
2024-05-09,88.59,90.91,88.08,90.37,378013000,-0.0185021050299136,88.34857142857143,86.36233333333332,76.82455555555556,-1.7800000000000011,2.8299999999999983,90.26,91.98,86.25,0.0309854724141522,0.03388573658860399,2.3400000000000034,0
2024-05-10,89.72,91.24,89.07,90.15,335325000,0.012755389998871153,89.32285714285715,86.34633333333333,77.28722222222221,-0.4300000000000068,2.1700000000000017,88.59,90.4,82.9,0.024483573281536917,0.03396537284764021,6.819999999999993,1
2024-05-13,90.24,90.84,88.38,90.32,289680000,0.005795809184128355,89.97571428571429,86.34733333333334,77.76233333333334,-0.0799999999999983,2.460000000000008,89.72,90.26,85.67,0.022532421045924615,0.03397963037376964,4.569999999999993,1
2024-05-14,91.2,91.49,88.78,89.44,296507000,0.010638297872340514,90.34142857142858,86.41066666666667,78.24333333333334,1.7600000000000051,2.7099999999999937,90.24,88.59,88.64,0.01933720724408273,0.03396601269033273,2.5600000000000023,1
2024-05-15,94.47,94.7,91.44,92.31,417735000,0.03585526315789469,90.69714285714288,86.59933333333332,78.74844444444444,2.1599999999999966,3.260000000000005,91.2,89.72,91.98,0.018816335983251813,0.03451670011885083,2.489999999999995,1
2024-05-16,94.2,95.65,93.94,94.75,323952000,-0.0028580501746585797,91.24,86.88066666666667,79.21555555555557,-0.5499999999999972,1.710000000000008,94.47,90.24,90.4,0.016804392059580568,0.03382497006368967,3.799999999999997,0
2024-05-17,92.32,94.58,91.65,94.21,359691000,-0.019957537154989487,91.53428571428572,87.02933333333334,79.65188888888889,-1.8900000000000006,2.9299999999999926,94.2,91.2,90.26,0.019422664875604147,0.03385622997034463,2.059999999999988,0
2024-05-20,94.62,95.04,93.28,93.59,318764000,0.02491334488734848,92.3957142857143,87.284,80.10044444444445,1.0300000000000011,1.7600000000000051,92.32,94.47,88.59,0.018157617025199177,0.03402133750720064,6.030000000000001,1
2024-05-21,95.22,95.24,93.02,93.44,328946000,0.006341154090044328,93.18142857142857,87.61766666666666,80.55044444444444,1.7800000000000011,2.219999999999999,94.62,94.2,89.72,0.018133188236667225,0.033727151885050946,5.5,1
2024-05-22,94.79,95.85,93.09,95.29,548648000,-0.004515858013022397,93.83142857142857,87.881,80.99688888888889,-0.5,2.759999999999991,95.22,92.32,90.24,0.01881224640798711,0.03363447294533433,4.550000000000011,0
2024-05-23,103.62,106.14,101.34,101.85,835065000,0.09315328621162568,95.60571428571428,88.31966666666668,81.5228888888889,1.7700000000000102,4.799999999999997,94.79,94.62,91.2,0.037697220826023344,0.036834100338124,12.420000000000002,1
2024-05-24,106.29,106.29,102.82,104.27,429494000,0.025767226404169095,97.2942857142857,88.92833333333334,82.08222222222221,2.0200000000000102,3.470000000000013,103.62,95.22,94.47,0.037133638634979406,0.0365064273373439,11.820000000000007,1
2024-05-28,113.7,114.74,109.69,110.05,652728000,0.06971493084956248,100.08000000000001,89.85666666666665,82.71211111111111,3.6500000000000057,5.049999999999997,106.29,94.79,94.2,0.04046781075766091,0.037730845436490655,19.5,1
2024-05-29,114.63,115.29,110.71,112.85,557442000,0.008179419525065897,103.26714285714286,90.769,83.32588888888888,1.7800000000000011,4.5800000000000125,113.7,103.62,92.32,0.036079505736301365,0.03771321403581892,22.310000000000002,1
2024-05-30,110.31,115.62,109.47,114.45,484553000,-0.037686469510599264,105.50857142857141,91.64966666666668,83.88988888888889,-4.140000000000001,6.150000000000006,114.63,106.29,94.62,0.044811758766870886,0.03767221646528723,15.689999999999998,0
2024-05-31,109.44,112.52,106.76,112.33,613263000,-0.007886864291542058,107.54,92.48033333333335,84.44177777777779,-2.8900000000000006,5.759999999999991,110.31,113.7,95.22,0.04599988373458842,0.037809907126999866,14.219999999999999,0
2024-06-03,114.8,114.8,111.81,113.42,438392000,0.0489766081871345,110.39857142857143,93.77133333333333,85.03677777777779,1.3799999999999955,2.989999999999995,109.44,114.63,94.79,0.04550271499754892,0.03234442540687382,20.00999999999999,1
2024-06-04,116.24,116.4,113.85,115.52,403324000,0.012543554006968622,112.20142857142856,95.0,85.64488888888889,0.7199999999999989,2.5500000000000114,114.8,110.31,103.62,0.035557013601403405,0.03187092669027585,12.61999999999999,1
2024-06-05,122.23,122.24,117.27,118.17,528402000,0.05153131452167937,114.47857142857143,96.33166666666668,86.32611111111112,4.060000000000002,4.969999999999999,116.24,109.44,106.29,0.03786389938021141,0.032362181533982806,15.939999999999998,1
2024-06-06,120.79,125.37,118.12,123.83,664696000,-0.011781068477460506,115.49142857142856,97.70666666666668,86.97544444444445,-3.039999999999992,7.25,122.23,114.8,113.7,0.03244689950166443,0.03151000102944205,7.090000000000003,0
2024-06-07,120.68,121.48,117.82,119.56,412386000,-0.0009106714131964519,116.35571428571428,98.97966666666666,87.6201111111111,1.1200000000000045,3.660000000000011,120.79,116.24,114.63,0.0326721796321906,0.03133363758282613,6.050000000000011,0
2024-06-10,121.58,122.89,116.81,120.16,313434100,0.00745773947630089,117.96571428571428,100.113,88.28855555555555,1.4200000000000017,6.079999999999998,120.68,122.23,110.31,0.025956306471760258,0.029975364842472395,11.269999999999996,1
2024-06-11,120.71,122.67,118.54,121.57,222551200,-0.007155782201019942,119.57571428571428,101.21633333333332,88.93066666666665,-0.8599999999999994,4.1299999999999955,121.58,120.79,109.44,0.02585353536151501,0.030101894495337907,11.269999999999996,0
2024-06-12,124.99,126.67,122.37,122.86,299595000,0.035456880125921644,121.03142857142858,102.50766666666667,89.58566666666667,2.1299999999999955,4.299999999999997,120.71,120.68,114.8,0.023207886597820034,0.02998188175937926,10.189999999999998,1
2024-06-13,129.4,129.59,126.95,129.18,260704500,0.03528282262581015,122.91142857142857,104.05766666666666,90.25444444444445,0.21999999999999886,2.6400000000000006,124.99,121.58,116.24,0.024762705400026862,0.028595925500021182,13.16000000000001,1
2024-06-14,131.66,132.62,128.11,129.75,309320400,0.017465224111282773,124.25857142857141,105.59066666666668,90.96066666666667,1.9099999999999966,4.509999999999991,129.4,120.71,122.23,0.019289091216192763,0.02839584734110977,9.429999999999993,1
2024-06-17,130.76,133.51,129.37,132.77,288504400,-0.0068357891538812525,125.68285714285715,106.99466666666666,91.6361111111111,-2.0100000000000193,4.139999999999986,131.66,124.99,120.79,0.018392629755683246,0.02840586226299635,9.969999999999985,0
2024-06-18,135.36,136.11,130.47,130.92,294335100,0.035178953808504304,127.77999999999999,108.44066666666666,92.36766666666666,4.440000000000026,5.640000000000015,130.76,129.4,120.68,0.019354800822440607,0.028335784648346553,14.680000000000007,1
2024-06-20,130.56,140.53,129.31,139.57,517768400,-0.0354609929078015,129.06285714285715,109.77933333333333,93.01822222222222,-9.009999999999991,11.219999999999999,135.36,131.66,121.58,0.027746596771645864,0.02919827589777366,8.980000000000004,0
2024-06-21,126.36,130.42,124.1,126.91,649445800,-0.03216911764705885,129.87,110.98266666666667,93.62088888888889,-0.5499999999999972,6.319999999999993,130.56,130.76,120.71,0.0317329225255727,0.03023154992813211,5.650000000000006,0
2024-06-24,117.92,124.26,117.85,123.04,476060900,-0.06679328901551122,128.85999999999999,111.96033333333334,94.1311111111111,-5.1200000000000045,6.410000000000011,126.36,135.36,124.99,0.039118504315446216,0.03304994656436947,-7.069999999999993,0
2024-06-25,125.88,126.29,119.12,121.0,414192600,0.06750339213025774,128.35714285714286,113.16566666666668,94.71011111111113,4.8799999999999955,7.170000000000002,117.92,130.56,129.4,0.04625299075124652,0.03467328919862792,-3.5200000000000102,1
2024-06-26,126.19,127.91,122.4,125.92,362975900,0.0024626628535112985,127.57571428571428,114.364,95.30633333333333,0.269999999999996,5.509999999999991,125.88,126.36,131.66,0.04548702731880202,0.03469893651064077,-5.469999999999999,1
2024-06-27,123.79,126.2,122.72,123.9,252571700,-0.019018939694111985,126.58000000000001,115.45033333333335,95.87644444444446,-0.10999999999999943,3.480000000000004,126.19,117.92,130.76,0.045793915097501574,0.0351530743946016,-6.969999999999985,0
2024-06-28,123.34,127.5,122.55,124.38,315516700,-0.0036351886258987223,124.86285714285715,116.41266666666665,96.47655555555556,-1.039999999999992,4.950000000000003,123.79,125.88,135.36,0.042046257342637595,0.03492209514168409,-12.02000000000001,0
2024-07-01,124.1,124.63,118.63,123.27,284885500,0.006161829090319368,123.93999999999998,117.40933333333332,97.10711111111111,0.8299999999999983,6.0,123.34,126.19,130.56,0.041183064007111636,0.03485070676466298,-6.460000000000008,1
2024-07-02,122.47,123.21,120.83,120.93,218374000,-0.013134568896051536,123.38428571428571,118.41433333333333,97.59677777777779,1.539999999999992,2.3799999999999955,124.1,123.79,126.36,0.03981114081700581,0.03467155454547169,-3.8900000000000006,0
2024-07-03,128.07,128.07,121.16,121.46,215749000,0.045725483791949004,124.8342857142857,119.52933333333334,98.14555555555556,6.609999999999999,6.909999999999997,122.47,123.34,117.92,0.0320958230677773,0.035183908016990985,10.149999999999991,1
2024-07-05,125.62,128.64,125.47,127.17,214176700,-0.019130163192004286,124.79714285714284,120.54266666666668,98.66411111111111,-1.5499999999999972,3.1699999999999875,128.07,124.1,125.88,0.022539673128818202,0.03559837539535356,-0.2599999999999909,0
2024-07-08,127.99,130.55,126.83,127.28,237677300,0.018866422544180785,125.0542857142857,121.64933333333333,99.21333333333334,0.7099999999999937,3.720000000000013,125.62,122.47,126.19,0.023672502141870288,0.035528183907431336,1.7999999999999972,1
2024-07-09,131.16,133.6,128.44,130.14,285366600,0.02476755996562233,126.10714285714286,122.56733333333332,99.80922222222222,1.0200000000000102,5.159999999999997,127.99,128.07,123.79,0.022883913921222267,0.03207933552691432,7.36999999999999,1
2024-07-10,134.69,134.88,132.2,133.81,248978600,0.02691369319914609,127.72857142857141,123.51399999999998,100.42833333333333,0.8799999999999955,2.680000000000007,131.16,125.62,123.34,0.023092075967448816,0.032101436373851724,11.349999999999994,1
2024-07-11,127.19,135.93,126.84,135.53,374782700,-0.055683421189397876,128.17000000000002,123.96366666666667,100.92899999999999,-8.340000000000003,9.090000000000003,134.69,127.99,124.1,0.03490236137053003,0.03200888835404492,3.0900000000000034,0
2024-07-12,129.03,131.7,127.01,128.05,252680500,0.01446654611211576,129.10714285714286,124.44366666666666,101.41722222222224,0.9799999999999898,4.6899999999999835,127.19,131.16,122.47,0.034189690093126016,0.03205611909469782,6.560000000000002,1
2024-07-15,128.23,131.17,126.97,130.35,208326200,-0.006200108501898872,129.13000000000002,125.041,101.88844444444443,-2.1200000000000045,4.199999999999989,129.03,134.69,128.07,0.030016004980720875,0.031131085572404918,0.1599999999999966,0
2024-07-16,126.15,128.83,124.37,128.23,214769500,-0.016220853154487905,129.20571428571427,125.598,102.30622222222222,-2.079999999999984,4.460000000000008,128.23,127.19,125.62,0.02971638645290656,0.03129142370383054,0.5300000000000011,0
2024-07-17,117.8,121.65,116.53,121.15,390086200,-0.06619104240982963,127.75,125.69800000000001,102.58722222222222,-3.3500000000000085,5.1200000000000045,126.15,129.03,127.99,0.03754570294312412,0.03276796970060349,-10.189999999999998,0
2024-07-18,120.89,122.2,116.37,121.65,320979500,0.02623089983022074,126.28285714285713,125.853,102.95955555555557,-0.7600000000000051,5.829999999999998,117.8,128.23,131.16,0.037782434903122046,0.033023030235566644,-10.269999999999996,1
2024-07-19,117.74,121.4,117.18,120.15,217223800,-0.02605674580196878,123.86142857142856,125.70333333333333,103.31633333333333,-2.410000000000011,4.219999999999999,120.89,126.15,134.69,0.034054543818242786,0.032020024421681205,-16.950000000000003,0
2024-07-22,123.34,123.87,119.66,120.15,258068900,0.04756242568370994,123.31142857142856,125.78833333333334,103.66733333333333,3.1899999999999977,4.210000000000008,117.74,117.8,127.19,0.0374647795179247,0.03312877063794752,-3.8499999999999943,1
2024-07-23,122.39,124.48,121.9,122.58,173911000,-0.007702286362899325,122.36285714285714,125.84533333333334,104.0191111111111,-0.18999999999999773,2.5799999999999983,123.34,120.89,129.03,0.03659285392923486,0.03316708810134168,-6.640000000000001,0
2024-07-24,114.06,119.75,113.25,118.97,327776900,-0.06806111610425687,120.33857142857141,125.59466666666667,104.31099999999999,-4.909999999999997,6.5,122.39,117.74,128.23,0.043248934751192236,0.03544778751529974,-14.169999999999987,0
2024-07-25,112.1,116.44,106.13,112.85,460067000,-0.017183938278099314,118.33142857142856,125.30766666666666,104.58222222222221,-0.75,10.310000000000002,114.06,123.34,126.15,0.043252113985280644,0.035549964338936736,-14.050000000000011,0
2024-07-26,112.87,116.01,111.4,116.0,293399100,0.006868867082961733,117.62714285714286,124.90366666666665,104.85522222222221,-3.1299999999999955,4.609999999999999,112.1,122.39,117.8,0.03753508103628691,0.034892593803064496,-4.929999999999993,1
2024-07-29,111.41,116.09,111.12,113.5,248152100,-0.012935235226366686,116.27285714285715,124.304,105.10155555555555,-2.0900000000000034,4.969999999999999,112.87,114.06,120.89,0.03484335171100858,0.03418113788117984,-9.480000000000004,0
2024-07-30,103.56,111.81,102.37,111.34,486833300,-0.07046046135894439,114.24714285714286,123.36733333333333,105.24977777777778,-7.780000000000001,9.439999999999998,111.41,112.1,117.74,0.04144289359640654,0.03596404067173159,-14.179999999999993,0
2024-07-31,116.83,118.15,110.7,112.71,473174200,0.1281382773271533,113.31714285714285,122.903,105.53366666666665,4.1200000000000045,7.450000000000003,103.56,112.87,123.34,0.06625887504259956,0.04365044454254803,-6.510000000000005,1
2024-08-01,109.03,119.96,106.63,117.34,523462300,-0.06676367371394332,111.40857142857143,122.02533333333334,105.69922222222223,-8.310000000000002,13.329999999999998,116.83,111.41,122.39,0.07017079511649937,0.044547505855130315,-13.36,0
2024-08-02,107.09,108.54,101.2,103.59,482027500,-0.01779326790791523,110.41285714285713,121.243,105.83533333333334,3.5,7.340000000000003,109.03,103.56,114.06,0.06621792096554566,0.044263729942160594,-6.969999999999999,0
2024-08-05,100.28,103.24,90.54,91.91,552842400,-0.06359137174339342,108.72428571428573,120.37366666666667,105.9228888888889,8.370000000000005,12.699999999999989,107.09,116.83,112.1,0.06962412104668728,0.045273176749513255,-11.819999999999993,0
2024-08-06,104.08,107.53,100.38,103.67,409012100,0.03789389708815314,107.46857142857142,119.91233333333334,106.07833333333335,0.4099999999999966,7.150000000000006,100.28,109.03,112.87,0.07210189454083168,0.04450938288908811,-8.790000000000006,1
2024-08-07,98.75,108.62,98.53,107.63,411440400,-0.05121060722521136,105.65999999999998,119.008,106.17333333333333,-8.879999999999995,10.090000000000003,104.08,107.09,111.41,0.07384848585825816,0.04326588414527023,-12.659999999999997,0
2024-08-08,104.8,105.33,97.36,101.83,391910000,0.061265822784810096,105.83714285714287,118.29500000000002,106.33544444444445,2.969999999999999,7.969999999999999,98.75,100.28,103.56,0.07409198203864518,0.04501373390452683,1.2399999999999949,1
2024-08-09,104.58,106.42,103.26,105.47,290844200,-0.0020992366412213633,104.08714285714284,117.65466666666666,106.50522222222222,-0.8900000000000006,3.1599999999999966,104.8,104.08,116.83,0.0502315254273668,0.04494060661295815,-12.25,0
2024-08-12,108.84,110.89,106.09,106.15,325559900,0.0407343660355709,104.05999999999999,117.17133333333332,106.72777777777777,2.6899999999999977,4.799999999999997,104.58,98.75,109.03,0.04801435691161454,0.0456985105522655,-0.18999999999999773,1
2024-08-13,115.95,116.04,111.4,112.25,312646700,0.06532524807056228,105.32571428571428,116.89966666666668,107.06322222222222,3.700000000000003,4.640000000000001,108.84,104.8,107.09,0.052714043291523446,0.0473610507209291,8.86,1
2024-08-14,117.89,118.4,113.88,118.33,339246400,0.01673134971970675,107.84142857142857,116.747,107.39688888888888,-0.4399999999999977,4.52000000000001,115.95,104.58,100.28,0.04074346013004607,0.047415148094561654,17.61,1
2024-08-15,122.66,123.04,117.28,118.56,318086700,0.040461447111714274,110.49571428571427,116.56666666666666,107.79333333333332,4.099999999999994,5.760000000000005,117.89,108.84,104.08,0.04089968266983533,0.0472488073580551,18.58,1
2024-08-16,124.38,124.79,120.98,121.74,302589900,0.01402250122289254,114.15714285714286,116.52533333333332,108.22855555555556,2.6400000000000006,3.8100000000000023,122.66,115.95,98.75,0.025205531402904168,0.04718251873420417,25.629999999999995,1
2024-08-19,129.79,129.79,123.22,124.08,318333600,0.04349573886476923,117.72714285714285,116.58533333333334,108.70522222222222,5.709999999999994,6.569999999999993,124.38,117.89,104.8,0.022750945880663384,0.04772007055706689,24.989999999999995,1
2024-08-20,127.04,129.67,125.68,128.19,300087400,-0.02118807304106623,120.9357142857143,116.448,109.11166666666666,-1.1499999999999915,3.9899999999999807,129.79,122.66,104.58,0.027960477277436658,0.0476869123212442,22.460000000000008,0
2024-08-21,128.29,129.14,126.45,127.11,257883600,0.009839420654911727,123.71428571428571,116.23466666666667,109.559,1.1799999999999926,2.6899999999999835,127.04,124.38,108.84,0.028147348501280336,0.04745627108407358,19.44999999999999,1
2024-08-22,123.54,130.53,122.9,129.81,376189100,-0.037025489126198345,124.79857142857142,116.113,109.97777777777776,-6.269999999999996,7.6299999999999955,128.29,129.79,115.95,0.029702854171598805,0.04682680948369771,7.590000000000003,0
2024-08-23,129.16,129.39,125.01,125.65,323230300,0.04549133883762336,126.40857142857142,116.11733333333333,110.44333333333336,3.509999999999991,4.379999999999981,123.54,127.04,117.89,0.032710393752245985,0.04749336849846224,11.269999999999996,1
2024-08-26,126.25,131.04,124.17,129.36,331964700,-0.0225301951068442,126.92142857142858,116.05133333333333,110.914,-3.1100000000000136,6.86999999999999,129.16,128.29,122.66,0.03274896286360078,0.04767331306811737,3.5900000000000034,0
2024-08-27,128.09,128.99,123.68,124.84,303134600,0.014574257425742601,127.45142857142856,116.11599999999999,111.3981111111111,3.25,5.310000000000002,126.25,123.54,124.38,0.03277611208662255,0.04763086528693508,3.710000000000008,1
2024-08-28,125.4,128.12,122.44,127.91,448101100,-0.0210008587711765,126.82428571428571,116.36933333333333,111.94622222222222,-2.509999999999991,5.680000000000007,128.09,129.16,129.79,0.028874236685359482,0.04610327790616856,-4.389999999999986,0
2024-08-29,117.4,124.23,116.52,121.16,453023300,-0.06379585326953748,125.44714285714285,116.253,112.36866666666667,-3.759999999999991,7.710000000000008,125.4,126.25,127.04,0.03646083607328497,0.04745593628058333,-9.64,0
2024-08-30,119.17,121.55,117.03,119.33,333751600,0.015076660988074923,124.14428571428572,116.30066666666667,112.77855555555556,-0.1599999999999966,4.519999999999996,117.4,128.09,128.29,0.037000739157459134,0.047267988458545025,-9.11999999999999,1
2024-09-03,107.82,116.02,107.11,115.82,477155100,-0.0952420911303181,121.89857142857144,115.78333333333333,113.09277777777778,-8.0,8.909999999999997,119.17,125.4,123.54,0.048783767275818436,0.049599410975045395,-15.720000000000013,0
2024-09-04,106.04,113.08,103.95,105.24,372470300,-0.016508996475607374,118.5957142857143,115.23833333333333,113.35444444444445,0.8000000000000114,9.129999999999995,107.82,117.4,129.16,0.040157577221864554,0.04965246621467377,-23.11999999999999,0
2024-09-05,107.03,109.47,104.59,104.82,306850700,0.009336099585062192,115.85000000000001,115.00399999999999,113.57055555555556,2.210000000000008,4.8799999999999955,106.04,119.17,126.25,0.042494983214932176,0.0481754537747926,-19.22,1
2024-09-06,102.66,107.97,100.78,107.86,413638100,-0.040829673923199146,112.21714285714286,114.68933333333334,113.73777777777778,-5.200000000000003,7.189999999999998,107.03,107.82,128.09,0.03949038313256838,0.048640512776285574,-25.430000000000007,0
2024-09-09,106.29,106.37,103.52,104.71,273912000,0.035359438924605587,109.48714285714286,114.47000000000001,113.96044444444445,1.5800000000000125,2.8500000000000085,102.66,106.04,125.4,0.04680058968181928,0.04909145945349381,-19.11,1
2024-09-10,107.92,109.22,104.78,107.63,268283700,0.015335403142346367,108.13285714285713,114.35366666666665,114.23844444444445,0.29000000000000625,4.439999999999998,106.29,107.03,117.4,0.04463398677852662,0.04912262397636052,-9.480000000000004,1
2024-09-11,116.72,117.0,107.24,109.21,441422400,0.08154188287620456,107.78285714285714,114.79233333333333,114.58344444444445,7.510000000000005,9.760000000000005,107.92,102.66,119.17,0.056590724241547374,0.04943172169483579,-2.450000000000003,1
2024-09-12,118.95,120.6,115.2,116.66,366052700,0.01910555174777248,109.37285714285714,114.863,114.92022222222222,2.2900000000000063,5.3999999999999915,116.72,106.29,107.82,0.03873145212224009,0.043761769096539255,11.13000000000001,1
2024-09-13,118.91,119.77,117.42,118.89,238358300,-0.00033627574611186427,111.21142857142857,115.19233333333334,115.21944444444445,0.01999999999999602,2.3499999999999943,118.95,107.92,106.04,0.036998746317716914,0.0418245759087566,12.86999999999999,0
2024-09-16,116.6,118.0,114.18,116.61,248772300,-0.01942645698427384,112.57857142857144,115.50933333333334,115.51055555555557,-0.010000000000005116,3.819999999999993,118.91,116.72,107.03,0.03951291414919701,0.04185463328749533,9.569999999999993,0
2024-09-17,115.41,118.61,114.65,117.99,231925900,-0.010205831903945093,114.4,116.01366666666667,115.79,-2.5799999999999983,3.9599999999999937,116.6,118.95,102.66,0.03385437800000759,0.03998854817069052,12.75,0
2024-09-18,113.19,117.52,113.04,115.71,310318900,-0.019235768131011168,115.38571428571427,116.31733333333334,116.06333333333332,-2.519999999999996,4.47999999999999,115.41,118.91,106.29,0.035270140291670304,0.03975097219286537,6.8999999999999915,0
2024-09-19,117.69,119.47,117.07,117.17,293506400,0.0397561622051418,116.78142857142858,116.94866666666667,116.3741111111111,0.519999999999996,2.4000000000000057,113.19,116.6,107.92,0.037099282919121485,0.03888842631506931,9.769999999999996,1
2024-09-20,115.82,118.43,115.21,116.88,382462400,-0.015889200441838766,116.65285714285713,117.31599999999999,116.65833333333333,-1.0600000000000023,3.220000000000013,117.69,115.41,116.72,0.022524680484543938,0.03768110604420225,-0.9000000000000057,0
2024-09-23,116.08,116.81,114.68,116.37,206228500,0.0022448627180107505,116.24285714285713,117.69933333333333,116.93477777777777,-0.29000000000000625,2.1299999999999955,115.82,113.19,118.95,0.02087084115328336,0.03766508710858988,-2.8700000000000045,1
2024-09-24,120.68,121.61,115.2,116.34,354966800,0.03962784286698836,116.49571428571429,118.09400000000001,117.226,4.340000000000003,6.409999999999997,116.08,117.69,118.91,0.026518298751751254,0.0376285742453928,1.7700000000000102,1
2024-09-25,123.32,124.75,121.42,121.83,284692900,0.021876035797149373,117.45571428571428,118.33966666666667,117.54955555555554,1.4899999999999949,3.3299999999999983,120.68,115.82,116.6,0.02542209763642051,0.03599287456443701,6.719999999999999,1
2024-09-26,123.85,127.47,121.61,126.6,302582900,0.004297761920207599,118.66142857142857,118.53833333333334,117.89988888888888,-2.75,5.859999999999999,123.32,116.08,115.41,0.024224274000416008,0.035897057648304344,8.439999999999998,1
2024-09-27,121.21,123.84,119.07,123.78,271009200,-0.021316108195397664,119.80714285714285,118.49000000000001,118.19533333333334,-2.5700000000000074,4.77000000000001,123.85,120.68,113.19,0.024657096738153784,0.03539939202016625,8.019999999999996,0
2024-09-30,121.25,121.31,117.97,118.13,226553700,0.00033000577510111585,120.31571428571428,118.38566666666667,118.48455555555556,3.1200000000000045,3.3400000000000034,121.21,123.32,117.69,0.02097849237353373,0.03530336920605955,3.5600000000000023,1
2024-10-01,116.82,122.25,115.61,121.58,302094500,-0.036536082474226864,120.45857142857143,117.95333333333333,118.72933333333334,-4.760000000000005,6.640000000000001,121.25,123.85,115.82,0.025317927422745128,0.03490596720263617,1.0,0
2024-10-02,118.66,119.19,114.96,116.26,221845900,0.015750727615134425,120.82714285714285,117.674,118.89644444444444,2.3999999999999915,4.230000000000004,116.82,121.21,116.08,0.025891957984812357,0.03489044859059522,2.5799999999999983,1
2024-10-03,122.66,124.17,120.15,120.73,277118000,0.033709758975223325,121.10999999999999,117.48633333333333,119.07833333333332,1.9299999999999926,4.019999999999996,118.66,121.25,120.68,0.02457631530739703,0.035430164828292816,1.9799999999999898,1
2024-10-04,124.73,124.84,121.64,124.75,243678100,0.01687591716941144,121.31142857142856,117.52600000000001,119.20088888888888,-0.01999999999999602,3.200000000000003,122.66,116.82,123.32,0.02398788140644744,0.03489677661918981,1.4100000000000108,1
2024-10-07,127.52,130.44,124.76,124.8,346250200,0.02236831556161302,121.83571428571427,117.47133333333333,119.3441111111111,2.719999999999999,5.679999999999993,124.73,118.66,123.85,0.02523236968428918,0.03412508266022403,3.6700000000000017,1
2024-10-08,132.68,133.27,129.22,130.06,285722500,0.04046424090338779,123.47428571428573,117.68566666666666,119.59266666666667,2.6200000000000045,4.050000000000011,127.52,122.66,121.21,0.025519061576855743,0.03461635599506666,11.470000000000013,1
2024-10-09,132.44,134.31,131.18,133.9,246191600,-0.0018088634308110422,125.07285714285715,117.83066666666667,119.8482222222222,-1.460000000000008,3.1299999999999955,132.68,124.73,121.25,0.02571204223890997,0.03454427500433801,11.189999999999998,0
2024-10-10,134.6,134.79,130.8,131.7,242311300,0.016309272123225586,127.61285714285714,118.13733333333333,120.06822222222222,2.9000000000000057,3.9899999999999807,132.44,127.52,116.82,0.013708223227649415,0.03437008972917291,17.78,1
2024-10-11,134.59,135.57,133.45,133.8,170209500,-7.429420505193838e-05,129.88857142857142,118.71033333333334,120.27211111111112,0.789999999999992,2.1200000000000045,134.6,132.68,118.66,0.015775657337028525,0.031990141451607175,15.930000000000007,0
2024-10-14,137.85,139.38,136.09,136.26,232347700,0.024221710379671527,132.05857142857144,119.333,120.44566666666667,1.5900000000000034,3.289999999999992,134.59,132.44,122.66,0.01459041174064234,0.03213208729227561,15.189999999999998,1
2024-10-15,131.39,138.35,128.54,137.65,377831000,-0.04686253173739578,133.01000000000002,120.11866666666667,120.56344444444443,-6.260000000000019,9.810000000000002,137.85,134.6,124.73,0.028176810299855543,0.027835155600346034,6.659999999999982,0
2024-10-16,135.51,136.41,131.37,133.77,264879700,0.031357028693203476,134.15142857142857,121.10099999999998,120.72822222222221,1.7399999999999807,5.039999999999992,131.39,134.59,127.52,0.029139621794055173,0.02781401113467121,7.989999999999995,1
2024-10-17,136.72,140.67,136.66,139.12,306435900,0.008929230315105955,134.72857142857143,122.09066666666668,120.89644444444444,-2.4000000000000057,4.009999999999991,135.51,137.85,132.68,0.025716764195504886,0.027813728044505735,4.039999999999992,1
2024-10-18,137.78,138.68,137.07,138.45,176090200,0.007753071971913416,135.49142857142857,123.26133333333334,121.08611111111111,-0.6699999999999875,1.6100000000000136,136.72,131.39,132.44,0.025574301874394988,0.026206528575087717,5.340000000000003,1
2024-10-21,143.49,143.49,137.78,137.91,264554500,0.04144287995354919,136.76142857142858,124.50133333333333,121.29166666666667,5.5800000000000125,5.710000000000008,137.78,135.51,134.6,0.028828734152600993,0.02643062628073648,8.890000000000015,1
2024-10-22,143.37,144.19,141.56,142.69,226311600,-0.0008362952122099417,138.0157142857143,125.683,121.44688888888888,0.6800000000000068,2.6299999999999955,143.49,136.72,134.59,0.028872485655117408,0.02649106311211986,8.780000000000001,0
2024-10-23,139.34,142.21,137.25,141.81,285930000,-0.028109088372741863,138.22857142857143,126.43699999999998,121.53222222222222,-2.469999999999999,4.960000000000008,143.37,137.78,137.85,0.031093465575020105,0.023672642695690707,1.490000000000009,0
2024-10-24,140.19,141.13,138.24,140.6,172354900,0.006100186593942833,139.4857142857143,127.145,121.637,-0.4099999999999966,2.8899999999999864,139.34,143.49,131.39,0.022488120548777364,0.02354676742212187,8.800000000000011,1
2024-10-25,141.32,143.91,140.58,140.71,205122100,0.008060489335901245,140.31571428571428,127.892,121.70322222222224,0.6099999999999852,3.329999999999984,140.19,143.37,135.51,0.020338859319325966,0.0235217046535079,5.810000000000002,1
2024-10-28,140.3,142.92,139.83,142.78,173586700,-0.007217662043588889,140.82714285714286,128.682,121.81144444444445,-2.4799999999999898,3.089999999999975,141.32,139.34,136.72,0.02088492085084348,0.023168888288514152,3.5800000000000125,0
2024-10-29,141.03,142.04,138.68,140.07,157593600,0.005203136136849535,141.29142857142855,129.536,121.97444444444446,0.960000000000008,3.359999999999985,140.3,140.19,137.78,0.02082836647869515,0.022956831253782218,3.25,1
2024-10-30,139.12,140.11,136.6,139.32,179418100,-0.013543217755087546,140.66714285714286,130.40033333333332,122.21,-0.19999999999998863,3.5100000000000193,141.03,141.32,143.49,0.013064369757688694,0.022755486787172985,-4.3700000000000045,0
2024-10-31,132.55,137.4,131.9,137.39,270039600,-0.04722541690626792,139.12142857142857,130.89566666666667,122.2841111111111,-4.839999999999975,5.5,139.12,140.3,143.37,0.020591364430240493,0.02396678656320962,-10.819999999999993,0
2024-11-01,135.19,137.1,134.36,134.49,207127800,0.019917012448132675,138.5285714285714,131.54133333333334,122.38411111111111,0.6999999999999886,2.7399999999999807,132.55,141.03,139.34,0.021886001209311716,0.023820392410438245,-4.150000000000006,1
2024-11-04,135.84,138.74,135.36,137.0,187528200,0.004808047932539431,137.90714285714287,132.2,122.51799999999999,-1.1599999999999966,3.3799999999999955,135.19,139.12,140.19,0.021790866845653917,0.023813118973915734,-4.349999999999994,1
2024-11-05,139.69,140.15,137.12,137.24,160537400,0.028342167255594776,137.67428571428573,132.8336666666667,122.69966666666666,2.4499999999999886,3.030000000000001,135.84,132.55,141.32,0.024840905622487478,0.023340316407780694,-1.6299999999999955,1
2024-11-06,145.38,146.26,141.74,142.74,242043900,0.04073305175746294,138.4,133.569,122.93611111111112,2.6399999999999864,4.519999999999982,139.69,135.19,140.3,0.029195186237031028,0.024049353857669986,5.079999999999984,1
2024-11-07,148.65,148.7,145.94,146.16,207323300,0.022492777548493673,139.48857142857145,134.39566666666667,123.227,2.490000000000009,2.759999999999991,145.38,135.84,141.03,0.029892656243884642,0.02423932534658092,7.6200000000000045,1
2024-11-08,147.4,149.54,146.03,148.54,175665800,-0.008409014463504876,140.67142857142858,135.26866666666666,123.44177777777779,-1.1399999999999864,3.509999999999991,148.65,139.69,139.12,0.029335708672812665,0.0238419243075948,8.280000000000001,0
2024-11-11,145.03,148.62,143.35,148.45,182325600,-0.016078697421981033,142.4542857142857,136.06133333333332,123.65744444444442,-3.4199999999999875,5.27000000000001,147.4,145.38,132.55,0.020467022707381335,0.024181697479343216,12.47999999999999,0
2024-11-12,148.06,149.42,145.78,146.55,198634700,0.020892229193959878,144.29285714285714,137.10266666666666,123.88044444444444,1.509999999999991,3.6399999999999864,145.03,148.65,135.19,0.020524278596806424,0.022916076681013798,12.870000000000005,1
2024-11-13,146.04,149.1,145.67,148.84,191903300,-0.013643117655004797,145.75,138.01533333333333,124.04577777777777,-2.8000000000000114,3.430000000000007,148.06,147.4,135.84,0.022843581649530754,0.023207986718502143,10.199999999999989,0
2024-11-14,146.53,148.77,145.32,147.41,194463300,0.0033552451383183314,146.72714285714284,138.811,124.17733333333334,-0.8799999999999955,3.450000000000017,146.04,145.03,139.69,0.02152676148219232,0.022668038491975722,6.840000000000003,1
2024-11-15,141.76,145.01,139.86,144.64,250132900,-0.03255306080666082,146.21,139.37866666666665,124.33922222222223,-2.8799999999999955,5.149999999999977,146.53,148.06,145.38,0.02019422659136955,0.023640367624899388,-3.6200000000000045,0
2024-11-18,139.93,141.33,136.94,139.28,221205300,-0.012909142212189504,144.96428571428572,139.79233333333335,124.46033333333334,0.6500000000000057,4.390000000000015,141.76,146.04,148.65,0.016764712087324274,0.023600647998707418,-8.719999999999999,0
2024-11-19,146.78,146.9,140.77,141.1,227834900,0.04895304795254766,144.87571428571428,140.26233333333332,124.66644444444444,5.680000000000007,6.1299999999999955,139.93,146.53,147.4,0.027430483859595917,0.02410619473454285,-0.6200000000000045,1
2024-11-20,145.66,147.33,142.51,147.18,309871700,-0.007630467366126206,144.96571428571428,140.703,124.88322222222222,-1.5200000000000102,4.820000000000022,146.78,141.76,145.03,0.026798258115587923,0.024175014920628828,0.6299999999999955,0
2024-11-21,146.44,152.65,140.48,149.12,400946600,0.005354936152684341,144.7342857142857,141.09766666666667,125.20144444444443,-2.680000000000007,12.170000000000016,145.66,139.93,148.06,0.025479670218455635,0.024056671936515513,-1.6200000000000045,1
2024-11-22,141.73,146.93,140.88,145.7,236406200,-0.03216334334881186,144.1185714285714,141.33566666666667,125.43299999999999,-3.969999999999999,6.050000000000011,146.44,146.78,146.04,0.027828703281521042,0.02490098194568816,-4.310000000000002,0
2024-11-25,135.81,141.83,135.61,141.77,344941900,-0.04176956184294072,142.58714285714285,141.26766666666666,125.6337777777778,-5.960000000000008,6.219999999999999,141.73,145.66,146.53,0.030912290104307315,0.02577204520591388,-10.719999999999999,0
2024-11-26,136.71,139.08,135.46,137.49,190287700,0.006626905235255178,141.8657142857143,141.44500000000002,125.78233333333333,-0.7800000000000011,3.6200000000000045,135.81,146.44,141.76,0.029755552128758404,0.024235157148429953,-5.049999999999983,1
2024-11-27,135.13,137.01,131.59,134.8,226370900,-0.011557311096481695,141.18,141.43233333333333,125.92388888888891,0.3299999999999841,5.4199999999999875,136.71,141.73,139.93,0.029698415236775355,0.0236787814995616,-4.800000000000011,0
2024-11-29,138.03,139.13,135.84,136.57,141863200,0.02146081551098946,139.93,141.476,126.19022222222222,1.460000000000008,3.289999999999992,135.13,135.81,146.78,0.022343340760487024,0.023947509517844103,-8.75,1
2024-12-02,138.41,140.23,137.61,138.61,171682800,0.0027530247047742916,138.8942857142857,141.49699999999999,126.48255555555556,-0.20000000000001705,2.619999999999976,138.03,136.71,145.66,0.022753569224724962,0.02391334865970565,-7.25,1
2024-12-03,140.04,140.32,137.73,138.04,164414000,0.011776605736579694,137.98,141.382,126.78444444444445,2.0,2.5900000000000034,138.41,135.13,146.44,0.02345533070777123,0.02274358884353418,-6.400000000000006,1
2024-12-04,144.91,145.56,140.07,141.78,231224300,0.03477577834904316,138.43428571428572,141.43333333333334,127.15666666666667,3.1299999999999955,5.490000000000009,140.04,138.03,141.73,0.024683435359351583,0.02364037923957292,3.180000000000007,1
2024-12-05,144.84,146.32,143.74,144.89,172621200,-0.0004830584500724117,139.7242857142857,141.61666666666667,127.61533333333334,-0.04999999999998295,2.579999999999984,144.91,138.41,135.81,0.015186447606913218,0.023012150503811692,9.030000000000001,0
2024-12-06,142.23,145.48,141.1,144.38,188505600,-0.0180198840099421,140.51285714285714,141.68466666666666,127.89755555555556,-2.1500000000000057,4.3799999999999955,144.84,140.04,136.71,0.018430043814198098,0.023267538300051523,5.519999999999982,0
2024-12-09,138.6,139.74,136.93,138.76,189308600,-0.02552204176334104,141.00857142857143,141.594,128.22611111111112,-0.1599999999999966,2.8100000000000023,142.23,144.91,135.13,0.02117528770536656,0.023707057931954725,3.469999999999999,0
2024-12-10,134.87,141.61,133.59,138.8,210020900,-0.02691197691197684,140.55714285714285,141.41299999999998,128.53477777777778,-3.930000000000007,8.02000000000001,138.6,144.84,138.03,0.02232097196182784,0.024171181085793497,-3.1599999999999966,0
2024-12-11,139.1,139.96,135.01,137.16,184905200,0.03136353525617253,140.65571428571428,141.34866666666667,128.9661111111111,1.9399999999999977,4.950000000000017,134.87,142.23,138.41,0.025901529069523817,0.024865805884012143,0.6899999999999977,1
2024-12-12,137.14,138.23,135.6,136.88,159211400,-0.014090582314881438,140.24142857142857,141.28266666666667,129.33344444444444,0.2599999999999909,2.6299999999999955,139.1,138.6,140.04,0.025952465633808104,0.02487616285212293,-2.9000000000000057,0
2024-12-13,134.05,139.39,132.34,138.73,231514900,-0.02253171941082088,138.69,141.33266666666665,129.72566666666665,-4.679999999999978,7.049999999999983,137.14,134.87,144.91,0.020660245644677826,0.023643778532042945,-10.859999999999985,0
2024-12-16,131.8,134.2,130.23,133.98,237951100,-0.016784781797836625,136.82714285714286,141.21966666666668,130.02566666666667,-2.1799999999999784,3.969999999999999,134.05,139.1,144.84,0.020206081627156137,0.023561557081576756,-13.039999999999992,0
2024-12-17,130.2,131.39,126.67,128.9,259410300,-0.01213960546282263,135.10857142857142,141.03166666666667,130.31033333333335,1.299999999999983,4.719999999999985,131.8,137.14,142.23,0.020094906570367325,0.023631011087523995,-12.030000000000001,0
2024-12-18,128.72,136.5,128.09,133.66,277444500,-0.011367127496159677,133.69714285714286,140.666,130.53122222222223,-4.939999999999998,8.409999999999997,130.2,134.05,138.6,0.01924555350392645,0.02302685126391582,-9.879999999999995,0
2024-12-19,130.49,133.83,129.36,131.56,209719200,0.0137507768800498,133.07142857142858,140.16966666666667,130.69277777777776,-1.0699999999999932,4.469999999999999,128.72,131.8,134.87,0.019548359916918872,0.0217741656871965,-4.3799999999999955,1
2024-12-20,134.5,135.08,128.03,129.62,306528600,0.030730324162771022,132.4142857142857,139.69799999999998,130.87733333333333,4.8799999999999955,7.050000000000011,130.49,130.2,139.1,0.019355022462561666,0.02216003805712607,-4.599999999999994,1
2024-12-23,139.46,139.58,134.92,136.08,176053500,0.03687732342007441,132.74571428571429,139.43333333333334,131.064,3.3799999999999955,4.660000000000025,134.5,128.72,137.14,0.024187750062794316,0.02329858643272398,2.3200000000000216,1
2024-12-24,140.01,141.69,138.44,139.79,105157000,0.0039437831636310264,133.59714285714287,139.26600000000002,131.23766666666668,0.21999999999999886,3.25,139.46,130.49,134.05,0.021516715959765367,0.02315535966992357,5.9599999999999795,1
2024-12-26,139.72,140.64,137.52,139.49,116205600,-0.0020712806228125997,134.72857142857143,138.98799999999997,131.34799999999998,0.22999999999998977,3.119999999999976,140.01,134.5,131.8,0.019494573726916608,0.022786214082459677,7.9199999999999875,0
2024-12-27,136.81,138.81,134.51,138.34,170582600,-0.020827369023761786,135.67285714285714,138.68033333333332,131.45655555555555,-1.5300000000000011,4.300000000000011,139.72,139.46,130.2,0.0212293261207532,0.02295340684482735,6.610000000000014,0
2024-12-30,137.28,140.06,133.82,134.63,167734700,0.0034354213873254795,136.8957142857143,138.37199999999999,131.55644444444445,2.6500000000000057,6.240000000000009,136.81,140.01,128.72,0.01974650049604832,0.02295404693867083,8.560000000000002,1
2024-12-31,134.09,137.86,133.63,137.82,155659200,-0.02323717948717947,137.41,138.11633333333333,131.6736666666667,-3.7299999999999898,4.230000000000018,137.28,139.72,130.49,0.023060679807265415,0.02258536394808666,3.5999999999999943,0
2025-01-02,138.1,138.67,134.43,135.8,198247200,0.029905287493474462,137.92428571428573,138.05533333333332,131.773,2.299999999999983,4.239999999999981,134.09,136.81,134.5,0.022903590605405925,0.023191152047613153,3.5999999999999943,1
2025-01-03,144.25,144.68,139.52,139.8,229322500,0.044532947139753844,138.60857142857142,137.971,131.97299999999998,4.449999999999989,5.159999999999997,138.1,137.28,139.46,0.024836192308578656,0.02288019512846327,4.789999999999992,1
2025-01-06,149.21,151.93,147.6,148.37,265377400,0.03438474870017336,139.92285714285714,138.08933333333334,132.20766666666668,0.8400000000000034,4.3300000000000125,144.25,134.09,140.01,0.02715713347862584,0.023689329997495942,9.200000000000017,1
2025-01-07,139.93,152.9,139.8,152.8,351782200,-0.062194222907311844,139.95285714285714,137.87233333333333,132.3691111111111,-12.870000000000005,13.099999999999994,149.21,138.1,139.72,0.03853212428130596,0.026331232805617413,0.21000000000000796,0
2025-01-08,139.9,143.74,137.35,142.37,227349900,-0.00021439291074109294,140.3942857142857,137.81133333333335,132.6191111111111,-2.469999999999999,6.390000000000015,139.93,144.25,136.81,0.03736883872942433,0.02567268954057091,3.0900000000000034,0
2025-01-10,135.71,139.71,134.02,137.25,207602500,-0.02994996426018583,140.17000000000002,137.808,132.8028888888889,-1.539999999999992,5.689999999999998,139.9,149.21,137.28,0.0394934631996108,0.025095577893473945,-1.5699999999999932,0
2025-01-13,133.03,133.29,129.32,129.8,204808900,-0.019747992041854002,140.01857142857142,137.68533333333332,133.083,3.2299999999999898,3.969999999999999,135.71,139.93,134.09,0.03918637335668744,0.025326508036285326,-1.0600000000000023,0
2025-01-14,131.56,136.18,129.86,135.85,195590500,-0.011050139066375997,139.08428571428573,137.56633333333332,133.36655555555555,-4.289999999999992,6.319999999999993,133.03,139.9,138.1,0.03688533226914135,0.025319108966936,-6.539999999999992,0
2025-01-15,136.04,136.25,131.09,133.45,185217300,0.03405290361812093,137.91142857142856,137.5,133.6888888888889,2.5900000000000034,5.159999999999997,131.56,135.71,144.25,0.034620389691326754,0.025796993037003384,-8.210000000000008,1
2025-01-16,133.37,138.54,133.29,138.43,209235600,-0.019626580417524166,135.64857142857144,137.332,134.03011111111113,-5.060000000000002,5.25,136.04,133.03,149.21,0.029249386726078942,0.026032298899460543,-15.840000000000003,0
2025-01-17,137.5,138.29,135.26,136.49,201188800,0.030966484216840333,135.30142857142857,137.24733333333333,134.37688888888889,1.009999999999991,3.030000000000001,133.37,131.56,139.93,0.02542384191450953,0.026584637811604712,-2.430000000000007,1
2025-01-21,140.62,141.62,136.89,138.95,197749000,0.022690909090909123,135.40428571428572,137.10433333333333,134.7402222222222,1.670000000000016,4.730000000000018,137.5,136.04,139.9,0.027141619922676868,0.026122862560493534,0.7199999999999989,1
2025-01-22,146.85,147.57,143.46,144.44,237651400,0.044303797468354354,136.99571428571429,137.1713333333333,135.075,2.4099999999999966,4.109999999999985,140.62,133.37,135.71,0.027515278466742742,0.027383336104061642,11.139999999999986,1
2025-01-23,147.0,147.01,143.51,144.83,155915500,0.0010214504596527457,138.99142857142857,137.33033333333333,135.38666666666666,2.1699999999999875,3.5,146.85,137.5,133.03,0.02452147869363073,0.027151245696951414,13.969999999999999,1
2025-01-24,142.41,148.75,141.67,148.15,234657600,-0.03122448979591839,140.54142857142855,137.45733333333334,135.64777777777778,-5.740000000000009,7.0800000000000125,147.0,140.62,131.56,0.028845981033153913,0.027365744211625267,10.849999999999994,0
2025-01-27,118.24,128.21,116.53,124.61,818830900,-0.16972122744189314,137.99857142857144,136.903,135.666,-6.3700000000000045,11.680000000000007,142.41,146.85,136.04,0.07244668204218989,0.04130648700080643,-17.799999999999997,0
2025-01-28,128.8,128.81,116.08,121.63,579666400,0.08930987821380258,137.3457142857143,136.55966666666666,135.81477777777778,7.170000000000016,12.730000000000004,118.24,147.0,133.37,0.08283650218846823,0.04424311061279466,-4.569999999999993,1
2025-01-29,123.52,126.7,119.87,126.31,467120600,-0.04099378881987589,135.34857142857143,136.10566666666668,135.92955555555557,-2.7900000000000063,6.829999999999998,128.8,142.41,137.5,0.0825560203727578,0.04477525646051486,-13.980000000000004,0
2025-01-30,124.46,124.81,117.92,122.92,392925500,0.007610103626942987,133.04,135.786,136.00477777777778,1.539999999999992,6.890000000000001,123.52,118.24,140.62,0.08168939401407165,0.044647309188328335,-16.16000000000001,1
2025-01-31,119.89,127.66,119.01,123.6,388161100,-0.03671862445765703,129.1885714285714,135.38899999999998,136.05,-3.7099999999999937,8.649999999999991,124.46,128.8,146.85,0.0776517006925803,0.04503002113720575,-26.959999999999994,0
2025-02-03,116.49,118.39,112.84,114.58,371235700,-0.028359329385269878,124.83,134.932,136.05455555555557,1.9099999999999966,5.549999999999997,119.89,123.52,147.0,0.0767480525889874,0.04525131229666934,-30.510000000000005,0
2025-02-04,118.47,121.02,116.53,116.79,256550000,0.016997167138810235,121.41,134.59033333333335,136.03,1.6799999999999926,4.489999999999995,116.49,124.46,142.41,0.07875909373296072,0.04535929572193417,-23.939999999999998,1
2025-02-05,124.64,124.81,120.58,121.58,262230800,0.052080695534734545,122.32428571428571,134.39533333333333,136.04466666666667,3.0600000000000023,4.230000000000004,118.47,119.89,118.24,0.04891395601792379,0.046339173529633605,6.400000000000006,1
2025-02-06,128.49,128.58,125.02,127.23,251483600,0.030888960205391596,122.28,134.195,136.09622222222222,1.2600000000000051,3.5600000000000165,124.64,116.49,128.8,0.03616172030131995,0.046342861582998135,-0.3100000000000023,1
2025-02-07,129.65,130.18,124.81,129.03,228186300,0.00902793991750328,123.15571428571427,133.868,136.19,0.6200000000000045,5.3700000000000045,128.49,118.47,123.52,0.03127317210831468,0.04584601762035431,6.13000000000001,1
2025-02-10,133.37,134.8,129.77,129.9,216989100,0.02869263401465483,124.42857142857143,133.64666666666668,136.32466666666667,3.469999999999999,5.030000000000001,129.65,124.64,124.46,0.03229950642200374,0.04616628499268732,8.91000000000001,1
2025-02-11,132.6,134.28,130.82,132.38,178902400,-0.005773412311614382,126.24428571428572,133.40933333333334,136.5,0.21999999999999886,3.460000000000008,133.37,128.49,119.89,0.026349722055251934,0.0461754815581491,12.709999999999994,0
2025-02-12,130.94,132.04,128.89,129.83,160278600,-0.012518853695324258,128.30857142857144,133.21366666666665,136.63644444444444,1.1099999999999852,3.1500000000000057,132.6,129.65,116.49,0.022412045060349498,0.04607514541438035,14.450000000000003,0
2025-02-13,135.09,136.3,130.97,131.36,197430000,0.03169390560562094,130.68285714285713,133.14066666666668,136.77455555555554,3.7299999999999898,5.3300000000000125,130.94,133.37,118.47,0.023083883094762985,0.046443241602417,16.620000000000005,1
2025-02-14,138.64,139.04,135.3,136.28,195479600,0.026278777111555133,132.68285714285713,133.29233333333335,136.92911111111113,2.359999999999985,3.7399999999999807,135.09,132.6,124.64,0.01856872727542204,0.04644818779825009,13.999999999999986,1
2025-02-18,139.19,143.23,137.72,141.06,219176600,0.003967109059434589,134.21142857142857,133.32866666666666,137.05877777777778,-1.8700000000000045,5.509999999999991,138.64,130.94,128.49,0.017605949358358523,0.046155397684037126,10.699999999999989,1
2025-02-19,139.02,141.15,137.02,139.3,167536000,-0.0012213521086284036,135.55,133.15433333333334,137.1292222222222,-0.28000000000000114,4.1299999999999955,139.19,135.09,129.65,0.018271442637670016,0.045429400291462176,9.370000000000005,0
2025-02-20,139.9,140.45,136.59,139.82,143903600,0.0063300244569126415,136.48285714285714,132.844,137.2121111111111,0.0800000000000125,3.859999999999985,139.02,138.64,133.37,0.016344394382994964,0.04497992050032051,6.530000000000001,1
2025-02-21,134.23,141.25,133.83,139.83,228217600,-0.040528949249464014,136.71571428571428,132.654,137.20800000000003,-5.600000000000023,7.4199999999999875,139.9,139.19,132.6,0.02423389989330482,0.04413133851051916,1.6299999999999955,0
2025-02-24,130.09,138.38,129.89,136.36,251381100,-0.030842583625120962,136.59428571428572,132.32700000000003,137.15800000000002,-6.27000000000001,8.490000000000009,134.23,139.02,130.94,0.026905908550727792,0.0444800076610155,-0.8499999999999943,0
2025-02-25,126.44,130.01,124.25,129.79,271428700,-0.028057498654777503,135.35857142857142,132.018,137.03122222222223,-3.3499999999999943,5.759999999999991,130.09,139.9,135.09,0.02429832460761399,0.0444394627948825,-8.650000000000006,0
2025-02-26,131.08,133.53,128.3,129.8,322553800,0.03669724770642214,134.27857142857144,131.953,137.02777777777777,1.2800000000000011,5.22999999999999,126.44,134.23,138.64,0.02699935133370951,0.044826835201091236,-7.559999999999974,1
2025-02-27,119.97,134.81,119.83,134.8,443175800,-0.08475740006103152,131.53285714285715,131.56666666666666,136.8551111111111,-14.830000000000013,14.980000000000004,131.08,130.09,139.19,0.03885254105444184,0.047427991856593014,-19.22,0
2025-02-28,124.73,124.9,116.23,117.84,389091100,0.03967658581311999,129.49142857142857,131.18966666666668,136.7218888888889,6.890000000000001,8.670000000000002,119.97,126.44,139.02,0.044823068410245644,0.04758594409059968,-14.290000000000006,1
2025-03-03,113.89,123.52,112.11,123.33,411381400,-0.08690772067666161,125.7757142857143,130.54033333333334,136.45644444444446,-9.439999999999998,11.409999999999997,124.73,131.08,139.9,0.051026464312786145,0.04998322516345298,-26.010000000000005,0
2025-03-04,115.82,119.13,109.95,110.48,398163300,0.016946176134866913,123.14571428571428,129.81766666666667,136.149,5.339999999999989,9.179999999999993,113.89,119.97,134.23,0.053217255094480755,0.04971000898655268,-18.409999999999997,1
2025-03-05,117.13,118.1,114.34,117.4,284337900,0.011310654463823195,121.2942857142857,129.03466666666665,135.85744444444444,-0.27000000000001023,3.759999999999991,115.82,124.73,130.09,0.05411135493739148,0.049538902842368365,-12.960000000000008,1
2025-03-06,110.41,115.18,110.06,113.36,321181900,-0.05737215060189532,119.00428571428571,127.82,135.536,-2.950000000000003,5.1200000000000045,117.13,113.89,126.44,0.056499786318127354,0.04953983516241356,-16.03,0
2025-03-07,112.52,113.31,107.4,111.08,341755500,0.01911058780907526,116.35285714285715,126.67066666666666,135.22855555555557,1.4399999999999977,5.909999999999997,110.41,115.82,131.08,0.05401015952077655,0.04976571076315542,-18.560000000000016,1
2025-03-10,106.82,111.68,105.3,109.74,366487400,-0.05065766086029153,114.4742857142857,125.48433333333334,134.84522222222222,-2.9200000000000017,6.38000000000001,112.52,117.13,119.97,0.0484806870317306,0.05020815962963223,-13.150000000000006,0
2025-03-11,108.6,112.07,104.61,106.83,354865700,0.01666354615240593,112.16999999999999,125.163,134.493,1.769999999999996,7.459999999999994,106.82,110.41,124.73,0.044759786034093155,0.04004245547813399,-16.13000000000001,1
2025-03-12,115.58,116.6,112.72,113.96,323857500,0.06427255985267039,112.41142857142856,124.72233333333334,134.21022222222223,1.6200000000000045,3.8799999999999955,108.6,112.52,113.89,0.04279407807840608,0.03829550675762025,1.6899999999999977,1
2025-03-13,115.42,117.6,113.63,116.87,299033100,-0.0013843225471534572,112.35428571428572,124.45233333333334,133.9468888888889,-1.4500000000000028,3.969999999999999,115.58,106.82,115.82,0.04234957766100371,0.037612946767862795,-0.3999999999999915,0
2025-03-14,121.5,121.71,117.98,118.44,277593500,0.05267717899844046,112.97857142857143,124.35366666666667,133.8241111111111,3.0600000000000023,3.7299999999999898,115.42,108.6,117.13,0.0467982410040495,0.038870840227184865,4.3700000000000045,1
2025-03-17,119.36,122.72,117.86,122.57,255501500,-0.01761316872427984,114.25714285714287,124.33600000000001,133.64822222222222,-3.2099999999999937,4.859999999999999,121.5,115.58,110.41,0.03966799916313854,0.038403215084704706,8.950000000000003,0
2025-03-18,115.27,118.85,114.38,117.83,299686900,-0.03426608579088475,114.64999999999999,124.29533333333333,133.41966666666667,-2.5600000000000023,4.469999999999999,119.36,115.42,112.52,0.04303114923775576,0.03857146091057309,2.75,0
2025-03-19,117.36,120.28,115.52,117.11,273426200,0.01813134380150953,116.1557142857143,124.25833333333334,133.17155555555556,0.25,4.760000000000005,115.27,121.5,106.82,0.035620847652849216,0.03858886144015375,10.540000000000006,1
2025-03-20,118.36,120.03,116.31,116.39,248829700,0.008520790729379687,117.55,124.04899999999999,132.87133333333333,1.9699999999999989,3.719999999999999,117.36,119.36,108.6,0.035654927387952076,0.03737844330800804,9.760000000000005,1
2025-03-21,117.54,117.82,115.26,116.78,266498500,-0.006928016221696462,117.83,123.684,132.52566666666667,0.7600000000000051,2.559999999999988,118.36,115.27,115.58,0.02786340202142254,0.03689934968522794,1.960000000000008,0
2025-03-24,121.24,122.05,119.17,119.71,228452500,0.031478645567466296,118.66142857142857,123.40366666666667,132.23499999999999,1.5300000000000011,2.8799999999999955,117.54,117.36,115.42,0.029757995093726092,0.03736166229073931,5.819999999999993,1
2025-03-25,120.52,121.12,118.75,120.38,167447200,-0.005938634114153736,118.52142857142857,122.97533333333334,131.96266666666668,0.14000000000000057,2.3700000000000045,121.24,118.36,121.5,0.022187294977561518,0.03692763658582426,-0.980000000000004,0
2025-03-26,113.6,118.67,112.55,118.56,293463300,-0.05741785595751744,117.69857142857143,122.34200000000001,131.5797777777778,-4.960000000000008,6.1200000000000045,120.52,117.54,119.36,0.03065579284810188,0.03825572270603212,-5.760000000000005,0
2025-03-27,111.27,114.29,110.51,111.19,236902100,-0.020510563380281677,117.12714285714286,121.68633333333334,131.19344444444445,0.0799999999999983,3.780000000000001,113.6,121.24,115.27,0.028984451427284643,0.038341777307314015,-4.0,0
2025-03-28,109.52,112.71,108.92,111.33,229872500,-0.015727509661184507,116.00714285714285,120.834,130.78222222222223,-1.8100000000000023,3.789999999999992,111.27,120.52,117.36,0.027323469594737564,0.03776328487078528,-7.840000000000003,0
2025-03-31,108.23,110.8,103.5,104.98,299212700,-0.011778670562454274,114.55999999999999,119.82033333333334,130.40966666666665,3.25,7.299999999999997,109.52,113.6,118.36,0.026143432201335838,0.037268191077531626,-10.129999999999995,0
2025-04-01,110.0,110.05,106.32,108.37,222614000,0.016354060796451964,113.48285714285714,118.84733333333334,130.0771111111111,1.6299999999999955,3.730000000000004,108.23,111.27,117.54,0.028344433932093606,0.0374681300151068,-7.540000000000006,1
2025-04-02,110.27,111.82,106.64,107.14,220601200,0.0024545454545454185,111.91571428571429,117.889,129.67144444444446,3.1299999999999955,5.179999999999993,110.0,109.52,121.24,0.023051762299261692,0.03749410261405814,-10.969999999999999,1
2025-04-03,101.66,105.48,101.46,103.37,338769400,-0.07808107372812188,109.22142857142856,116.61433333333333,129.18255555555555,-1.710000000000008,4.02000000000001,110.27,108.23,120.52,0.03316180264926178,0.039568962498757826,-18.86,0
2025-04-04,94.18,99.99,91.98,98.77,532273800,-0.07357859531772565,106.44714285714285,115.27933333333334,128.60188888888888,-4.589999999999989,8.009999999999991,101.66,110.0,113.6,0.03632586235727366,0.04089151499250762,-19.419999999999987,0
2025-04-07,97.5,101.61,86.5,87.34,611041300,0.035251645784667586,104.48,114.193,128.11044444444445,10.159999999999997,15.11,94.18,110.27,111.27,0.04316016344653082,0.041556082877747716,-13.769999999999996,1
2025-04-08,96.17,105.7,94.33,103.66,476243400,-0.013641025641025624,102.57285714285715,113.184,127.66999999999999,-7.489999999999995,11.370000000000005,97.5,101.66,109.52,0.04318464154701166,0.04140777889371083,-13.349999999999994,0
2025-04-09,114.17,114.94,97.39,98.75,612918300,0.18716855568264532,103.42142857142858,112.62033333333332,127.41955555555556,15.420000000000002,17.549999999999997,96.17,94.18,108.23,0.08890180499439297,0.05418107901835789,5.939999999999998,1
2025-04-10,107.42,110.7,99.01,109.22,437812400,-0.0591223613909083,103.05285714285715,112.202,127.11166666666666,-1.7999999999999972,11.689999999999998,114.17,97.5,110.0,0.09262175534066125,0.05304091302576857,-2.5799999999999983,0
2025-04-11,110.77,111.39,107.33,108.35,313417300,0.03118599888288954,103.12428571428572,111.73666666666666,126.80877777777779,2.4200000000000017,4.060000000000002,107.42,96.17,110.27,0.09337883693470975,0.05283109397876138,0.5,1
2025-04-14,110.56,114.13,108.92,113.95,264705000,-0.0018958201679154442,104.39571428571428,111.62566666666666,126.49933333333334,-3.3900000000000006,5.209999999999994,110.77,114.17,101.66,0.08637146229135077,0.050378684276480915,8.900000000000006,0
2025-04-15,112.04,113.46,110.35,110.81,228966900,0.013386396526772829,106.94714285714285,111.49966666666666,126.18822222222221,1.230000000000004,3.1099999999999994,110.56,107.42,94.18,0.07727337169472075,0.05034202857661001,17.86,1
2025-04-16,104.34,106.64,100.31,104.4,397016900,-0.06872545519457339,107.92428571428572,111.07333333333332,125.73744444444444,-0.060000000000002274,6.329999999999998,112.04,110.77,97.5,0.08512430316187818,0.05182462501287157,6.840000000000003,0
2025-04-17,101.35,104.32,99.91,104.3,292517500,-0.028656315890358528,108.66428571428571,110.77133333333333,125.25422222222221,-2.950000000000003,4.409999999999997,104.34,110.56,96.17,0.08608023019081014,0.051037303843485565,5.179999999999993,0
2025-04-21,96.77,99.3,94.91,98.63,288501100,-0.04518993586581153,106.17857142857143,110.24633333333333,124.7491111111111,-1.8599999999999994,4.390000000000001,101.35,112.04,114.17,0.03791425999471674,0.051483940636565896,-17.400000000000006,0
2025-04-22,98.75,99.67,97.14,98.64,241004800,0.02046088663842104,104.93999999999998,109.97733333333332,124.30633333333333,0.10999999999999943,2.530000000000001,96.77,104.34,107.42,0.03710145368117611,0.050885129026066386,-8.670000000000002,1
2025-04-23,102.57,104.65,101.88,104.37,247526000,0.0386835443037974,103.76857142857143,109.77633333333333,123.94744444444444,-1.8000000000000114,2.7700000000000102,98.75,101.35,110.77,0.03861149945574406,0.05131192305409061,-8.200000000000003,1
2025-04-24,106.28,106.39,102.97,103.34,220815000,0.036170420200838535,103.15714285714284,109.46633333333332,123.58277777777779,2.9399999999999977,3.4200000000000017,102.57,96.77,110.56,0.042475827377137,0.050332422285623984,-4.280000000000001,1
2025-04-25,110.85,111.76,105.58,106.7,251064700,0.042999623635679274,102.98714285714286,109.31400000000001,123.29066666666668,4.1499999999999915,6.180000000000007,106.28,98.75,112.04,0.04592792397038525,0.05098756340898234,-1.190000000000012,1
2025-04-28,108.58,110.22,105.87,109.54,207708500,-0.020478123590437495,103.59285714285714,108.88333333333334,123.00766666666667,-0.960000000000008,4.349999999999994,110.85,102.57,104.34,0.03669367048894182,0.05011643968152981,4.239999999999995,0
2025-04-29,108.87,110.05,107.29,107.52,170444300,0.0026708417756493483,104.66714285714286,108.53366666666666,122.75288888888889,1.3500000000000085,2.759999999999991,108.58,106.28,101.35,0.03349269692424192,0.05004335955647701,7.52000000000001,1
2025-04-30,108.77,108.77,103.93,104.32,235044600,-0.0009185266832002253,106.38142857142859,108.317,122.51477777777778,4.450000000000003,4.839999999999989,108.87,110.85,96.77,0.02400207590865497,0.04966861564662319,12.0,0
2025-05-01,111.45,114.78,111.14,112.92,236121500,0.02463914682357274,108.19571428571429,108.11999999999999,122.32288888888888,-1.4699999999999989,3.6400000000000006,108.77,108.58,98.75,0.0241515354672961,0.04976821103719901,12.700000000000003,1
2025-05-02,114.34,115.24,113.21,114.02,190194800,0.025930910722296998,109.87714285714286,107.986,122.14344444444444,0.3200000000000074,2.030000000000001,111.45,108.87,102.57,0.022743134771083477,0.049978959600632485,11.77000000000001,1
2025-05-05,113.66,114.51,112.5,112.75,133163200,-0.00594717509183144,110.93142857142857,107.85666666666665,121.91188888888888,0.9099999999999966,2.010000000000005,114.34,108.77,106.28,0.022034287659133536,0.0499745862864098,7.3799999999999955,0
2025-05-06,113.38,114.58,110.66,111.32,158525600,-0.0024634875945803375,111.29285714285713,107.59466666666665,121.62211111111111,2.0600000000000023,3.9200000000000017,113.66,111.45,110.85,0.01668242795837277,0.04962127536786408,2.530000000000001,0
2025-05-07,116.9,117.52,112.12,112.89,206758800,0.031046039865937645,112.48142857142857,107.47399999999999,121.36533333333333,4.010000000000005,5.3999999999999915,113.38,114.34,108.58,0.01575914922440403,0.04995498465167868,8.320000000000007,1
2025-05-08,117.21,118.51,115.69,118.08,198428100,0.002651839178785184,113.67285714285713,107.59433333333332,121.11522222222223,-0.8700000000000045,2.8200000000000074,116.9,113.66,108.87,0.01576076604753619,0.048757795859348814,8.33999999999999,1
2025-05-09,116.49,118.06,115.05,117.19,132972200,-0.006142820578448929,114.77571428571427,107.76833333333333,120.88944444444445,-0.7000000000000028,3.010000000000005,117.21,113.38,108.77,0.01650888509351739,0.04859789237629948,7.719999999999999,0
2025-05-12,122.83,122.83,120.11,121.8,225023300,0.0544252725555842,116.40142857142858,108.212,120.72888888888889,1.0300000000000011,2.719999999999999,116.49,116.9,111.45,0.02334611060748568,0.04936615627610302,11.379999999999995,1
2025-05-13,129.75,131.04,124.3,124.81,330430100,0.0563380281690141,118.60285714285715,108.92933333333333,120.68066666666667,4.939999999999998,6.739999999999995,122.83,117.21,114.34,0.028211362795274687,0.05013020495837692,15.409999999999997,1
2025-05-14,135.15,135.25,131.5,133.01,281180800,0.04161849710982663,121.67285714285715,109.76766666666666,120.64788888888889,2.140000000000015,3.75,129.75,116.49,113.66,0.02702878866185747,0.05049957327370328,21.49000000000001,1
2025-05-15,134.64,136.11,132.47,134.1,226632600,-0.00377358490566052,124.71000000000001,110.58,120.54111111111109,0.539999999999992,3.640000000000015,135.15,122.83,113.38,0.027257076018298135,0.050536263201579744,21.25999999999999,0
2025-05-16,135.21,136.16,133.27,136.03,226542500,0.004233511586452924,127.32571428571428,111.69833333333334,120.38555555555557,-0.8199999999999932,2.8899999999999864,134.64,129.75,116.9,0.028162005826504233,0.04787330952645948,18.310000000000002,1
2025-05-19,135.38,135.68,132.2,132.2,193154600,0.0012573034538864542,129.92142857142858,113.07166666666666,120.335,3.180000000000007,3.480000000000018,135.21,135.15,117.21,0.028320691208264758,0.04521088242242072,18.17,1
2025-05-20,134.19,134.39,132.43,134.1,161514200,-0.008790072388831421,132.45,114.29466666666666,120.27155555555557,0.09000000000000341,1.9599999999999795,135.38,134.64,116.49,0.028759946416423536,0.045182006607414185,17.700000000000003,0
2025-05-21,131.62,137.21,130.41,132.87,270608700,-0.01915194872941347,133.70571428571427,115.47633333333333,120.2261111111111,-1.25,6.800000000000011,134.19,135.21,122.83,0.027835275901395562,0.04529937610978814,8.790000000000006,0
2025-05-22,132.64,134.06,131.37,132.04,187344000,0.007749582130375184,134.1185714285714,116.09200000000001,120.22177777777779,0.5999999999999943,2.6899999999999977,131.62,135.38,129.75,0.019119994956367587,0.03083546106253707,2.8899999999999864,1
2025-05-23,131.11,132.49,128.98,129.82,198821300,-0.011534981905910532,133.54142857142855,116.88166666666666,120.21677777777776,1.2900000000000205,3.5100000000000193,132.64,134.19,135.15,0.009506654915523114,0.028536221704793543,-4.039999999999992,0
2025-05-27,135.31,135.47,133.12,133.96,192953600,0.03203416978109975,133.63714285714286,117.69966666666667,120.20866666666667,1.3499999999999943,2.3499999999999943,131.11,131.62,134.64,0.016723556894286437,0.028561358652682518,0.6700000000000159,1
2025-05-28,134.62,137.06,134.6,135.84,304021100,-0.005099401374621223,133.55285714285714,118.50166666666668,120.22255555555554,-1.2199999999999989,2.460000000000008,135.31,132.64,135.21,0.016778764137434413,0.028602064099234232,-0.5900000000000034,0
2025-05-29,139.0,143.29,137.72,142.05,369241900,0.03253602733620558,134.07,119.40033333333334,120.23922222222221,-3.0500000000000114,5.569999999999993,134.62,131.11,135.38,0.020968241618410016,0.028961376289543202,3.6200000000000045,1
2025-05-30,134.94,139.42,132.73,138.53,333170900,-0.029208633093525196,134.17714285714285,120.42033333333333,120.17611111111111,-3.5900000000000034,6.689999999999998,139.0,135.31,134.19,0.024208034205391717,0.0261295276285261,0.75,0
2025-06-02,137.19,137.93,135.21,135.3,197663100,0.016674077367718986,134.97285714285715,121.61500000000001,120.06877777777778,1.8899999999999864,2.719999999999999,134.94,134.62,131.62,0.02298211858938895,0.02517386635498086,5.569999999999993,1
2025-06-03,141.02,141.8,137.76,138.59,225578800,0.027917486697281235,136.17000000000002,123.09,120.00233333333334,2.430000000000007,4.0400000000000205,137.19,139.0,132.64,0.02443236943244547,0.023051308492458504,8.380000000000024,1
2025-06-04,141.72,142.19,139.34,141.99,167120800,0.004963834917032964,137.68571428571428,124.52233333333334,119.99466666666667,-0.27000000000001023,2.8499999999999943,141.02,134.94,131.11,0.022861391680259958,0.0230493063127542,10.609999999999985,1
2025-06-05,139.79,143.8,138.64,141.97,231397900,-0.013618402483770864,138.32571428571427,125.76299999999999,120.2341111111111,-2.180000000000007,5.160000000000025,141.72,137.19,135.31,0.02250371517280919,0.022968056726267175,4.47999999999999,0
2025-06-06,141.52,143.07,141.31,142.31,153986200,0.01237570641676814,139.31142857142856,126.93766666666667,120.37544444444444,-0.789999999999992,1.759999999999991,139.79,141.02,134.62,0.022179005852167203,0.022460699935022393,6.900000000000006,1
2025-06-09,142.43,144.8,141.74,142.99,185114500,0.006430186546071202,139.80142857142857,127.99033333333334,120.58555555555556,-0.5600000000000023,3.0600000000000023,141.52,141.72,139.0,0.019244126859392856,0.021573331433317695,3.430000000000007,1
2025-06-10,143.76,144.09,141.33,142.49,155881900,0.009337920381941894,141.0614285714286,129.16299999999998,120.8,1.2699999999999818,2.759999999999991,142.43,139.79,134.94,0.012666176564033127,0.020862024694114134,8.819999999999993,1
2025-06-11,142.64,144.8,141.68,144.42,167694000,-0.007790762381747389,141.84,130.28866666666667,121.05277777777778,-1.7800000000000011,3.1200000000000045,143.76,141.52,137.19,0.013587256081139417,0.021068363147436216,5.449999999999989,0
2025-06-12,144.81,144.81,141.66,141.78,162365000,0.015213123948401684,142.38142857142856,131.48999999999998,121.36744444444444,3.030000000000001,3.1500000000000057,142.64,142.43,141.02,0.01064953629911969,0.021005459961412384,3.789999999999992,1
2025-06-13,141.78,143.39,140.66,142.29,180820600,-0.020923969339134044,142.39000000000001,132.501,121.62644444444443,-0.5099999999999909,2.7299999999999898,144.81,143.76,141.72,0.014124216345800116,0.021535665523859306,0.060000000000002274,0
2025-06-16,144.5,145.99,143.01,143.16,183133700,0.01918465227817745,143.06285714285715,133.50633333333334,121.8471111111111,1.3400000000000034,2.980000000000018,141.78,142.64,139.79,0.014237482646491708,0.02137961587622011,4.710000000000008,1
2025-06-17,143.93,145.03,143.59,144.3,139108000,-0.003944636678200645,143.40714285714287,134.51533333333333,122.01866666666668,-0.37000000000000455,1.4399999999999977,144.5,144.81,141.52,0.014132233424910665,0.02133748716110262,2.4099999999999966,0
2025-06-18,145.29,145.46,142.93,143.82,161494100,0.009449037726672585,143.81571428571428,135.579,122.19244444444445,1.4699999999999989,2.530000000000001,143.93,141.78,142.43,0.01431697911644644,0.021244416936775527,2.859999999999985,1
2025-06-20,143.66,146.01,142.46,145.26,242956200,-0.011218941427489817,143.80142857142854,136.471,122.30677777777778,-1.5999999999999943,3.549999999999983,145.29,144.5,143.76,0.014881238032175389,0.021099672032426305,-0.09999999999999432,0
2025-06-23,143.98,144.59,141.84,142.31,154308900,0.0022274815536683363,143.99285714285713,137.36333333333332,122.43322222222221,1.6699999999999875,2.75,143.66,143.93,142.64,0.014484045434108079,0.02110290335454455,1.3400000000000034,1
2025-06-24,147.7,147.76,145.31,145.37,187566100,0.025836921794693702,144.40571428571428,138.40366666666668,122.61944444444444,2.329999999999984,2.4499999999999886,143.98,145.29,144.81,0.016575060351014678,0.021218687554758694,2.8899999999999864,1
2025-06-25,154.1,154.24,149.06,149.07,269146500,0.043331076506432,146.16571428571427,139.446,122.83066666666667,5.030000000000001,5.180000000000007,147.7,143.66,141.78,0.018797026173023836,0.020467919370496798,12.319999999999993,1
2025-06-26,154.81,156.51,153.8,155.77,198145700,0.004607397793640545,147.6385714285714,140.28133333333332,123.01033333333332,-0.960000000000008,2.7099999999999795,154.1,143.98,144.5,0.018691571204105233,0.018301112526955196,10.310000000000002,1
2025-06-27,157.54,158.5,155.05,155.83,263234500,0.017634519733867256,149.58285714285714,141.02766666666668,123.21422222222223,1.7099999999999795,3.4499999999999886,154.81,147.7,143.93,0.017756601647000797,0.017184170157415225,13.609999999999985,1
2025-06-30,157.78,158.45,155.75,158.19,194580300,0.0015234226228260067,151.36714285714285,141.79899999999998,123.42266666666667,-0.4099999999999966,2.6999999999999886,157.54,154.1,145.29,0.01827509547885923,0.01711517527908652,12.490000000000009,1
2025-07-01,153.1,156.99,151.29,156.08,213143600,-0.02966155406261888,152.71571428571428,142.39533333333333,123.56933333333333,-2.980000000000018,5.700000000000017,157.78,154.81,143.66,0.022918494277968014,0.01827698364508929,9.439999999999998,0
2025-07-02,157.04,157.39,152.77,152.78,171224100,0.025734813847158707,154.58142857142857,143.1173333333333,123.82277777777777,4.259999999999991,4.619999999999976,153.1,157.54,143.98,0.023416529599278577,0.018677906536759457,13.060000000000002,1
2025-07-03,159.13,160.77,157.56,158.16,143716100,0.013308711156393298,156.21428571428572,143.94866666666667,124.14544444444442,0.9699999999999989,3.210000000000008,157.04,157.78,147.7,0.022714731778149966,0.018545402397106767,11.430000000000007,1
2025-07-07,158.03,159.1,157.13,157.99,140139000,-0.006912587192861147,156.7757142857143,144.829,124.49644444444445,0.03999999999999204,1.9699999999999989,159.13,153.1,154.1,0.018272001997986172,0.018105513692871934,3.930000000000007,0
2025-07-08,159.79,160.01,158.18,159.12,138133000,0.011137125862178009,157.48714285714283,145.73399999999998,124.81544444444445,0.6699999999999875,1.829999999999984,158.03,157.04,154.81,0.018488592381342785,0.018125599806479535,4.97999999999999,1
2025-07-09,162.66,164.2,160.95,161.01,183656400,0.017961073909506256,158.21857142857144,146.78566666666666,125.28977777777777,1.6500000000000057,3.25,159.79,159.13,157.54,0.018527097194804398,0.017918854435899058,5.1200000000000045,1
2025-07-10,163.88,164.28,161.4,164.1,167704100,0.00750030738964711,159.09,147.73799999999997,125.72477777777777,-0.21999999999999886,2.8799999999999955,162.66,158.03,157.78,0.018492528110242247,0.017303586116222895,6.099999999999994,1
2025-07-11,164.7,167.67,163.25,163.5,193633300,0.005003661215523513,160.74714285714285,148.74066666666667,126.28933333333335,1.1999999999999886,4.4199999999999875,163.88,159.79,153.1,0.010315524630884107,0.017166813256619902,11.599999999999994,1
2025-07-14,163.85,165.27,161.8,165.15,136975800,-0.00516089860352152,161.72,149.569,126.823,-1.3000000000000114,3.469999999999999,164.7,162.66,157.04,0.009285460079977464,0.01659475735968921,6.810000000000002,0
2025-07-15,170.47,172.17,168.97,170.96,230627400,0.04040280744583463,163.33999999999997,150.75333333333336,127.41566666666667,-0.4900000000000091,3.1999999999999886,163.85,163.88,159.13,0.0160005317594387,0.016421211546148305,11.340000000000003,1
2025-07-16,171.14,171.52,168.68,170.83,158831500,0.003930310318531046,165.21285714285713,151.88499999999996,128.09044444444444,0.30999999999997385,2.8400000000000034,170.47,164.7,158.03,0.014550626442314012,0.016352458891854778,13.109999999999985,1
2025-07-17,172.77,173.93,170.6,171.79,160841100,0.009524366016127288,167.06714285714287,152.94333333333333,128.7598888888889,0.9800000000000182,3.3300000000000125,171.14,163.85,159.79,0.014570808117563313,0.01590010634552855,12.980000000000018,1
2025-07-18,172.18,174.02,171.03,173.41,146456400,-0.0034149447241998226,168.42714285714285,153.9586666666667,129.48611111111111,-1.2299999999999898,2.990000000000009,172.77,170.47,162.66,0.015171851482700914,0.016008740391733334,9.52000000000001,0
2025-07-21,171.15,173.15,170.77,172.52,123126100,-0.005982111743524225,169.46571428571428,155.004,130.1811111111111,-1.3700000000000045,2.3799999999999955,172.18,171.14,163.88,0.016110403750259933,0.015733976139389066,7.27000000000001,0
2025-07-22,166.81,171.16,164.36,171.11,193114300,-0.025357873210633965,169.76714285714283,155.847,130.75033333333332,-4.300000000000011,6.799999999999983,171.15,172.77,164.7,0.02011585090157501,0.016755249728675845,2.1100000000000136,0
2025-07-23,170.55,171.03,167.75,169.3,154082200,0.02242071818236322,170.72428571428574,156.78433333333334,131.36288888888888,1.25,3.280000000000001,166.81,172.18,163.85,0.021155747242047003,0.017033604465233106,6.700000000000017,1
2025-07-24,173.51,173.6,171.07,172.21,128984600,0.017355614189387154,171.15857142857143,157.77599999999998,131.94077777777775,1.299999999999983,2.530000000000001,170.55,171.15,170.47,0.016081923483611895,0.017147647363591548,3.039999999999992,1
2025-07-25,173.27,174.49,172.73,173.38,122316800,-0.001383205578929057,171.46285714285713,158.797,132.53977777777777,-0.10999999999998522,1.7600000000000193,173.51,166.81,171.14,0.01613614760522149,0.017003703424301634,2.130000000000024,0
2025-07-28,176.51,176.76,173.74,173.79,140023500,0.01869914007041023,171.99714285714285,159.8536666666667,133.22022222222222,2.719999999999999,3.019999999999982,173.27,170.55,172.77,0.01719819161020555,0.017076038789831393,3.7399999999999807,1
2025-07-29,175.28,179.14,174.79,177.72,154077500,-0.006968443714237096,172.44000000000003,160.97033333333331,133.86377777777778,-2.4399999999999977,4.349999999999994,176.51,173.51,172.18,0.017475883350697267,0.016475380241919524,3.0999999999999943,0
2025-07-30,179.03,179.65,175.81,176.28,174312200,0.021394340483797354,173.56571428571428,162.12133333333335,134.5378888888889,2.75,3.8400000000000034,175.28,173.27,171.15,0.01825915173374305,0.016535518711782386,7.8799999999999955,1
2025-07-31,177.63,183.06,175.7,182.66,221685400,-0.007819918449421917,175.1114285714286,163.24466666666666,135.20555555555555,-5.030000000000001,7.360000000000014,179.03,176.51,166.81,0.01380378643140919,0.01664118458284285,10.819999999999993,0
2025-08-01,173.49,176.31,170.66,173.86,204529000,-0.023306873838878493,175.53142857142853,164.18466666666666,135.7861111111111,-0.37000000000000455,5.650000000000006,177.63,175.28,170.55,0.016917899965444114,0.017536983298746905,2.9399999999999977,0
2025-08-04,179.76,179.96,174.29,174.93,148174600,0.03614041155109794,176.42428571428567,165.388,136.44433333333333,4.829999999999984,5.670000000000016,173.49,179.03,173.51,0.020717722745743426,0.01805032058181852,6.25,1
2025-08-05,178.02,180.02,175.67,179.38,156407600,-0.009679572763684806,177.10285714285715,166.52266666666665,137.16011111111112,-1.3599999999999852,4.350000000000023,179.76,177.63,173.27,0.021386978303189138,0.018302963720514348,4.75,0
2025-08-06,179.18,179.66,176.02,176.1,137192300,0.006516121784069186,177.4842857142857,167.572,137.91466666666668,3.0800000000000125,3.6399999999999864,178.02,173.49,176.51,0.020473875616868017,0.017963528728113083,2.670000000000016,1
2025-08-07,180.53,183.64,178.56,181.33,151878400,0.007534323027123531,178.2342857142857,168.45299999999997,138.70366666666666,-0.8000000000000114,5.079999999999984,179.18,179.76,175.28,0.020107191317968665,0.016575938708694764,5.25,1
2025-08-08,182.46,183.06,180.16,181.31,123396700,0.010690743920678042,178.7242857142857,169.37466666666666,139.52844444444446,1.1500000000000057,2.9000000000000057,180.53,178.02,179.03,0.018974233666818354,0.016602808751786664,3.430000000000007,1
2025-08-11,181.82,183.6,180.01,181.81,138323200,-0.003507618108078564,179.32285714285717,170.18400000000003,140.32644444444446,0.009999999999990905,3.5900000000000034,182.46,179.18,177.63,0.01863639157296076,0.01652400707445272,4.189999999999998,0
2025-08-12,182.92,184.23,179.22,182.72,145485700,0.006049939500604963,180.67,171.022,141.13366666666667,0.19999999999998863,5.009999999999991,181.82,180.53,173.49,0.014431505272628951,0.01651257803560473,9.429999999999978,1
2025-08-13,181.35,183.73,179.11,182.38,179871700,-0.008582987098184962,180.89714285714285,171.96366666666665,142.0191111111111,-1.0300000000000011,4.619999999999976,182.92,182.46,179.76,0.008348247899515436,0.015394284678770118,1.5900000000000034,0
2025-08-14,181.78,182.78,179.22,179.51,129554000,0.0023711055969120863,181.43428571428572,172.78833333333333,142.99244444444443,2.2700000000000102,3.5600000000000023,181.35,181.82,178.02,0.0068103148422288635,0.014933759334875403,3.759999999999991,1
2025-08-15,180.21,181.66,177.8,181.64,156602200,-0.008636813730883448,181.5814285714286,173.49099999999999,143.91144444444444,-1.4299999999999784,3.859999999999985,181.78,182.92,179.18,0.007840526387598091,0.015049542386832709,1.0300000000000011,0
2025-08-18,181.77,182.7,180.35,180.36,132008000,0.008656567338105556,181.75857142857143,174.28233333333336,144.86255555555556,1.4099999999999966,2.3499999999999943,180.21,181.35,180.53,0.008009739517845917,0.014918714761485924,1.240000000000009,1
2025-08-19,175.41,182.26,175.26,182.19,185229200,-0.03498927215712171,180.75142857142856,174.803,145.54299999999998,-6.780000000000001,7.0,181.77,181.78,182.46,0.014655443864004882,0.01653106035690579,-7.050000000000011,0
2025-08-20,175.17,175.77,168.58,174.94,215142700,-0.0013682230203523693,179.80142857142854,175.22,146.29577777777777,0.22999999999998977,7.189999999999998,175.41,180.21,181.82,0.014726537035668766,0.01631297545268719,-6.650000000000006,0
2025-08-21,174.75,176.66,173.58,174.62,140040900,-0.0023976708340468548,178.6342857142857,175.58233333333334,147.00666666666666,0.12999999999999545,3.079999999999984,175.17,181.77,182.92,0.013976659610339535,0.016310564423670775,-8.169999999999987,0
2025-08-22,177.75,178.35,170.97,172.38,172789400,0.017167381974248927,178.11999999999998,176.0173333333333,147.7532222222222,5.3700000000000045,7.3799999999999955,174.75,175.41,181.35,0.016477742016847083,0.016530536733208142,-3.5999999999999943,1
2025-08-25,179.57,181.67,176.34,178.11,163012800,0.010239099859352986,177.8042857142857,176.5413333333333,148.50355555555558,1.4599999999999795,5.329999999999984,177.75,175.17,181.78,0.017139739167959227,0.01651787008732648,-2.210000000000008,1
2025-08-26,181.53,182.15,178.57,179.82,168688200,0.010914963523973982,177.9928571428571,176.91,149.36122222222224,1.710000000000008,3.5800000000000125,179.57,174.75,180.21,0.017396558409473087,0.015038173882389698,1.3199999999999932,1
2025-08-27,181.36,182.25,178.86,181.74,235518900,-0.0009364843276592711,177.93428571428572,177.2506666666667,150.25022222222222,-0.37999999999999545,3.3899999999999864,181.53,177.75,181.77,0.017083976012329673,0.015045191219639393,-0.4099999999999966,0
2025-08-28,179.93,184.22,176.18,180.58,281787800,-0.007884869872077673,178.58,177.48933333333335,151.17422222222223,-0.6500000000000057,8.039999999999992,181.36,179.57,175.41,0.009080718094788012,0.015082446911746787,4.52000000000001,0
2025-08-29,173.95,177.91,172.92,177.87,243257900,-0.033235147001611835,178.40571428571428,177.54833333333332,152.00977777777777,-3.920000000000016,4.990000000000009,179.93,181.53,175.17,0.016766502769595074,0.016344922413295302,-1.2199999999999989,0
2025-09-02,170.55,172.15,167.0,169.77,231164900,-0.019545846507617003,177.8057142857143,177.52833333333334,152.7651111111111,0.7800000000000011,5.150000000000006,173.95,181.36,174.75,0.018215969438971833,0.01671301593209672,-4.199999999999989,0
2025-09-03,170.39,172.18,168.66,170.83,164424900,-0.000938141307534594,176.75428571428571,177.64766666666665,153.47744444444444,-0.44000000000002615,3.5200000000000102,170.55,179.93,177.75,0.01596782234139889,0.0160145496938368,-7.360000000000014,0
2025-09-04,171.43,171.63,169.18,170.34,141670100,0.006103644580081111,175.5914285714286,177.67700000000002,154.15055555555554,1.0900000000000034,2.4499999999999886,170.39,173.95,179.57,0.015334600214645668,0.015525686223924848,-8.139999999999986,1
2025-09-05,166.8,168.81,163.85,167.81,224441400,-0.027008108265764424,173.48714285714286,177.45333333333335,154.79744444444444,-1.009999999999991,4.960000000000008,171.43,170.55,181.53,0.014846508625248788,0.01595096674632367,-14.72999999999999,0
2025-09-08,168.09,170.73,167.13,167.33,163769100,0.007733812949640239,171.59142857142857,177.28066666666666,155.45544444444445,0.7599999999999909,3.5999999999999943,166.8,170.39,181.36,0.016214298090303076,0.01603380076565395,-13.27000000000001,1
2025-09-09,170.53,170.75,166.52,168.87,157548400,0.014516033077517983,170.24857142857144,177.08133333333333,156.14166666666668,1.6599999999999966,4.22999999999999,168.09,171.43,179.93,0.01885407173214342,0.015875005142891235,-9.400000000000006,1
2025-09-10,177.09,179.05,175.24,176.41,226852000,0.03846830469712075,170.69714285714286,177.14166666666668,156.871,0.6800000000000068,3.8100000000000023,170.53,166.8,173.95,0.02178138886845415,0.017384219117806975,3.140000000000015,1
2025-09-11,176.94,180.05,176.26,179.45,151159300,-0.0008470269354565796,171.60999999999999,177.072,157.56655555555557,-2.509999999999991,3.7900000000000205,177.09,168.09,170.55,0.01963004514854352,0.016930250051550154,6.389999999999986,0
2025-09-12,177.59,178.37,176.23,177.54,124911000,0.0036735616593195756,172.63857142857142,177.07066666666665,158.2768888888889,0.05000000000001137,2.140000000000015,176.94,170.53,170.39,0.019457223287999793,0.01688308467447921,7.200000000000017,1
2025-09-15,177.52,178.62,174.29,175.45,147061600,-0.0003941663381946798,173.50857142857146,177.205,158.98955555555554,2.0700000000000216,4.3300000000000125,177.59,177.09,171.43,0.019610935651435263,0.016294264381589384,6.090000000000003,0
2025-09-16,174.66,177.27,174.16,176.77,140737800,-0.0161108607480848,174.63142857142856,177.035,159.63133333333332,-2.1100000000000136,3.1100000000000136,177.52,176.94,166.8,0.016872863064492122,0.015149202679879209,7.859999999999985,0
2025-09-17,170.07,172.98,168.2,172.42,211843800,-0.026279628993473053,174.91428571428574,176.77,160.21866666666665,-2.3499999999999943,4.780000000000001,174.66,177.59,168.09,0.02093972286928598,0.015773233277460174,1.9799999999999898,0
2025-09-18,176.02,176.87,172.74,173.76,191763300,0.03498559416710776,175.69857142857146,176.66466666666668,160.8801111111111,2.2600000000000193,4.1299999999999955,170.07,177.52,170.53,0.024180115317929084,0.017069162499693872,5.490000000000009,1
2025-09-19,176.44,177.85,174.96,175.55,237182100,0.0023860924894897593,175.60571428571433,176.52833333333334,161.47577777777778,0.8899999999999864,2.8899999999999864,176.02,174.66,177.09,0.019119258110500997,0.0170118859473376,-0.6500000000000057,1
2025-09-22,183.38,184.31,174.49,175.08,269637000,0.03933348447064156,176.5257142857143,176.55900000000003,162.07166666666666,8.299999999999983,9.819999999999993,176.44,170.07,176.94,0.024285576334649846,0.018414693528672598,6.439999999999998,1
2025-09-23,178.2,182.19,175.99,181.74,192559600,-0.02824735521867165,176.61285714285714,176.43833333333333,162.55,-3.5400000000000205,6.199999999999989,183.38,176.02,177.59,0.02744830776471141,0.019132499753424743,0.6099999999999852,0
2025-09-24,176.74,179.55,175.18,179.54,143564100,-0.008193041526374746,176.50142857142856,176.23233333333332,163.01777777777778,-2.799999999999983,4.3700000000000045,178.2,176.44,177.52,0.027662792260524264,0.01914124450666356,-0.7800000000000011,0
2025-09-25,177.46,180.03,172.91,174.26,191586700,0.004073780694805923,176.9014285714286,176.10266666666666,163.48722222222221,3.200000000000017,7.1200000000000045,176.74,183.38,174.66,0.026778326353997305,0.019107072881575454,2.8000000000000114,1
2025-09-26,177.96,179.54,174.71,177.94,148573700,0.002817536346218866,178.0285714285714,175.9753333333333,163.96033333333332,0.020000000000010232,4.829999999999984,177.46,178.2,170.07,0.023624529800137697,0.019109597058122128,7.890000000000015,1
2025-09-29,181.62,183.77,180.09,180.2,193063500,0.020566419420094382,178.82857142857142,176.02233333333334,164.48733333333334,1.420000000000016,3.680000000000007,177.96,176.74,176.02,0.021261335941245425,0.019423695511562377,5.599999999999994,1
2025-09-30,186.34,187.11,181.25,181.85,236981000,0.02598832727673163,180.24285714285716,176.17466666666667,165.09533333333334,4.490000000000009,5.860000000000014,181.62,177.46,176.44,0.022662833428868667,0.019927662885950572,9.900000000000006,1
2025-10-01,187.0,187.9,183.67,185.0,173844900,0.0035419126328217056,180.76,176.561,165.69933333333333,2.0,4.230000000000018,186.34,177.96,183.38,0.017982280146788977,0.018732660673555616,3.6200000000000045,1
2025-10-02,188.65,190.81,187.82,189.36,136805800,0.008823529411764737,182.25285714285715,177.01033333333334,166.33866666666668,-0.710000000000008,2.990000000000009,187.0,181.62,178.2,0.011591383844329775,0.018756165931929282,10.450000000000017,1
2025-10-03,187.38,190.12,185.14,188.95,137596900,-0.006732043466737398,183.77285714285713,177.43133333333336,166.91722222222222,-1.5699999999999932,4.980000000000018,188.65,186.34,176.74,0.011254621749189349,0.018812947821929136,10.639999999999986,0
2025-10-06,185.3,186.99,183.1,185.26,157678100,-0.011100437613405829,184.89285714285714,177.683,167.48033333333336,0.040000000000020464,3.890000000000015,187.38,187.0,177.46,0.013477559875851674,0.01876079097417651,7.840000000000003,0
2025-10-07,184.8,188.82,183.77,185.99,140088000,-0.002698327037236913,185.86999999999998,177.85733333333334,167.98922222222222,-1.1899999999999977,5.049999999999983,185.3,188.65,177.96,0.013868770295613462,0.018702943999050436,6.840000000000003,0
2025-10-08,188.87,189.36,186.3,186.33,130168900,0.022023809523809487,186.9057142857143,178.10199999999998,168.58844444444446,2.539999999999992,3.0600000000000023,184.8,187.38,181.62,0.01414118488168546,0.019010875039882896,7.25,1
2025-10-09,192.32,195.05,190.82,191.99,182997200,0.01826653253560644,187.76000000000002,178.46733333333336,169.201,0.3299999999999841,4.230000000000018,188.87,185.3,186.34,0.012500031488482242,0.01924795023918503,5.97999999999999,1
2025-10-10,182.93,195.37,181.82,193.26,268774400,-0.04882487520798662,187.17857142857142,178.56733333333332,169.66666666666666,-10.329999999999984,13.550000000000011,192.32,184.8,187.0,0.023796798131855226,0.021322456750214727,-4.069999999999993,0
2025-10-13,188.08,189.87,185.72,187.73,153482800,0.02815284535068062,187.09714285714287,179.03833333333333,170.1817777777778,0.35000000000002274,4.150000000000006,182.93,188.87,188.65,0.02636559526052013,0.020887570831366494,-0.5699999999999932,1
2025-10-14,179.8,184.56,179.47,184.53,205641400,-0.044023819651212256,186.01428571428573,179.34666666666666,170.62633333333335,-4.72999999999999,5.090000000000003,188.08,192.32,187.38,0.031239007216551033,0.02222646941633259,-7.579999999999984,0
2025-10-15,179.6,184.63,177.06,184.56,214450500,-0.0011123470522804062,185.20000000000002,179.65366666666668,171.04944444444445,-4.960000000000008,7.569999999999993,179.8,182.93,185.3,0.031166339722038944,0.022227286759111845,-5.700000000000017,0
2025-10-16,181.58,183.05,179.54,182.0,179723300,0.011024498886414356,184.74,179.99200000000002,171.48444444444445,-0.4199999999999875,3.5100000000000193,179.6,188.08,184.8,0.031691299888453636,0.022276745929572104,-3.219999999999999,1
2025-10-17,182.99,183.87,179.52,179.95,173135200,0.007765172375812295,183.9,180.53166666666667,171.92033333333333,3.0400000000000205,4.349999999999994,181.58,179.8,188.87,0.03031279189501931,0.02160114371963609,-5.8799999999999955,1
2025-10-20,182.41,184.96,181.5,182.9,128544700,-0.00316957210776552,182.4842857142857,181.009,172.36222222222221,-0.4900000000000091,3.460000000000008,182.99,179.6,192.32,0.028716527763661827,0.021616027267871003,-9.909999999999997,0
2025-10-21,180.93,182.56,179.57,182.56,124240200,-0.008113590263691628,182.19857142857146,181.35566666666668,172.76355555555557,-1.6299999999999955,2.990000000000009,182.41,181.58,182.93,0.02227405340178678,0.02159354048251744,-2.0,0
2025-10-22,180.05,183.21,176.53,180.91,162249600,-0.0048637594649864335,181.0514285714286,181.45433333333332,173.18877777777777,-0.8599999999999852,6.680000000000007,180.93,182.99,188.08,0.018086589845319228,0.020505839853507898,-8.030000000000001,0
2025-10-23,181.93,182.8,179.56,180.19,111363700,0.01044154401555121,181.3557142857143,181.6206666666667,173.60466666666667,1.740000000000009,3.240000000000009,180.05,182.41,179.8,0.007865091315118734,0.020578832988109905,2.1299999999999955,1
2025-10-24,186.02,187.23,183.27,183.61,131296700,0.022481174077942083,182.27285714285713,181.90166666666667,174.07233333333335,2.4099999999999966,3.9599999999999795,181.93,180.93,179.6,0.010917103120443144,0.02094216032389868,6.420000000000016,1
2025-10-27,191.25,191.76,188.19,189.75,153452700,0.02811525642404037,183.6542857142857,182.35933333333332,174.58300000000003,1.5,3.569999999999993,186.02,180.05,181.58,0.013956064411516629,0.021480944622131765,9.669999999999987,1
2025-10-28,200.77,202.89,191.67,192.8,297986200,0.04977777777777783,186.19428571428574,183.22966666666667,175.21755555555555,7.969999999999999,11.219999999999999,191.25,181.93,182.99,0.02122083893146657,0.0228170085844202,17.78,1
2025-10-29,206.78,211.92,204.52,207.72,308829600,0.029934751207849733,189.67571428571432,184.45333333333335,175.91533333333334,-0.9399999999999977,7.399999999999977,200.77,186.02,182.41,0.02055892740902372,0.02247321852794771,24.370000000000005,1
2025-10-30,202.63,205.9,201.15,204.89,178864400,-0.02006963923009965,192.7757142857143,185.34033333333335,176.5256666666667,-2.259999999999991,4.75,206.78,191.25,180.93,0.023413069408410158,0.02233808346057145,21.69999999999999,0
2025-10-31,202.23,207.71,201.81,206.19,179802200,-0.00197404135616644,195.94428571428574,186.2,177.06044444444444,-3.960000000000008,5.900000000000006,202.63,200.77,180.05,0.02299440570902242,0.022369472106030304,22.17999999999998,0
2025-11-03,206.62,211.07,205.3,207.81,180267300,0.021707956287395615,199.4714285714286,186.97466666666665,177.63611111111112,-1.1899999999999977,5.769999999999982,202.23,206.78,181.93,0.022856137947674007,0.0216511318341326,24.689999999999998,1
2025-11-04,198.44,203.71,197.68,202.74,188919300,-0.03958958474494244,201.24571428571429,187.64933333333335,178.09055555555554,-4.300000000000011,6.030000000000001,206.62,202.63,186.02,0.03149329012223684,0.022326009082222865,12.419999999999987,0
2025-11-05,194.96,202.66,194.4,198.52,171350300,-0.017536786938117263,201.7757142857143,188.2566666666667,178.50366666666667,-3.5600000000000023,8.259999999999991,198.44,202.23,191.25,0.0317699734132153,0.02256349771060281,3.710000000000008,0
2025-11-06,187.84,197.37,186.14,196.17,223029800,-0.036520311858842865,199.92857142857142,188.6026666666667,178.88966666666667,-8.329999999999984,11.230000000000018,194.96,206.62,200.77,0.027069677475124686,0.02371706528393323,-12.930000000000007,0
2025-11-07,187.91,188.08,178.68,184.66,264942300,0.00037265758091989555,197.2328571428571,188.93433333333334,179.23266666666666,3.25,9.400000000000006,187.84,198.44,206.78,0.021736460594027333,0.023718963937971682,-18.870000000000005,1
2025-11-10,198.8,199.69,193.54,194.86,198897100,0.05795327550423083,196.68571428571428,189.50700000000003,179.67344444444444,3.9399999999999977,6.150000000000006,187.91,194.96,202.63,0.03417541380473771,0.025628604207950212,-3.829999999999984,1
2025-11-11,192.91,195.17,191.06,194.91,176483300,-0.02962776659959766,195.3542857142857,189.72600000000003,180.061,-2.0,4.109999999999985,198.8,187.84,202.23,0.03570541892758721,0.02594302172840143,-9.319999999999993,0
2025-11-12,193.55,195.64,190.89,195.47,154935300,0.003317609247835855,193.48714285714286,189.94433333333333,180.4361111111111,-1.9199999999999875,4.75,192.91,187.91,206.62,0.03394484565904989,0.02594243956588055,-13.069999999999993,1
2025-11-13,186.62,191.2,183.62,190.81,207423100,-0.035804701627486474,191.79857142857145,189.87666666666667,180.7023333333333,-4.189999999999998,7.579999999999984,193.55,198.8,198.44,0.03339849699339196,0.02677269361725854,-11.819999999999993,0
2025-11-14,189.93,190.77,180.35,182.63,186591900,0.01773657700139322,191.07999999999998,189.96166666666664,180.99177777777777,7.300000000000011,10.420000000000016,186.62,192.91,194.96,0.03441181680067934,0.02693321327698198,-5.030000000000001,1
2025-11-17,186.36,188.76,184.09,185.73,173628900,-0.018796398673195353,190.8685714285714,189.997,181.23244444444444,0.6300000000000239,4.6699999999999875,189.93,193.55,187.84,0.03213005058543002,0.027086697966993468,-1.4799999999999898,0
2025-11-18,181.13,184.56,179.42,183.15,213598900,-0.02806396222365324,189.90000000000003,189.87466666666668,181.42444444444445,-2.0200000000000102,5.140000000000015,186.36,186.62,187.91,0.033730730199849936,0.027582782271507584,-6.780000000000001,0
2025-11-19,186.28,187.62,182.6,184.55,247246400,0.028432617457075062,188.1114285714286,189.78833333333336,181.60011111111112,1.7299999999999898,5.02000000000001,181.13,189.93,198.8,0.02540067055779566,0.02778571738209894,-12.52000000000001,1
2025-11-20,180.41,195.75,179.62,195.7,343504800,-0.03151170281296975,186.32571428571427,189.39133333333334,181.70311111111113,-15.289999999999992,16.129999999999995,186.28,186.36,192.91,0.025664611747077844,0.028135998313491135,-12.5,0
2025-11-21,178.65,184.32,172.71,181.01,346926200,-0.009755556787317725,184.19714285714286,189.24866666666668,181.76844444444444,-2.359999999999985,11.609999999999985,180.41,181.13,193.55,0.025067088102087767,0.026751908456768503,-14.900000000000006,0
2025-11-24,182.32,183.27,176.26,179.26,256618300,0.020542961097117198,183.58285714285714,189.0566666666667,181.8811111111111,3.0600000000000023,7.010000000000019,178.65,186.28,186.62,0.024861431249426833,0.026506353363915325,-4.300000000000011,1
2025-11-25,177.59,177.93,169.33,174.69,320600300,-0.02594339622641504,181.82000000000002,188.98300000000003,181.95266666666666,2.9000000000000057,8.599999999999994,182.32,180.41,189.93,0.024245929287585927,0.025679933497863076,-12.340000000000003,0
2025-11-26,180.03,182.68,178.01,181.4,183852000,0.013739512359930163,180.9157142857143,188.99733333333333,182.09955555555555,-1.3700000000000045,4.670000000000016,177.59,178.65,186.36,0.0252208880246383,0.025802509896300688,-6.3300000000000125,1
2025-11-28,176.77,179.06,176.28,178.78,121332800,-0.018108093095595128,180.29285714285717,188.837,182.16866666666667,-2.009999999999991,2.780000000000001,180.03,182.32,181.13,0.023928131962298767,0.025936726891338645,-4.359999999999985,0
2025-12-01,179.69,180.07,173.46,174.54,188131000,0.016518640040730823,179.35142857142858,188.727,182.23733333333334,5.150000000000006,6.609999999999985,176.77,177.59,186.28,0.021612359393914427,0.026082567957286265,-6.590000000000003,1
2025-12-02,181.23,185.42,179.77,181.53,182632200,0.008570315543435873,179.46857142857144,188.68766666666667,182.32577777777777,-0.30000000000001137,5.649999999999977,179.69,180.03,180.41,0.018478878778530074,0.02612574112376694,0.8199999999999932,1
2025-12-03,179.36,182.22,178.88,180.85,165138000,-0.010318379959167777,179.57,188.63533333333334,182.35744444444447,-1.4899999999999807,3.3400000000000034,181.23,176.77,178.65,0.01853357934034565,0.02615276544554851,0.710000000000008,0
2025-12-04,183.16,184.3,179.74,181.4,167364900,0.021186440677966004,179.69,188.739,182.445,1.759999999999991,4.560000000000002,179.36,179.69,182.32,0.01864955183269857,0.02641552817512252,0.8400000000000034,1
2025-12-05,182.19,184.44,180.69,183.67,143971100,-0.005295916138894949,180.34714285714284,188.74766666666665,182.4801111111111,-1.4799999999999898,3.75,183.16,181.23,177.59,0.014986757043608783,0.026375887281963096,4.599999999999994,0
2025-12-08,185.32,187.77,182.18,182.42,204378100,0.017179867171633983,181.10285714285712,188.72433333333336,182.56555555555556,2.9000000000000057,5.590000000000003,182.19,179.36,180.03,0.015418904183373126,0.026240136082253205,5.289999999999992,1
2025-12-09,184.74,185.49,183.1,185.33,144719700,-0.003129721562702267,182.24142857142857,188.50733333333335,182.69055555555556,-0.5900000000000034,2.390000000000015,185.32,183.16,176.77,0.012576795170156693,0.025708871038211817,7.969999999999999,0
2025-12-10,183.56,185.25,181.82,184.74,162785400,-0.006387355201905417,182.7942857142857,187.93366666666665,182.73277777777778,-1.1800000000000068,3.430000000000007,184.74,182.19,179.69,0.012480975079457357,0.02387565956844818,3.8700000000000045,0
2025-12-11,180.71,181.1,176.4,180.06,182136600,-0.01552625844410544,182.72000000000003,187.06466666666665,182.76266666666666,0.6500000000000057,4.699999999999989,183.56,185.32,181.23,0.013960879502286942,0.023164505025464455,-0.5199999999999818,0
2025-12-12,174.81,182.6,174.41,180.89,204274900,-0.032648995628354854,182.07,186.13733333333332,182.71411111111112,-6.079999999999984,8.189999999999998,180.71,184.74,179.36,0.018452954662628474,0.023571513881238567,-4.550000000000011,0
2025-12-15,176.08,178.2,174.82,177.72,164775600,0.007265030604656542,181.0585714285714,185.26566666666668,182.66466666666668,-1.6399999999999864,3.3799999999999955,174.81,183.56,183.16,0.015923584207990664,0.023667742040638352,-7.079999999999984,1
2025-12-16,177.5,178.27,174.69,176.05,148588100,0.008064516129032187,180.38857142857142,184.29500000000002,182.60955555555557,1.4499999999999886,3.5800000000000125,176.08,180.71,182.19,0.016733115683513787,0.02327794118506865,-4.689999999999998,1
2025-12-17,170.73,175.92,170.1,175.89,222775500,-0.03814084507042259,178.30428571428573,183.37133333333333,182.48633333333333,-5.159999999999997,5.819999999999993,177.5,174.81,185.32,0.018277138544448842,0.023204644432636687,-14.590000000000003,0
2025-12-18,173.93,175.94,171.61,174.32,176096000,0.01874304457330298,176.76,182.67033333333333,182.38644444444444,-0.38999999999998636,4.329999999999984,170.73,176.08,184.74,0.021527425183316764,0.0234587818840457,-10.810000000000002,1
2025-12-19,180.77,181.23,176.13,176.45,324925900,0.03932616569884438,176.36142857142858,182.43466666666666,182.38,4.320000000000022,5.099999999999994,173.93,177.5,183.56,0.02814715787831854,0.02386451530280169,-2.789999999999992,1
2025-12-22,183.47,183.94,182.13,183.7,129064400,0.014936106654865234,176.75571428571428,182.28666666666666,182.39877777777778,-0.22999999999998977,1.8100000000000023,180.77,170.73,180.71,0.02803408334620858,0.024040949086627877,2.759999999999991,1
2025-12-23,188.98,189.1,182.68,182.75,174873600,0.03003215784596932,178.78,181.95933333333332,182.49622222222223,6.22999999999999,6.4199999999999875,183.47,173.93,174.81,0.02475191978662112,0.02216666780869835,14.169999999999987,1
2025-12-24,188.38,188.68,186.36,187.71,65528500,-0.003174939146999653,180.53714285714287,181.80833333333334,182.56966666666668,0.6699999999999875,2.319999999999993,188.98,180.77,176.08,0.025354082096257915,0.02152390825455065,12.299999999999983,0
2025-12-26,190.3,192.46,187.77,189.69,139740300,0.010192164773330587,182.3657142857143,181.70000000000002,182.7351111111111,0.6100000000000136,4.689999999999998,188.38,183.47,177.5,0.02534018866553123,0.021603141874281934,12.800000000000011,1
2025-12-29,187.99,188.53,185.68,187.48,120006100,-0.012138728323699433,184.8314285714286,181.74566666666666,182.87755555555555,0.5100000000000193,2.8499999999999943,190.3,188.98,170.73,0.01786303340805398,0.020675554097738923,17.26000000000002,0
2025-12-30,187.31,188.76,186.7,188.01,97687300,-0.0036172136815788435,186.74285714285716,181.65833333333333,183.01711111111112,-0.6999999999999886,2.0600000000000023,187.99,188.38,173.93,0.018843366729629087,0.020426007263809928,13.379999999999995,0
2025-12-31,186.27,190.33,186.26,189.34,120100500,-0.005552292990230057,187.52857142857144,181.65533333333332,183.1117777777778,-3.069999999999993,4.070000000000022,187.31,190.3,180.77,0.014695788332836624,0.020152880751330284,5.5,0
2026-01-02,188.62,192.69,188.03,189.61,148240500,0.012616094915982146,188.2642857142857,181.905,183.21233333333333,-0.9900000000000091,4.659999999999997,186.27,187.99,183.47,0.014442077157710648,0.01954636257296911,5.150000000000006,1
2026-01-05,187.89,193.39,185.92,191.53,183529700,-0.003870215247587839,188.10857142857142,181.9586666666667,183.28300000000002,-3.640000000000015,7.469999999999999,188.62,187.31,188.98,0.008897313810933918,0.01889243606964021,-1.0900000000000034,0
2026-01-06,187.01,191.94,186.59,190.29,176862600,-0.004683591463090082,187.91285714285715,182.17866666666666,183.34577777777776,-3.280000000000001,5.349999999999994,187.89,186.27,188.38,0.008982516435525873,0.017937715070231515,-1.3700000000000045,0
2026-01-07,188.88,191.14,186.33,188.34,153543200,0.009999465269236963,187.71,182.51966666666667,183.4452222222222,0.539999999999992,4.809999999999974,187.01,188.62,190.3,0.008942678822904481,0.01787832260584787,-1.420000000000016,1
2026-01-08,184.81,189.32,183.49,188.88,172457000,-0.021548072850487047,187.2557142857143,182.60266666666666,183.56588888888888,-4.069999999999993,5.829999999999984,188.88,187.89,187.99,0.01128915743104025,0.018024953885528237,-3.180000000000007,0
2026-01-09,184.63,186.11,183.45,184.85,131327500,-0.0009739732698447423,186.87285714285713,182.83733333333333,183.72233333333332,-0.21999999999999886,2.660000000000025,184.81,187.01,187.31,0.011285059528958254,0.01731925155383726,-2.680000000000007,0
2026-01-12,184.71,186.89,182.8,183.0,137968500,0.000433299030493487,186.65,182.99333333333334,183.88144444444447,1.710000000000008,4.089999999999975,184.63,188.88,186.27,0.011197625539052798,0.017163132182858625,-1.5600000000000023,1
2026-01-13,185.58,187.88,183.18,184.77,160128900,0.004710086080883572,186.21571428571428,183.287,184.03866666666667,0.8100000000000023,4.699999999999989,184.71,184.81,188.62,0.009901841847758787,0.016788735929915248,-3.039999999999992,1
2026-01-14,182.92,184.24,180.58,184.1,159586100,-0.014333441103567329,185.50571428571428,183.39466666666667,184.2177777777778,-1.1800000000000068,3.6599999999999966,185.58,184.63,187.89,0.010919984188029913,0.016798371132232856,-4.969999999999999,0
2026-01-15,186.82,189.47,186.1,186.27,206188600,0.02132079597638315,185.47857142857143,183.58100000000002,184.42588888888892,0.549999999999983,3.3700000000000045,182.92,184.71,187.01,0.01442007843752019,0.017160953562251717,-0.18999999999999773,1
2026-01-16,186.0,190.21,185.85,188.85,187967200,-0.00438925168611494,185.06714285714287,183.80233333333334,184.59777777777782,-2.8499999999999943,4.360000000000014,186.82,185.58,188.88,0.013758154320290995,0.017058089295800615,-2.8799999999999955,0
2026-01-20,177.85,182.16,177.39,181.68,223345300,-0.0438172043010753,184.07285714285715,183.62533333333334,184.60622222222224,-3.8300000000000125,4.77000000000001,186.0,182.92,184.81,0.020109951985041494,0.018517955807203522,-6.960000000000008,0
2026-01-21,183.1,185.15,178.18,178.83,200381000,0.029519257801518133,183.8542857142857,183.65566666666666,184.67466666666664,4.269999999999982,6.969999999999999,177.85,186.82,184.63,0.024106897413953828,0.019301703211536868,-1.5300000000000011,1
2026-01-22,184.61,185.94,183.71,184.52,139636600,0.00824685963954134,183.84,183.632,184.75266666666664,0.09000000000000341,2.2299999999999898,183.1,186.0,184.71,0.024360463959567105,0.019100926732995082,-0.09999999999999432,1
2026-01-23,187.44,189.37,186.59,187.27,142748100,0.015329613780401841,184.1057142857143,183.722,184.86288888888888,0.1699999999999875,2.780000000000001,184.61,177.85,185.58,0.0250115990139226,0.01929136637950764,1.8599999999999852,1
2026-01-26,186.24,188.89,185.76,186.93,124799600,-0.006402048655569721,184.57999999999998,183.81133333333335,184.99155555555552,-0.6899999999999977,3.1299999999999955,187.44,183.1,182.92,0.024334881400586882,0.019291551773550488,3.3200000000000216,0
2026-01-27,188.29,189.77,185.47,187.01,143711600,0.011007302405498189,184.79,184.064,185.194,1.2800000000000011,4.300000000000011,186.24,184.61,186.82,0.023319791946487818,0.019131262705131685,1.4699999999999989,1
2026-01-28,191.29,192.12,189.61,191.04,148552700,0.015932869509798716,185.5457142857143,184.61333333333332,185.36366666666666,0.25,2.509999999999991,188.29,187.44,186.0,0.02374636929932062,0.01816868447367911,5.289999999999992,1
2026-01-29,192.28,193.24,185.83,191.11,171764400,0.005175388154111606,187.60714285714286,185.15333333333334,185.53966666666668,1.1699999999999875,7.409999999999997,191.29,186.24,177.85,0.01102959110484864,0.01815643629600564,14.430000000000007,1
2026-01-30,190.9,194.25,189.24,190.98,179489500,-0.007177033492822943,188.72142857142856,185.6,185.6232222222222,-0.07999999999998408,5.009999999999991,192.28,188.29,183.1,0.009521451484764592,0.018225786157968202,7.800000000000011,0
2026-02-02,185.38,190.07,184.65,186.97,165794100,-0.028915662650602462,188.8314285714286,186.08833333333334,185.703,-1.5900000000000034,5.4199999999999875,190.9,191.29,184.61,0.01613438025647729,0.017581304991172594,0.7699999999999818,0
2026-02-03,180.12,186.04,176.02,186.01,204019600,-0.02837415039378569,187.78571428571428,186.29466666666667,185.74055555555557,-5.889999999999986,10.019999999999982,185.38,192.28,187.44,0.017893014552731068,0.01821027220209016,-7.319999999999993,0
2026-02-04,173.98,179.36,171.7,179.24,207014100,-0.034088385520764014,186.03428571428572,186.0683333333333,185.7018888888889,-5.260000000000019,7.660000000000025,180.12,190.9,186.24,0.02092021823564927,0.017857155285315614,-12.26000000000002,0
2026-02-05,171.67,176.6,170.82,174.72,206312900,-0.01327738820554088,183.66000000000003,185.675,185.63199999999998,-3.0500000000000114,5.780000000000001,173.98,185.38,188.29,0.018867173979710244,0.01772483459511211,-16.620000000000005,0
2026-02-06,185.18,186.77,174.39,176.47,231346200,0.0786975010193978,182.7871428571428,185.54833333333332,185.67155555555553,8.710000000000008,12.380000000000024,171.67,180.12,191.29,0.03902868189056902,0.02237910491931379,-6.109999999999985,1
2026-02-09,189.81,193.42,183.73,184.04,196387400,0.02500270007560209,182.43428571428572,185.596,185.7101111111111,5.77000000000001,9.689999999999998,185.18,173.98,192.28,0.04049693090240832,0.022846717414115602,-2.469999999999999,1
2026-02-10,188.31,192.25,187.89,191.15,136764800,-0.00790263948158685,182.06428571428572,185.52966666666666,185.72466666666665,-2.8400000000000034,4.360000000000014,189.81,171.67,190.9,0.0405158182702649,0.022820880093401098,-2.5900000000000034,0
2026-02-11,189.82,193.02,188.54,192.22,144192700,0.008018692581381716,182.6985714285714,185.59066666666664,185.7376666666667,-2.4000000000000057,4.480000000000018,188.31,185.18,185.38,0.03867809634637746,0.02275091264761369,4.439999999999998,1
2026-02-12,186.71,193.37,186.28,192.79,189932500,-0.01638394268254128,183.64000000000001,185.57066666666665,185.73022222222224,-6.079999999999984,7.090000000000003,189.82,189.81,180.12,0.037243771222353374,0.022950453711038297,6.590000000000003,0
2026-02-13,182.59,187.27,181.37,187.25,161888000,-0.022066306036098784,184.87000000000003,185.44799999999998,185.70011111111114,-4.659999999999997,5.900000000000006,186.71,188.31,173.98,0.03532993032620871,0.023287362753428763,8.610000000000014,0
2026-02-17,184.74,186.92,178.96,181.53,162276900,0.011775015061065807,186.73714285714283,185.31866666666667,185.69944444444445,3.210000000000008,7.9599999999999795,182.59,189.82,171.67,0.03412985971760911,0.023271645095000258,13.070000000000022,1
2026-02-18,187.75,190.14,186.53,188.52,164749100,0.016293168777741642,187.1042857142857,185.314,185.68699999999998,-0.7700000000000102,3.609999999999985,184.74,186.71,185.18,0.017702804099169946,0.023459409161038187,2.569999999999993,1
2026-02-19,187.67,188.2,185.43,186.83,126554500,-0.00042609853528635157,186.79857142857142,185.33599999999998,185.63533333333334,0.839999999999975,2.769999999999982,187.75,182.59,189.81,0.014549197380951407,0.023441482805437314,-2.140000000000015,0
2026-02-20,189.59,190.1,185.71,186.34,178422300,0.010230724143443363,186.98142857142855,185.35966666666667,185.70933333333335,3.25,4.389999999999986,187.67,184.74,188.31,0.014836397552651863,0.023444793149034547,1.2800000000000011,1
2026-02-23,191.32,193.71,189.35,191.17,171584800,0.009124953847776727,187.1957142857143,185.57666666666668,185.74533333333335,0.15000000000000568,4.360000000000014,189.59,187.75,189.82,0.014928444236670535,0.023121805664019085,1.5,1
2026-02-24,192.62,193.53,187.17,191.26,175123600,0.006794898599205579,188.04,185.843,185.88777777777779,1.3600000000000136,6.360000000000014,191.32,187.67,186.71,0.012790167932551695,0.023137688162918425,5.909999999999997,1
2026-02-25,195.32,197.39,193.55,194.21,250637100,0.014017236008721776,189.85857142857145,186.19666666666666,186.06244444444442,1.1099999999999852,3.839999999999975,192.62,189.59,182.59,0.005446753787189854,0.02324534542336928,12.72999999999999,1
2026-02-26,184.66,194.05,184.1,194.03,360807900,-0.0545771042391972,189.84714285714284,186.166,186.09666666666666,-9.370000000000005,9.950000000000017,195.32,191.32,184.74,0.024747362415310822,0.02543476835184448,-0.0800000000000125,0
2026-02-27,176.97,182.37,176.17,181.03,311636500,-0.04164410267518682,188.30714285714285,185.96766666666664,186.02977777777778,-4.060000000000002,6.200000000000017,184.66,192.62,187.75,0.02795220467113338,0.02643974851047722,-10.780000000000001,0
2026-03-02,182.26,183.24,174.43,174.8,209095300,0.029892072102616216,187.53428571428572,185.8156666666667,186.0281111111111,7.4599999999999795,8.810000000000002,176.97,195.32,187.67,0.03146225272947252,0.026731342840582307,-5.409999999999997,1
2026-03-03,179.83,180.68,176.7,178.27,178099400,-0.01333260177768012,186.14000000000001,185.61,186.0158888888889,1.5600000000000023,3.980000000000018,182.26,184.66,189.59,0.030975485156922736,0.026826149823000973,-9.759999999999991,0
2026-03-04,182.82,184.47,179.84,180.22,177731200,0.01662681421342368,184.9257142857143,185.77566666666664,186.04666666666668,2.5999999999999943,4.6299999999999955,179.83,176.97,191.32,0.03175061626396428,0.025729591295664336,-8.5,1
2026-03-05,183.12,183.84,177.66,180.95,198779700,0.001640958319658743,183.56857142857143,185.77633333333333,186.05988888888888,2.170000000000016,6.180000000000007,182.82,182.26,192.62,0.03146204543307717,0.02517026758144995,-9.5,1
2026-03-06,177.6,182.54,176.6,179.62,189021900,-0.030144167758846714,181.0371428571428,185.54266666666666,185.96633333333335,-2.0200000000000102,5.939999999999998,183.12,179.83,195.32,0.0310240970534015,0.025722596364317788,-17.72,0
2026-03-09,182.43,182.69,175.35,176.61,177213600,0.02719594594594602,180.71857142857144,185.3756666666667,185.86833333333334,5.819999999999993,7.340000000000003,177.6,182.82,184.66,0.028045609134900732,0.026070790436908645,-2.2299999999999898,1
2026-03-10,184.54,186.21,181.79,182.18,179118500,0.011566080140327716,181.79999999999998,185.31900000000002,185.688,2.359999999999985,4.420000000000016,182.43,183.12,176.97,0.021843621991090557,0.026138641789297316,7.569999999999993,1
2026-03-11,185.81,187.4,184.24,185.69,145280400,0.006881976807196328,182.30714285714288,185.23633333333333,185.455,0.12000000000000455,3.1599999999999966,184.54,177.6,182.26,0.01926426946297039,0.026089666756302563,3.5500000000000114,1
2026-03-12,182.93,184.72,181.54,183.84,155762700,-0.015499703998708333,182.75,184.95766666666668,185.23611111111111,-0.9099999999999966,3.180000000000007,185.81,182.43,179.83,0.01958373858467691,0.026054113189858237,3.0999999999999943,0
2026-03-13,180.04,185.87,179.73,184.7,160988400,-0.01579839282785773,182.35285714285712,184.54966666666667,184.98955555555557,-4.659999999999997,6.140000000000015,182.93,184.54,182.82,0.019550431266159386,0.026159368730839516,-2.780000000000001,0
2026-03-16,183.01,188.66,181.2,182.76,217307400,0.016496334147967112,182.33714285714288,184.2866666666667,184.72722222222222,0.25,7.460000000000008,180.04,185.81,183.12,0.020781865514777922,0.026349864264271532,-0.11000000000001364,1
2026-03-17,181.72,185.18,181.47,184.84,182497800,-0.007048795147806088,182.9257142857143,184.16466666666665,184.54144444444444,-3.1200000000000045,3.710000000000008,183.01,182.93,177.6,0.01659078283885317,0.02585081978824061,4.1200000000000045,0
2026-03-18,180.19,183.17,180.12,182.27,156683100,-0.008419546555139781,182.6057142857143,184.167,184.37733333333333,-2.0800000000000125,3.049999999999983,181.72,180.04,182.43,0.01318903169789021,0.025356709547184296,-2.240000000000009,0
2026-03-19,178.35,179.77,175.59,177.8,170968500,-0.010211443476330559,181.7214285714286,184.31266666666667,184.2718888888889,0.549999999999983,4.180000000000007,180.19,183.01,184.54,0.012061596481356796,0.024602926998995786,-6.189999999999998,0
2026-03-20,172.5,178.05,171.52,177.79,241323500,-0.032800672834314516,179.81999999999996,184.34033333333335,184.10066666666668,-5.289999999999992,6.530000000000001,178.35,181.72,185.81,0.01469414658889947,0.02524660307027625,-13.310000000000002,0
2026-03-23,175.44,178.16,174.56,177.05,182836300,0.017043478260869552,178.75,184.01566666666668,183.84111111111113,-1.6100000000000136,3.5999999999999943,172.5,180.19,182.93,0.017681604345994237,0.020771628654569527,-7.490000000000009,1
2026-03-24,175.0,176.01,173.78,174.63,147667800,-0.0025079799361604977,178.03,183.522,183.64211111111112,0.37000000000000455,2.2299999999999898,175.44,178.35,180.04,0.01713669898942483,0.020155330201626857,-5.039999999999992,0
2026-03-25,178.47,181.01,176.64,176.89,162602100,0.01982857142857142,177.38142857142856,183.194,183.47455555555555,1.5800000000000125,4.3700000000000045,175.0,172.5,183.01,0.017830631941418356,0.020531666573332483,-4.539999999999992,1
2026-03-26,171.04,176.3,170.94,175.87,186152200,-0.041631646775368444,175.8557142857143,182.56800000000004,183.30144444444446,-4.8300000000000125,5.360000000000014,178.47,175.44,181.72,0.023028801433120027,0.021699075093180996,-10.680000000000007,0
2026-03-27,167.32,170.77,166.82,169.8,196212700,-0.021749298409728713,174.01714285714283,181.92166666666668,183.05022222222223,-2.480000000000018,3.950000000000017,171.04,175.0,180.19,0.023576676752249313,0.021832875132696227,-12.870000000000005,0
2026-03-30,164.98,169.25,164.08,168.58,185627000,-0.013985178101840806,172.10714285714286,181.33466666666666,182.81266666666667,-3.6000000000000227,5.1699999999999875,167.32,178.47,178.35,0.02361769441988742,0.021643856411041443,-13.370000000000005,0
2026-03-31,174.2,174.42,166.77,166.78,226181300,0.055885561886289244,172.35,180.9833333333333,182.73566666666665,7.4199999999999875,7.649999999999977,164.98,171.04,172.5,0.03212277871807325,0.02405628162581679,1.6999999999999886,1
2026-04-01,175.55,177.16,174.55,175.8,168132000,0.007749712973593702,172.3657142857143,180.57666666666665,182.61644444444443,-0.25,2.609999999999985,174.2,167.32,175.44,0.031577118810544466,0.023886201799295872,0.11000000000001364,1
2026-04-02,177.18,177.28,171.17,171.98,143143200,0.009285103958986017,172.67714285714285,180.227,182.58055555555555,5.200000000000017,6.110000000000014,175.55,164.98,175.0,0.031703433566083745,0.02397335108035751,2.180000000000007,1
2026-04-06,177.43,177.58,175.56,176.95,107564300,0.0014109944689016819,172.52857142857144,179.8216666666667,182.56699999999998,0.4800000000000182,2.0200000000000102,177.18,174.2,178.47,0.03074614791052775,0.02387668853510729,-1.039999999999992,1
2026-04-07,177.89,178.02,173.46,175.53,132534900,0.0025925717184240517,173.50714285714284,179.37399999999997,182.5177777777778,2.359999999999985,4.560000000000002,177.43,175.55,171.04,0.02484763329393034,0.023802061868886584,6.849999999999994,1
2026-04-08,181.87,185.04,180.09,184.29,147732700,0.022373376805891385,175.58571428571432,179.01566666666665,182.56533333333334,-2.4199999999999875,4.949999999999989,177.89,177.18,167.32,0.022115587845786645,0.024170972611482565,14.550000000000011,1
2026-04-09,183.7,183.87,180.41,181.63,116428500,0.010062132292296608,178.26000000000002,178.62833333333336,182.6061111111111,2.069999999999993,3.460000000000008,181.87,177.43,164.98,0.01902408764012144,0.024093352681948572,18.72,1
2026-04-10,188.41,189.78,184.09,184.1,160459500,0.02563962983124664,180.29,178.75333333333336,182.73544444444443,4.310000000000002,5.689999999999998,183.7,177.89,174.2,0.009309968041676622,0.022422974206821863,14.210000000000008,1
2026-04-13,189.09,189.44,185.52,185.81,133648200,0.0036091502574173706,182.22428571428574,179.15733333333336,182.83988888888888,3.280000000000001,3.9199999999999875,188.41,181.87,175.55,0.009696773331872018,0.02093403453132168,13.539999999999992,1
2026-04-14,196.28,196.28,190.55,190.62,161307000,0.038024221270294555,184.95285714285714,179.62466666666666,183.0071111111111,5.659999999999997,5.72999999999999,189.09,183.7,177.18,0.01408418470613396,0.02135051805295854,19.099999999999994,1
2026-04-15,198.64,200.17,195.51,196.31,185338400,0.01202363969838998,187.9828571428571,180.25166666666664,183.22133333333335,2.329999999999984,4.659999999999997,196.28,188.41,177.43,0.012924129080836642,0.021195571393980296,21.20999999999998,1
2026-04-16,198.12,199.62,195.58,197.2,134012900,-0.0026178010471203275,190.87285714285716,180.76166666666668,183.38755555555556,0.9200000000000159,4.039999999999992,198.64,189.09,177.89,0.01395614880239803,0.021076663084746216,20.230000000000018,0
2026-04-17,201.45,201.47,199.04,199.67,160324400,0.016807995154451767,193.67000000000002,181.37266666666667,183.60155555555554,1.7800000000000011,2.430000000000007,198.12,196.28,181.87,0.013660552570587929,0.02122687919566047,19.579999999999984,1
2026-04-20,201.82,201.93,197.61,199.75,119381400,0.0018366840407049122,196.25857142857143,182.17999999999998,183.78488888888887,2.069999999999993,4.319999999999993,201.45,198.64,183.7,0.014465355094245654,0.020265343283232484,18.120000000000005,1
2026-04-21,199.65,202.51,198.77,201.89,107945300,-0.010752155385987451,197.8642857142857,182.754,183.95055555555555,-2.2399999999999807,3.7399999999999807,201.82,198.12,188.41,0.015893622973865873,0.019980109510463247,11.240000000000009,0
2026-04-22,202.26,202.26,198.77,200.76,107501000,0.013072877535687378,199.74571428571426,183.34466666666665,184.15833333333333,1.5,3.4899999999999807,199.65,201.45,189.09,0.015818640173382265,0.020003737353528745,13.169999999999987,1
2026-04-23,199.41,203.59,196.99,202.22,113561800,-0.014090774250964078,200.19285714285712,183.79799999999997,184.3661111111111,-2.8100000000000023,6.599999999999994,202.26,201.82,196.28,0.012141505945947295,0.02023766276208198,3.1299999999999955,0
2026-04-24,208.03,210.7,199.58,199.73,214134400,0.04322752118750316,201.53428571428572,184.63466666666667,184.7352222222222,8.300000000000011,11.119999999999976,199.41,199.65,198.64,0.01968207068219787,0.021246280950264353,9.390000000000015,1
2026-04-27,216.36,216.58,207.14,209.41,187172400,0.04004230159111673,204.14000000000001,185.84533333333331,185.18277777777777,6.950000000000017,9.440000000000026,208.03,202.26,198.12,0.02266452897645308,0.021843246707434746,18.24000000000001,1
2026-04-28,212.92,214.48,207.96,209.25,180275400,-0.01589942688112417,205.77857142857144,186.84233333333333,185.5763333333333,3.6699999999999875,6.519999999999982,216.36,199.41,201.45,0.02497312264299079,0.02212449556595411,11.469999999999999,0
2026-04-29,209.01,212.47,207.34,212.45,123711800,-0.018363704677813248,206.80571428571426,187.752,186.0016666666667,-3.4399999999999977,5.1299999999999955,212.92,208.03,201.82,0.026922728251540164,0.022436397587534303,7.189999999999998,0
2026-04-30,199.34,210.06,198.47,209.69,225239200,-0.046265728912492164,206.76142857142858,188.39033333333333,186.28400000000002,-10.349999999999994,11.590000000000003,209.01,216.36,199.65,0.03309472644495306,0.024206275306729395,-0.3100000000000023,0
2026-05-01,198.22,202.76,196.89,201.05,128647000,-0.0056185411859135375,206.18428571428572,189.05266666666665,186.4778888888889,-2.8300000000000125,5.8700000000000045,199.34,212.92,202.26,0.03263823264525638,0.024129956675154298,-4.039999999999992,0
2026-05-04,198.25,201.5,194.51,199.27,125368100,0.00015134698819494066,206.01857142857145,189.911,186.64211111111112,-1.0200000000000102,6.990000000000009,198.22,209.01,199.41,0.03223111526988071,0.02313557296092445,-1.1599999999999966,1
2026-05-05,196.27,200.01,195.8,199.07,113406600,-0.009987389659520755,204.33857142857144,190.60533333333333,186.72311111111108,-2.799999999999983,4.2099999999999795,198.25,199.34,208.03,0.02587856609131958,0.023172914322417276,-11.759999999999991,0
2026-05-06,207.59,208.03,198.38,199.66,188362800,0.05767565088908133,203.08571428571426,191.69166666666666,186.93655555555551,7.930000000000007,9.650000000000006,196.27,198.22,216.36,0.031566632329214174,0.025113469309450787,-8.77000000000001,1
2026-05-07,211.25,213.95,206.26,208.1,168307900,0.01763090707644875,202.84714285714287,192.78433333333336,187.1693333333333,3.1500000000000057,7.689999999999998,207.59,198.25,212.92,0.03225717280919159,0.025074950362836176,-1.6699999999999875,1
2026-05-08,214.95,217.55,212.64,212.78,136421400,0.01751479289940823,203.6957142857143,194.248,187.4688888888889,2.1699999999999875,4.910000000000025,211.25,196.27,209.01,0.03182706399066807,0.02348027989765359,5.939999999999998,1
2026-05-11,219.18,222.04,213.64,213.79,160685800,0.019678995115143143,206.53,195.97666666666666,187.823,5.390000000000015,8.400000000000006,214.95,207.59,199.34,0.02279359504769816,0.02288656141671359,19.840000000000003,1
2026-05-12,220.52,223.49,214.67,218.3,159176600,0.006113696505155595,209.7157142857143,197.828,188.20355555555554,2.219999999999999,8.820000000000022,219.18,211.25,198.22,0.021517936383243,0.022472140776847203,22.30000000000001,1
2026-05-13,225.57,227.57,221.31,224.67,150405400,0.02290041719571913,213.61857142857144,199.54033333333334,188.61411111111113,0.9000000000000057,6.259999999999991,220.52,214.95,198.25,0.020500309595803935,0.020899575476792314,27.319999999999993,1
2026-05-14,235.47,236.26,229.03,229.58,180782900,0.04388881500199497,219.21857142857144,201.53766666666667,189.1427777777778,5.889999999999986,7.22999999999999,225.57,219.18,196.27,0.017836152374253973,0.02185308162292939,39.19999999999999,1
2026-05-15,225.06,231.23,223.98,229.49,180977600,-0.0442094534335584,221.71428571428572,203.13366666666667,189.56555555555553,-4.430000000000007,7.25,235.47,220.52,207.59,0.027236374871742127,0.023996363910381062,17.47,0
2026-05-18,222.06,229.73,218.12,229.6,146280900,-0.013329778725673154,223.25857142857143,204.62133333333333,189.9342222222222,-7.539999999999992,11.609999999999985,225.06,225.57,211.25,0.02863451101775107,0.024291027659639607,10.810000000000002,0
2026-05-19,220.35,224.22,217.66,219.36,140948200,-0.007700621453661209,224.03,206.0366666666667,190.3291111111111,0.9899999999999807,6.560000000000002,222.06,235.47,214.95,0.028751687683262434,0.024439230113000504,5.400000000000006,0
2026-05-20,223.21,225.87,220.24,222.92,184201600,0.01297935103244844,224.60571428571433,207.41466666666668,190.7577777777778,0.29000000000002046,5.6299999999999955,220.35,225.06,219.18,0.02824619015732585,0.02430119175523408,4.030000000000001,1
2026-05-21,219.25,227.14,217.68,222.03,203381800,-0.017741140629900128,224.42428571428567,208.59966666666665,191.14155555555558,-2.780000000000001,9.45999999999998,223.21,222.06,220.52,0.029222859009896043,0.024712391725784832,-1.2700000000000102,0
2026-05-22,215.08,220.75,214.55,220.64,169275700,-0.01901938426453814,222.9257142857143,209.48866666666666,191.4693333333333,-5.559999999999974,6.199999999999989,219.25,220.35,225.57,0.027903545003569005,0.024846232627687707,-10.48999999999998,0
2026-05-26,214.61,217.93,211.75,216.29,187202600,-0.0021852334015250085,219.94571428571427,210.33933333333331,191.82144444444444,-1.6799999999999784,6.180000000000007,215.08,223.21,235.47,0.017572769327381832,0.024877662963956576,-20.859999999999985,0
2026-05-27,212.35,213.9,208.54,213.87,167601200,-0.010530730161688734,218.13000000000002,210.875,192.1051111111111,-1.5200000000000102,5.360000000000014,214.61,219.25,225.06,0.010991123356866236,0.024193230500228435,-12.710000000000008,0
2026-05-28,214.0,215.27,210.97,211.03,143996000,0.007770190722863225,216.97857142857146,211.38700000000003,192.41622222222222,2.969999999999999,4.300000000000011,212.35,215.08,222.06,0.012184202489843083,0.02415039134469898,-8.060000000000002,1
2026-05-29,210.89,217.61,210.88,214.33,289410600,-0.014532710280373895,215.62714285714284,211.81266666666664,192.78333333333333,-3.440000000000026,6.730000000000018,214.0,214.61,220.35,0.012681042913688377,0.024339217892393822,-9.460000000000008,0
2026-06-01,224.1,224.61,215.45,215.48,212850700,0.06263929062544459,215.75428571428571,212.56766666666667,193.23888888888888,8.620000000000005,9.160000000000025,210.89,212.35,223.21,0.028814235162720806,0.02660927418782424,0.8899999999999864,1
2026-06-02,222.56,232.01,221.09,226.92,193362900,-0.006871932173136957,216.22714285714287,213.25900000000001,193.66055555555556,-4.359999999999985,10.919999999999987,224.1,214.0,219.25,0.027920372396079158,0.02667992892733074,3.3100000000000023,0
2026-06-03,214.5,222.56,214.26,221.46,160907000,-0.03621495327102805,216.1442857142857,213.754,193.96122222222223,-6.960000000000008,8.300000000000011,222.56,210.89,215.08,0.03073996664592516,0.027543502991899466,-0.5800000000000125,0
2026-06-04,218.66,221.6,210.97,213.91,169022200,0.019393939393939377,216.72285714285712,214.30066666666667,194.32144444444444,4.75,10.629999999999995,214.5,224.1,214.61,0.031554302968017596,0.02764910957173497,4.049999999999983,1
2026-06-05,205.1,214.87,204.33,214.53,219655500,-0.06201408579529865,215.68714285714285,214.49033333333333,194.5082222222222,-9.430000000000007,10.539999999999992,218.66,222.56,212.35,0.04010144145292391,0.02995678364112669,-7.25,0
2026-06-08,208.64,210.47,206.0,210.18,138372800,0.01725987323256944,214.92142857142855,214.51066666666665,194.701,-1.5400000000000205,4.469999999999999,205.1,214.5,214.0,0.04073142940333316,0.029067611539776297,-5.360000000000014,1
2026-06-09,208.19,211.4,199.34,210.62,180962500,-0.0021568251533741786,214.53571428571428,214.23833333333332,194.87777777777777,-2.430000000000007,12.060000000000002,208.64,218.66,210.89,0.04040996479712705,0.02809306993336605,-2.6999999999999886,0
2026-06-10,200.42,207.22,199.92,204.43,161746600,-0.03732167731399207,211.15285714285713,213.82166666666666,194.98355555555557,-4.010000000000019,7.300000000000011,208.19,205.1,224.1,0.030583459891594385,0.02875196669502154,-23.680000000000007,0
2026-06-11,204.87,205.66,199.54,201.49,158643200,0.02220337291687465,208.62571428571428,213.68366666666668,195.20011111111108,3.3799999999999955,6.1200000000000045,200.42,208.64,222.56,0.033748210074226466,0.028890743390069133,-17.689999999999998,1
2026-06-12,205.19,207.07,203.44,204.86,112001800,0.0015619661248596338,207.29571428571427,213.87866666666665,195.4786666666667,0.3299999999999841,3.6299999999999955,204.87,208.19,214.5,0.03207221035093824,0.02755335689777544,-9.310000000000002,1
2026-06-15,212.45,212.71,208.34,208.92,149936700,0.03538184122033233,206.4085714285714,214.353,195.9061111111111,3.530000000000001,4.3700000000000045,205.19,200.42,218.66,0.03463768666837568,0.028205875616941344,-6.210000000000008,1
2026-06-16,207.41,211.49,207.29,211.18,125694100,-0.023723228995057626,206.73857142857142,214.65833333333333,196.30322222222225,-3.7700000000000102,4.200000000000017,212.45,204.87,205.1,0.025757351705057163,0.02861404824990438,2.3100000000000023,0
2026-06-17,204.65,209.21,203.08,208.53,128363500,-0.013306976519936314,206.16857142857143,214.93766666666667,196.51955555555554,-3.8799999999999955,6.1299999999999955,207.41,205.19,208.64,0.0253037234667872,0.02866797785879474,-3.9899999999999807,0
2026-06-18,210.69,211.39,206.5,207.33,241272000,0.029513804055704824,206.5257142857143,215.041,196.75155555555554,3.359999999999985,4.889999999999986,204.65,212.45,208.19,0.028053204171017396,0.027198356454812386,2.5,1
