Date,Close,High,Low,Open,Volume,Daily_Return,MA7,MA30,MA90,Price_Difference,High_Low_Spread,Lag_1,Lag_3,Lag_7,Volatility_7,Volatility_30,Momentum_7,Trend_Label
2021-10-27,345.95,356.96,343.59,346.55,115579500,0.01905856015081881,314.9957142857143,273.845,244.90977777777778,-0.6000000000000227,13.370000000000005,339.48,303.23,290.04,0.046514812983677295,0.026677882634363208,55.90999999999997,1
2021-10-28,359.01,360.33,351.4,356.1,81639600,0.037751120104061286,325.1271428571429,277.401,246.58877777777775,2.909999999999968,8.930000000000007,345.95,341.62,288.09,0.0442226768607069,0.02705397171274002,70.92000000000002,1
2021-10-29,371.33,371.74,357.74,360.62,89755200,0.03431659285256676,336.94571428571425,281.34000000000003,248.28288888888892,10.70999999999998,14.0,359.01,339.48,288.6,0.04208563849290826,0.02729518375925565,82.72999999999996,1
2021-11-01,402.86,403.25,372.89,381.67,168146100,0.0849109956103736,351.92571428571426,286.65566666666666,250.24122222222226,21.189999999999998,30.360000000000014,371.33,345.95,298.0,0.0455942515495205,0.028502258406930155,104.86000000000001,1
2021-11-02,390.67,402.86,382.0,386.45,128213400,-0.03025865064786774,364.4171428571429,291.4626666666667,252.09355555555553,4.220000000000027,20.860000000000014,402.86,359.01,303.23,0.053295103606390254,0.029791494640646152,87.44,0
2021-11-03,404.62,405.13,384.21,392.44,103885500,0.03570788645148076,373.4171428571429,296.595,254.03855555555552,12.180000000000007,20.920000000000016,390.67,371.33,341.62,0.036559638288668296,0.030010710217027087,63.0,1
2021-11-04,409.97,414.5,405.67,411.47,76192200,0.013222282635559347,383.4871428571428,301.887,256.07244444444444,-1.5,8.829999999999984,404.62,402.86,339.48,0.034461135355767274,0.029897375643980883,70.49000000000001,1
2021-11-05,407.36,413.29,402.67,409.33,64886400,-0.006366319486791749,392.26000000000005,306.86133333333333,258.0812222222222,-1.9699999999999704,10.620000000000005,409.97,390.67,345.95,0.03679852265181974,0.030120110537793694,61.410000000000025,0
2021-11-08,387.65,399.0,377.67,383.26,100337100,-0.04838472113118626,396.3514285714286,310.98999999999995,259.87766666666664,4.389999999999986,21.329999999999984,407.36,404.62,359.01,0.04499430993656237,0.032280244611807604,28.639999999999986,0
2021-11-09,341.17,391.5,337.17,391.2,177317400,-0.11990197342964004,392.04285714285714,313.72266666666667,261.154,-50.02999999999997,54.329999999999984,387.65,409.97,371.33,0.06533486283827487,0.040123192056790706,-30.159999999999968,0
2021-11-10,355.98,359.37,329.1,336.8,128408100,0.043409443972213274,385.3457142857143,316.9073333333334,262.66644444444444,19.180000000000007,30.269999999999982,341.17,407.36,402.86,0.05656499178177769,0.04056813434254588,-46.879999999999995,1
2021-11-11,354.5,368.32,351.56,367.59,67189800,-0.004157536940277594,380.17857142857144,320.1076666666667,264.21777777777777,-13.089999999999975,16.75999999999999,355.98,387.65,390.67,0.05633451668074679,0.04051957787905667,-36.170000000000016,0
2021-11-12,344.47,351.5,339.73,349.17,76719300,-0.02829337094499287,371.5857142857143,322.97633333333334,265.62744444444445,-4.699999999999989,11.769999999999982,354.5,341.17,404.62,0.05228216477691334,0.04111565030848256,-60.14999999999998,0
2021-11-15,337.8,343.99,326.2,339.21,104326800,-0.0193630795134555,361.27571428571434,325.55266666666665,266.9476666666667,-1.4099999999999682,17.79000000000002,344.47,355.98,409.97,0.050080019898289016,0.041473884543434106,-72.17000000000002,0
2021-11-16,351.58,352.4,334.06,334.44,79627200,0.04079336885731194,353.3071428571429,328.59866666666665,268.31444444444446,17.139999999999986,18.339999999999975,337.8,354.5,407.36,0.05600662661755927,0.0418066874120398,-55.78000000000003,1
2021-11-17,363.0,373.21,351.83,354.5,94336200,0.03248193867683036,349.7857142857143,332.0013333333333,269.8716666666666,8.5,21.379999999999995,351.58,344.47,387.65,0.05735871586461554,0.04195837611960286,-24.649999999999977,1
2021-11-18,365.46,370.67,358.34,368.85,62696700,0.006776859504132175,353.2557142857143,335.36533333333335,271.5124444444445,-3.390000000000043,12.330000000000041,363.0,337.8,341.17,0.02918010010668968,0.04196698298372205,24.289999999999964,1
2021-11-19,379.02,379.57,364.23,366.29,64926900,0.037103923822032515,356.54714285714283,339.2716666666667,273.3141111111111,12.729999999999961,15.339999999999975,365.46,351.58,355.98,0.028061211585635643,0.04200422910575134,23.039999999999964,1
2021-11-22,385.62,400.65,377.48,387.44,99217500,0.017413329111920277,360.99285714285713,343.3263333333333,275.2127777777778,-1.8199999999999932,23.16999999999996,379.02,363.0,354.5,0.027511653658037937,0.04199967991582731,31.120000000000005,1
2021-11-23,369.68,393.5,354.23,389.17,108515100,-0.041336030288885425,364.5942857142858,346.69666666666666,276.9268888888889,-19.49000000000001,39.26999999999998,385.62,365.46,344.47,0.030954473145245947,0.043167726133508576,25.20999999999998,0
2021-11-24,372.0,377.59,354.0,360.13,67680600,0.006275697900887236,369.48,350.0846666666667,278.6138888888889,11.870000000000005,23.589999999999975,369.68,379.02,337.8,0.028220850147259263,0.043169322270107384,34.19999999999999,1
2021-11-26,360.64,369.59,360.33,366.49,35042700,-0.030537634408602188,370.7742857142857,353.01366666666667,280.194,-5.850000000000023,9.259999999999991,372.0,385.62,351.58,0.029855477032515083,0.043849432049419886,9.060000000000002,0
2021-11-29,379.0,380.89,366.73,367.0,58393500,0.050909494232475636,373.06,356.28,282.00044444444444,12.0,14.159999999999968,360.64,369.68,363.0,0.03338644577363837,0.044334010293786565,16.0,1
2021-11-30,381.59,389.33,372.67,381.46,81276000,0.0068337730870711745,375.36428571428576,359.33166666666665,283.85744444444447,0.12999999999999545,16.659999999999968,379.0,372.0,365.46,0.03338648648802997,0.0441578701180163,16.129999999999995,1
2021-12-01,365.0,390.95,363.59,386.9,68450400,-0.043475982075001904,373.3614285714285,361.89533333333327,285.4773333333333,-21.899999999999977,27.360000000000014,381.59,360.64,379.02,0.03499552360489077,0.0451404275946858,-14.019999999999982,0
2021-12-02,361.53,371.0,352.22,366.35,73114800,-0.009506849315068568,369.92,364.32633333333337,287.1062222222222,-4.82000000000005,18.779999999999973,365.0,379.0,385.62,0.033592840417230374,0.04524870692704193,-24.090000000000032,0
2021-12-03,338.32,363.53,333.4,361.6,92322000,-0.06419937487898648,365.44,365.67033333333336,288.4691111111111,-23.28000000000003,30.129999999999995,361.53,381.59,369.68,0.03810440853755218,0.04689496574192037,-31.360000000000014,0
2021-12-06,336.34,340.55,316.83,333.84,81663000,-0.0058524473870892,360.3457142857142,366.774,289.69755555555554,2.5,23.720000000000027,338.32,365.0,372.0,0.03740652875568976,0.046878846434588284,-35.660000000000025,0
2021-12-07,350.58,352.56,342.27,348.07,56084700,0.042338110245584856,358.9085714285714,367.0726666666667,291.04766666666666,2.509999999999991,10.29000000000002,336.34,361.53,360.64,0.0418172213641704,0.041531326165664885,-10.060000000000002,1
2021-12-08,356.32,357.46,344.33,350.9,41906400,0.016372867819042757,355.6685714285714,367.634,292.37833333333333,5.420000000000016,13.129999999999995,350.58,338.32,379.0,0.03598954328514323,0.041586988700498664,-22.680000000000007,1
2021-12-09,334.6,354.16,334.12,353.55,59438400,-0.06095644364616067,348.9557142857143,367.2556666666667,293.4674444444444,-18.94999999999999,20.04000000000002,356.32,336.34,381.59,0.04014654022693787,0.04302720205513514,-46.98999999999995,0
2021-12-10,339.01,340.33,327.51,336.25,59664300,0.013179916317991536,345.24285714285713,366.589,294.60122222222225,2.759999999999991,12.819999999999993,334.6,350.58,365.0,0.03984014065138279,0.0425106550122416,-25.99000000000001,1
2021-12-13,322.14,335.0,317.14,333.7,78595500,-0.04976254387776173,339.61571428571426,364.9493333333333,295.5337777777778,-11.560000000000002,17.860000000000014,339.01,356.32,361.53,0.042599996571526764,0.04287083631470518,-39.389999999999986,0
2021-12-14,319.5,322.14,310.0,315.0,70806300,-0.00819519463587256,336.9271428571428,362.17066666666665,296.49455555555556,4.5,12.139999999999986,322.14,334.6,338.32,0.03680647934140153,0.03946023768144501,-18.819999999999993,0
2021-12-15,325.33,326.25,309.42,317.74,75169200,0.018247261345852844,335.3542857142857,359.99266666666665,297.46577777777776,7.589999999999975,16.829999999999984,319.5,339.01,336.34,0.03809664221511757,0.03946490774205377,-11.009999999999991,1
2021-12-16,308.97,331.66,307.28,331.5,82771500,-0.050287400485660584,329.40999999999997,356.8043333333334,298.2692222222222,-22.529999999999973,24.380000000000052,325.33,322.14,350.58,0.03525443240272458,0.039506141831568274,-41.60999999999996,0
2021-12-17,310.86,320.22,303.01,304.92,100437300,0.006117098747451164,322.9157142857143,353.50066666666663,299.1016666666667,5.939999999999998,17.210000000000036,308.97,319.5,356.32,0.03380295626176809,0.03939458849653456,-45.45999999999998,1
2021-12-20,299.98,307.23,297.8,303.57,56480100,-0.034999678311780205,317.96999999999997,349.92133333333334,299.7597777777778,-3.589999999999975,9.430000000000007,310.86,325.33,334.6,0.029567091561631346,0.03968910838267184,-34.620000000000005,0
2021-12-21,312.84,313.17,295.37,305.62,71517900,0.042869524634975516,314.2314285714286,347.42766666666665,300.57955555555554,7.21999999999997,17.80000000000001,299.98,308.97,339.01,0.03577724937380887,0.04009037509497552,-26.170000000000016,1
2021-12-22,336.29,338.55,319.02,321.89,93634200,0.07495844521160992,316.2528571428571,347.26500000000004,301.7747777777778,14.400000000000034,19.53000000000003,312.84,310.86,322.14,0.04341458019037212,0.03669580409862567,14.150000000000034,1
2021-12-23,355.67,357.66,332.52,335.6,92713200,0.05762883225787265,321.42,347.25466666666665,303.2611111111111,20.069999999999993,25.140000000000043,336.29,299.98,319.5,0.04659724686864889,0.037359369784004,36.170000000000016,1
2021-12-27,364.65,372.33,356.91,357.89,71145900,0.025248123260325474,327.0371428571429,347.59299999999996,304.761,6.759999999999991,15.419999999999959,355.67,312.84,325.33,0.04671942419009843,0.0376138851571551,39.31999999999999,1
2021-12-28,362.82,373.0,359.47,369.83,60324000,-0.005018510900863799,334.73,348.20466666666664,306.298,-7.009999999999991,13.529999999999973,364.65,336.29,308.97,0.03813989171562432,0.03721338555602112,53.849999999999966,0
2021-12-29,362.06,368.0,354.71,366.21,56154000,-0.0020947026073534834,342.0442857142857,349.0133333333334,307.8014444444444,-4.149999999999977,13.29000000000002,362.82,355.67,310.86,0.03889430876783741,0.03699804776941566,51.19999999999999,0
2021-12-30,356.78,365.18,351.05,353.78,47040900,-0.01458321825111868,350.1585714285714,349.18666666666667,309.1497777777778,3.0,14.129999999999995,362.06,364.65,299.98,0.034350250023201585,0.036423246405425325,56.799999999999955,0
2021-12-31,352.26,360.67,351.53,357.81,40733700,-0.012668871573518646,355.78999999999996,348.82866666666666,310.43977777777775,-5.550000000000011,9.140000000000043,356.78,362.82,312.84,0.03606065373350073,0.03601369142971938,39.420000000000016,0
2022-01-03,399.93,400.36,378.68,382.58,103931400,0.13532617952648618,364.8814285714285,349.97766666666666,312.2493333333333,17.350000000000023,21.680000000000007,352.26,362.06,336.29,0.054538089023576326,0.04371735577352638,63.639999999999986,1
2022-01-04,383.2,402.67,374.35,396.52,100248300,-0.04183232065611486,368.81428571428575,350.11699999999996,313.9102222222222,-13.319999999999993,28.319999999999993,399.93,356.78,355.67,0.057859411329464566,0.04402510463278645,27.529999999999973,0
2022-01-05,362.71,390.11,360.34,382.22,80119800,-0.05347077244258875,368.5371428571429,349.35333333333335,315.30355555555553,-19.510000000000048,29.77000000000004,383.2,352.26,364.65,0.062343687577497496,0.04502030844029235,-1.9399999999999977,0
2022-01-06,354.9,362.67,340.17,359.0,90336600,-0.02153235367097682,367.4057142857142,348.86066666666665,316.5397777777778,-4.100000000000023,22.5,362.71,399.93,362.82,0.06291079097580755,0.04455248390827704,-7.920000000000016,0
2022-01-07,342.32,360.31,336.67,360.12,84164700,-0.035446604677373865,364.5857142857143,347.8713333333333,317.61844444444444,-17.80000000000001,23.639999999999986,354.9,383.2,362.06,0.06420841590541297,0.044985286730622014,-19.74000000000001,0
2022-01-10,352.71,353.03,326.67,333.33,91815000,0.03035171769104927,364.0042857142857,347.607,318.8185555555555,19.379999999999995,26.359999999999957,342.32,362.71,356.78,0.06547772781010364,0.045018191915914885,-4.069999999999993,1
2022-01-11,354.8,358.62,346.27,351.22,66063300,0.0059255479005416115,364.3671428571428,346.80033333333336,320.04822222222225,3.579999999999984,12.350000000000023,352.71,354.9,352.26,0.0652499724795104,0.04400934909912034,2.5400000000000205,1
2022-01-12,368.74,371.61,357.53,359.62,83739000,0.03928974069898534,359.9114285714286,346.372,321.42844444444444,9.120000000000005,14.080000000000041,354.8,342.32,399.93,0.036488469892155054,0.04461057737200695,-31.189999999999998,1
2022-01-13,343.85,371.87,342.18,369.69,97209900,-0.0675001355968975,354.28999999999996,345.66700000000003,322.4604444444444,-25.839999999999975,29.689999999999998,368.74,352.71,383.2,0.041105664991203314,0.04561843844477246,-39.349999999999966,0
2022-01-14,349.87,350.67,337.79,339.96,72924300,0.01750763414279477,352.45571428571424,345.27833333333336,323.5557777777778,9.910000000000025,12.879999999999995,343.85,354.8,362.71,0.03860488056318635,0.04571129535667953,-12.839999999999975,1
2022-01-18,343.5,356.93,338.69,342.2,66743400,-0.018206762511790105,350.82714285714286,345.451,324.5766666666667,1.3000000000000114,18.24000000000001,349.87,368.74,354.9,0.03837995215564101,0.04423483134581175,-11.399999999999977,0
2022-01-19,331.88,351.56,331.67,347.24,75442500,-0.033828238719068426,349.3357142857143,345.3023333333333,325.5373333333333,-15.360000000000014,19.889999999999986,343.5,343.85,342.32,0.038163292902578576,0.044686266090252516,-10.439999999999998,0
2022-01-20,332.09,347.22,331.33,336.58,70488600,0.0006327588284921645,346.39,344.686,326.4753333333333,-4.490000000000009,15.890000000000043,331.88,349.87,352.71,0.0352773341680205,0.04398297396009806,-20.620000000000005,1
2022-01-21,314.63,334.85,313.5,332.11,103416000,-0.052576108886145265,340.65142857142865,343.29633333333334,327.2138888888889,-17.480000000000018,21.350000000000023,332.09,343.5,354.8,0.03822767395091655,0.044842794614403686,-40.170000000000016,0
2022-01-24,310.0,311.17,283.82,301.59,151565700,-0.014715697803769493,332.26000000000005,342.4763333333333,327.85900000000004,8.410000000000025,27.350000000000023,314.63,331.88,368.74,0.02959391577078637,0.043565228988872946,-58.74000000000001,0
2022-01-25,306.13,317.09,301.07,304.73,86595900,-0.01248387096774195,326.87142857142857,341.38033333333334,328.4567777777778,1.3999999999999773,16.019999999999982,310.0,332.09,343.85,0.022633131668473784,0.043515968953096715,-37.72000000000003,0
2022-01-26,312.47,329.23,302.0,317.48,104867400,0.02071015581615664,321.5285714285714,341.058,329.11577777777774,-5.009999999999991,27.230000000000018,306.13,314.63,349.87,0.02344670924781724,0.04277262822075364,-37.39999999999998,1
2022-01-27,276.37,311.8,276.33,311.12,147109500,-0.1155310909847346,311.93857142857144,339.62033333333335,329.4822222222222,-34.75,35.47000000000003,312.47,310.0,343.5,0.044515011901634906,0.047676553937807224,-67.13,0
2022-01-28,282.12,285.83,264.0,277.19,134789100,0.02080544197995441,304.83,338.18,329.8784444444445,4.930000000000007,21.829999999999984,276.37,306.13,331.88,0.04829628186052739,0.04771948948294134,-49.75999999999999,1
2022-01-31,312.24,312.66,287.35,290.9,104436000,0.10676307954062103,301.9942857142857,338.28899999999993,330.56277777777774,21.340000000000032,25.310000000000002,282.12,312.47,332.09,0.06883344918645051,0.05093274356614364,-19.849999999999966,1
2022-02-01,310.42,314.57,301.67,311.74,73138200,-0.0058288496028695656,301.39285714285717,338.27433333333335,331.22066666666666,-1.3199999999999932,12.899999999999977,312.24,276.37,314.63,0.06584568844940167,0.05094281140064704,-4.2099999999999795,0
2022-02-02,301.89,310.5,296.47,309.39,66792900,-0.02747889955544111,300.23428571428576,338.338,331.7068888888889,-7.5,14.029999999999973,310.42,282.12,310.0,0.06649332154645796,0.05077681348888743,-8.110000000000014,0
2022-02-03,297.05,312.33,293.51,294.0,78855600,-0.016032329656497316,298.9371428571429,337.81166666666667,332.0764444444444,3.0500000000000114,18.819999999999993,301.89,312.24,306.13,0.06660122120321196,0.050255748425195285,-9.079999999999984,0
2022-02-04,307.77,312.17,293.72,299.07,73625400,0.036088200639622856,298.2657142857143,336.861,332.61622222222223,8.699999999999989,18.44999999999999,297.05,310.42,312.47,0.06773342735017815,0.0487202277052036,-4.7000000000000455,1
2022-02-07,302.45,315.92,300.9,307.93,60994500,-0.01728563537706727,301.99142857142857,335.08700000000005,333.083,-5.480000000000018,15.020000000000039,307.77,301.89,276.37,0.04678580915417557,0.04747207773595439,26.079999999999984,0
2022-02-08,307.33,308.76,298.27,301.84,50729100,0.016134898330302516,305.59285714285716,333.1763333333334,333.6256666666667,5.490000000000009,10.490000000000009,302.45,297.05,282.12,0.046703508137857654,0.047305240846426025,25.20999999999998,1
2022-02-09,310.67,315.42,306.67,311.67,52259400,0.010867796830768333,305.36857142857144,331.438,334.2063333333333,-1.0,8.75,307.33,307.77,312.24,0.022449615360418174,0.04738946030683246,-1.5699999999999932,1
2022-02-10,301.52,314.6,298.9,302.79,66126900,-0.029452473685904767,304.09714285714284,329.41999999999996,334.66200000000003,-1.2700000000000387,15.700000000000045,310.67,302.45,310.42,0.02501266470924849,0.04761244596082527,-8.900000000000034,0
2022-02-11,286.67,305.32,283.57,303.21,79645800,-0.049250464314141575,301.92285714285714,327.08299999999997,334.9561111111111,-16.539999999999964,21.75,301.52,307.33,301.89,0.029404270104738492,0.04826917777269071,-15.21999999999997,0
2022-02-14,291.92,299.63,284.38,287.19,67756500,0.018313740537900722,301.19,325.07166666666666,335.30055555555555,4.730000000000018,15.25,286.67,310.67,297.05,0.03048950759909289,0.04845613894008655,-5.1299999999999955,1
2022-02-15,307.48,307.67,297.79,300.0,57286200,0.05330227459577967,301.1485714285714,321.98999999999995,335.7776666666667,7.480000000000018,9.879999999999995,291.92,301.52,307.77,0.03451045957862132,0.042163455040325634,-0.2899999999999636,1
2022-02-16,307.8,308.81,300.4,304.68,51294300,0.001040718095485863,301.91285714285715,319.4766666666667,336.28844444444445,3.1200000000000045,8.410000000000025,307.48,286.67,302.45,0.03363125987432723,0.04169622085507786,5.350000000000023,1
2022-02-17,292.12,306.17,291.37,304.42,55178400,-0.05094217024041588,299.74000000000007,317.1236666666666,336.6011111111111,-12.300000000000011,14.800000000000011,307.8,291.92,307.33,0.038470781745723714,0.041600295842933156,-15.20999999999998,0
2022-02-18,285.66,295.62,279.2,295.33,68501700,-0.022114199643981855,296.1671428571429,314.8156666666667,336.79100000000005,-9.669999999999959,16.420000000000016,292.12,307.48,310.67,0.03799324381089859,0.041607755478939336,-25.00999999999999,0
2022-02-22,273.84,285.58,267.03,278.04,83288100,-0.041377861793740985,292.21285714285716,312.533,336.82966666666664,-4.2000000000000455,18.55000000000001,285.66,307.8,301.52,0.039191325010904964,0.04176450658014657,-27.680000000000007,0
2022-02-23,254.68,278.43,253.52,276.81,95256900,-0.06996786444639194,287.64285714285717,309.26533333333333,336.6286666666666,-22.129999999999995,24.909999999999997,273.84,292.12,286.67,0.04298356240998616,0.04271238452645361,-31.99000000000001,0
2022-02-24,266.92,267.49,233.33,233.46,135322200,0.04806031097848284,284.07142857142856,306.336,336.47211111111113,33.46000000000001,34.16,254.68,285.66,291.92,0.048102733743129227,0.04392642488175227,-25.0,1
2022-02-25,269.96,273.17,260.8,269.74,76067700,0.011389180278735065,278.7114285714286,303.04333333333335,336.249,0.21999999999997044,12.370000000000005,266.92,273.84,307.48,0.040699941108730035,0.04316849962499516,-37.52000000000004,1
2022-02-28,290.14,292.29,271.57,271.67,99006900,0.07475181508371613,276.18857142857144,301.253,336.27177777777774,18.46999999999997,20.720000000000027,269.96,254.68,307.8,0.05378831312261673,0.04436623198002801,-17.660000000000025,1
2022-03-01,288.12,296.63,284.59,289.89,74766900,-0.00696215620045489,275.6171428571429,299.19466666666665,336.26644444444446,-1.7699999999999818,12.04000000000002,290.14,266.92,292.12,0.050277482419676334,0.044168554508080445,-4.0,0
2022-03-02,293.3,295.49,281.42,290.71,74643300,0.01797862001943637,276.7085714285714,297.5213333333333,336.21422222222225,2.590000000000032,14.069999999999993,288.12,269.96,285.66,0.049737260481901746,0.044303628408482544,7.639999999999986,1
2022-03-03,279.76,295.48,277.53,292.92,61623600,-0.04616433685646103,277.55428571428575,295.784,335.9534444444444,-13.160000000000025,17.950000000000045,293.3,290.14,273.84,0.05050550848534572,0.0446430963505698,5.920000000000016,0
2022-03-04,279.43,285.22,275.05,283.03,66999600,-0.0011795824992850447,281.09000000000003,294.0286666666667,335.26244444444444,-3.599999999999966,10.170000000000016,279.76,288.12,254.68,0.039079215469397015,0.04463684181458021,24.75,0
2022-03-07,268.19,288.71,268.19,285.43,72494100,-0.04022474322728414,281.27142857142854,292.48066666666665,334.4703333333333,-17.24000000000001,20.519999999999982,279.43,293.3,266.92,0.04046949892527763,0.044235865497808835,1.2699999999999818,0
2022-03-08,274.8,283.33,260.72,265.18,80399100,0.02464670569372465,281.96285714285716,291.30733333333336,333.67977777777776,9.620000000000005,22.609999999999957,268.19,279.76,269.96,0.04131787106908802,0.04450106825972602,4.840000000000032,1
2022-03-09,286.32,286.85,277.34,279.83,59184000,0.041921397379912594,281.4171428571429,290.647,332.8721111111111,6.490000000000009,9.510000000000048,274.8,279.43,290.14,0.032845327234971904,0.04520623022875773,-3.819999999999993,1
2022-03-10,279.43,284.82,270.12,283.82,58648500,-0.02406398435317123,280.17571428571426,289.5456666666667,331.851,-4.389999999999986,14.699999999999989,286.32,268.19,288.12,0.03394340978658828,0.045195871565887634,-8.689999999999998,0
2022-03-11,265.12,281.27,264.59,280.07,67037100,-0.05121139462477187,276.15,289.17066666666665,330.32055555555553,-14.949999999999989,16.680000000000007,279.43,274.8,293.3,0.03649877262241158,0.04099004714856464,-28.180000000000007,0
2022-03-14,255.46,266.9,252.01,260.2,71152200,-0.03643633071816534,272.67857142857144,288.28200000000004,328.81822222222223,-4.739999999999981,14.889999999999986,265.12,286.32,279.76,0.035221905404285825,0.04129130155837895,-24.299999999999983,0
2022-03-15,267.3,268.52,252.19,258.42,66841200,0.04634776481640963,270.9457142857143,286.784,327.2924444444444,8.879999999999995,16.329999999999984,255.46,279.43,279.43,0.04171886515450117,0.03703276380876911,-12.129999999999995,1
2022-03-16,280.08,280.67,267.42,269.67,84028800,0.04781144781144771,272.64428571428573,285.7726666666667,325.84922222222224,10.409999999999968,13.25,267.3,265.12,268.19,0.0427882060557989,0.038241798295897696,11.889999999999986,1
2022-03-17,290.53,291.67,275.24,277.0,66582900,0.03731076835189942,274.89142857142855,285.394,324.5511111111111,13.529999999999973,16.430000000000007,280.08,255.46,274.8,0.043911563097431563,0.038622700966008276,15.729999999999961,1
2022-03-18,301.8,302.62,289.13,291.5,100414200,0.0387911747495957,277.1028571428571,285.5523333333333,323.59722222222223,10.300000000000011,13.490000000000009,290.53,267.3,286.32,0.04353249233961389,0.03915849611281695,15.480000000000018,1
2022-03-21,307.05,314.28,302.36,304.99,81981600,0.01739562624254473,281.04857142857145,285.52833333333336,323.2181111111111,2.0600000000000023,11.919999999999959,301.8,280.08,279.43,0.04113978055693855,0.03873177337507832,27.620000000000005,1
2022-03-22,331.33,332.62,307.25,310.0,105868500,0.07907506920696945,290.50714285714287,286.49100000000004,322.9442222222222,21.329999999999984,25.370000000000005,307.05,290.53,265.12,0.03567773313110681,0.04111551951416423,66.20999999999998,1
2022-03-23,333.04,346.9,325.47,326.65,120676200,0.0051610177164761305,301.59000000000003,287.34799999999996,322.70577777777777,6.390000000000043,21.42999999999995,331.33,301.8,255.46,0.023636800846861997,0.04105131006377846,77.58000000000001,1
2022-03-24,337.97,341.5,329.6,336.58,68920800,0.014803026663463868,311.6857142857143,288.25800000000004,322.6335555555556,1.3900000000000432,11.899999999999977,333.04,307.05,267.3,0.024938466724905305,0.04108196065385252,70.67000000000002,1
2022-03-25,336.88,340.6,332.44,336.0,62031600,-0.003225138325887007,319.8,289.43666666666667,322.62333333333333,0.8799999999999955,8.160000000000025,337.97,331.33,280.08,0.027654574669834456,0.04063036398827059,56.80000000000001,0
2022-03-28,363.95,365.96,351.2,355.03,102506100,0.08035502255996199,330.2885714285714,292.0126666666667,322.7607777777778,8.920000000000016,14.759999999999991,336.88,333.04,290.53,0.034303987063496445,0.04159703635259816,73.42000000000002,1
2022-03-29,366.52,371.59,357.7,369.33,73614900,0.0070614095342766674,339.53428571428566,294.4993333333333,322.7998888888889,-2.8100000000000023,13.889999999999986,363.95,337.97,301.8,0.035516005091937905,0.041559189213762344,64.71999999999997,1
2022-03-30,364.66,371.32,361.33,363.72,59865000,-0.005074757175597394,347.7642857142858,296.4053333333334,322.791,0.9399999999999977,9.990000000000009,366.52,336.88,307.05,0.03765495763394606,0.04074511562870228,57.610000000000014,0
2022-03-31,359.2,367.71,358.88,364.86,48992700,-0.014972851423243668,351.7457142857143,298.1186666666666,322.5707777777778,-5.660000000000025,8.829999999999984,364.66,363.95,331.33,0.03162887037636406,0.04092358496087453,27.870000000000005,0
2022-04-01,361.53,364.92,355.55,360.38,54263100,0.006486636971046726,355.8157142857143,300.43233333333336,322.3031111111111,1.1499999999999773,9.370000000000005,359.2,366.52,333.04,0.03158492863290815,0.039487838247611394,28.489999999999952,1
2022-04-04,381.82,383.3,357.51,363.13,82035900,0.056122590103172686,362.08,303.6376666666667,322.438,18.689999999999998,25.79000000000002,361.53,364.66,337.97,0.03573926381558433,0.04001861685274947,43.849999999999966,1
2022-04-05,363.75,384.29,362.43,378.77,80075100,-0.04732596511445182,365.9185714285714,306.6346666666667,322.3463333333333,-15.019999999999982,21.860000000000014,381.82,359.2,336.88,0.043228832091856434,0.04029819723128543,26.870000000000005,0
2022-04-06,348.59,359.67,342.57,357.82,89348400,-0.04167697594501725,363.7242857142857,309.76500000000004,322.21244444444443,-9.230000000000018,17.100000000000023,363.75,361.53,363.95,0.03475342230511171,0.03865275717464837,-15.360000000000014,0
2022-04-07,352.42,358.86,340.51,350.8,79447200,0.01098711953871322,361.71000000000004,312.615,321.9171111111111,1.6200000000000045,18.350000000000023,348.59,381.82,366.52,0.035022905864043975,0.038022195681969836,-14.099999999999966,1
2022-04-08,341.83,349.48,340.81,347.74,55013700,-0.030049372907326573,358.4485714285714,315.0106666666667,321.4753333333333,-5.910000000000025,8.670000000000016,352.42,363.75,364.66,0.03627382803518633,0.03871620039391216,-22.83000000000004,0
2022-04-11,325.31,336.16,324.88,326.8,59357100,-0.04832811631512735,353.60714285714283,316.183,321.03433333333334,-1.490000000000009,11.28000000000003,341.83,348.59,359.2,0.03930931575964719,0.037980385321091575,-33.889999999999986,0
2022-04-12,328.98,340.4,325.53,332.55,65976000,0.011281546832252362,348.9571428571429,317.54499999999996,320.67266666666666,-3.569999999999993,14.870000000000005,325.31,352.42,361.53,0.03975283637781871,0.03793636089489226,-32.549999999999955,1
2022-04-13,340.79,342.08,324.37,327.03,55121100,0.03589883883518755,343.0957142857143,319.128,320.70011111111114,13.760000000000048,17.70999999999998,328.98,341.83,381.82,0.03427361077855566,0.03828529074767135,-41.02999999999997,1
2022-04-14,328.33,337.57,327.4,333.1,58422300,-0.036562105695589764,338.0357142857143,320.747,320.6111111111111,-4.770000000000039,10.170000000000016,340.79,325.31,363.75,0.032823882598270786,0.0378745245391784,-35.420000000000016,0
2022-04-18,334.76,338.31,324.47,329.68,51715200,0.019583955167057555,336.06,322.59133333333335,320.43533333333335,5.079999999999984,13.839999999999975,328.33,328.98,348.59,0.03239866741119538,0.03792777021228501,-13.829999999999984,1
2022-04-19,342.72,344.98,331.78,335.02,49847700,0.023778229179113503,334.67428571428576,325.0756666666667,320.2842222222222,7.7000000000000455,13.200000000000045,334.76,340.79,352.42,0.033801538263666636,0.036983850315114475,-9.699999999999989,1
2022-04-20,325.73,344.67,325.08,343.33,70711200,-0.04957399626517276,332.37428571428575,326.7733333333333,320.18566666666663,-17.599999999999966,19.590000000000032,342.72,328.33,341.83,0.037011988157869595,0.03834889532419279,-16.099999999999966,0
2022-04-21,336.26,364.07,332.14,358.24,105416400,0.032327387713750565,333.93857142857144,328.438,320.1551111111111,-21.980000000000018,31.930000000000007,325.73,334.76,325.31,0.0341847823447066,0.038081435873918976,10.949999999999989,1
2022-04-22,335.02,344.95,331.33,338.3,69696600,-0.003687622672931687,334.8014285714286,330.291,320.29822222222225,-3.2800000000000296,13.620000000000005,336.26,342.72,328.98,0.03421261389210797,0.03770531000526161,6.039999999999964,0
2022-04-25,332.67,336.21,325.1,326.32,68341200,-0.007014506596620996,333.64142857142855,332.54266666666666,320.44455555555555,6.350000000000023,11.109999999999957,335.02,325.73,340.79,0.03105712722693706,0.03619581963356984,-8.120000000000005,0
2022-04-26,292.14,333.33,291.67,331.81,136133700,-0.12183244656867175,328.4714285714286,333.76533333333333,320.0757777777778,-39.670000000000016,41.65999999999997,332.67,336.26,328.33,0.054374727329218504,0.04261723826039466,-36.19,0
2022-04-27,293.84,306.0,292.45,299.53,76956300,0.005819127815430919,322.6257142857143,334.65,319.90766666666667,-5.689999999999998,13.550000000000011,292.14,335.02,334.76,0.053141954699983625,0.04191013837671965,-40.920000000000016,1
2022-04-28,292.5,300.0,273.9,299.99,124948500,-0.004560304927851808,315.45142857142855,335.064,319.70366666666666,-7.490000000000009,26.100000000000023,293.84,332.67,342.72,0.050517284774205515,0.04110636989139478,-50.22000000000003,0
2022-04-29,290.25,311.47,290.0,300.75,88133100,-0.007692307692307693,310.3828571428571,335.05466666666666,319.59555555555556,-10.5,21.470000000000027,292.5,292.14,325.73,0.04905818381005732,0.040601903232578736,-35.48000000000002,0
2022-05-02,300.98,302.12,282.68,286.92,75781500,0.03696813092161936,305.34285714285716,335.02733333333333,319.46377777777775,14.060000000000002,19.439999999999998,290.25,293.84,336.26,0.04983328232810103,0.040544371840578144,-35.27999999999997,1
2022-05-03,303.08,308.03,296.2,301.06,63709500,0.006977207787892769,300.78000000000003,334.8949999999999,319.0947777777778,2.019999999999982,11.829999999999984,300.98,292.5,335.02,0.05038150136183916,0.04044107878763134,-31.939999999999998,1
2022-05-04,317.54,318.5,295.09,301.31,81643800,0.047710175531213005,298.61857142857144,334.4353333333333,318.67111111111114,16.230000000000018,23.410000000000025,303.08,290.25,332.67,0.05546332960081017,0.0387043514264908,-15.129999999999995,1
2022-05-05,291.09,315.2,285.9,313.01,92519100,-0.08329659255526876,298.46857142857147,333.03700000000003,317.8537777777778,-21.920000000000016,29.30000000000001,317.54,300.98,292.14,0.04231470966614291,0.04151202214909299,-1.0500000000000114,0
2022-05-06,288.55,296.0,281.04,295.67,72903000,-0.008725823628430945,297.7128571428571,331.38966666666664,317.02855555555556,-7.1200000000000045,14.95999999999998,291.09,303.08,293.84,0.04235419102191218,0.04137391430322988,-5.289999999999964,0
2022-05-09,262.37,281.88,260.38,278.82,90810300,-0.09072950961705079,293.40857142857146,328.906,315.9208888888889,-16.44999999999999,21.5,288.55,317.54,292.5,0.054164702246188724,0.044270712668275015,-30.129999999999995,0
2022-05-10,266.68,275.12,258.08,273.1,84401700,0.016427182985859674,290.0414285714286,325.66366666666664,314.91977777777777,-6.420000000000016,17.04000000000002,262.37,291.09,290.25,0.05539441077051942,0.041346790642206976,-23.569999999999993,1
2022-05-11,244.67,269.92,242.4,265.0,97224600,-0.08253337333133351,281.9971428571429,321.60200000000003,313.72433333333333,-20.330000000000013,27.52000000000001,266.68,288.55,300.98,0.05666689143168323,0.043302105082926756,-56.31000000000003,0
2022-05-12,242.67,253.22,226.67,233.67,140313000,-0.008174275554828954,273.3671428571428,317.53566666666666,311.977,9.0,26.55000000000001,244.67,262.37,303.08,0.055394941603550026,0.04328761551365185,-60.41,0
2022-05-13,256.53,262.45,250.52,257.83,92150700,0.057114600074174744,264.65142857142854,314.11333333333334,310.56955555555555,-1.3000000000000114,11.929999999999978,242.67,266.68,317.54,0.057658800373430755,0.04511064712437805,-61.01000000000005,1
2022-05-16,241.46,256.59,239.7,255.72,86098500,-0.058745565820761576,257.56142857142856,310.111,309.2223333333334,-14.259999999999991,16.889999999999986,256.53,244.67,291.09,0.05443065057555095,0.04584757666603828,-49.62999999999997,0
2022-05-17,253.87,254.83,242.95,249.12,80236200,0.05139567630249315,252.60714285714286,305.84599999999995,308.0997777777778,4.75,11.880000000000024,241.46,242.67,288.55,0.06169488677435488,0.045611776407152096,-34.68000000000001,1
2022-05-18,236.6,253.5,233.6,248.17,87811800,-0.06802694292354358,248.9257142857143,301.60766666666666,306.9251111111111,-11.569999999999993,19.900000000000006,253.87,256.53,262.37,0.057601039115699554,0.046308466771102196,-25.77000000000001,0
2022-05-19,236.47,244.67,231.37,235.67,90296700,-0.0005494505494505303,244.60999999999999,297.8703333333333,305.6335555555556,0.8000000000000114,13.299999999999983,236.6,241.46,266.68,0.056491415604121596,0.04604329297407678,-30.210000000000008,0
2022-05-20,221.3,240.53,211.0,238.0,144973200,-0.06415190087537526,241.27142857142854,293.49966666666666,304.1502222222222,-16.69999999999999,29.53,236.47,253.87,244.67,0.05319508053063819,0.046798824413575316,-23.369999999999976,0
2022-05-23,224.97,226.65,212.69,218.34,88903500,0.016583822864889235,238.74285714285716,289.60433333333333,302.5527777777778,6.6299999999999955,13.960000000000008,221.3,236.6,242.67,0.054380792398022085,0.04703150065227428,-17.69999999999999,1
2022-05-24,209.39,217.97,206.86,217.84,89092500,-0.06925367826821359,232.00857142857143,285.74033333333335,301.0587777777778,-8.450000000000017,11.109999999999985,224.97,236.47,256.53,0.049328295593773656,0.04772746604549069,-47.139999999999986,0
2022-05-25,219.6,223.11,207.67,207.95,92139300,0.04876068580161425,228.8857142857143,282.09433333333334,299.6113333333333,11.650000000000006,15.440000000000026,209.39,221.3,241.46,0.054460421726546096,0.04887368597932925,-21.860000000000014,1
2022-05-26,235.91,239.56,217.89,220.47,106003200,0.07427140255009108,226.31999999999996,278.5983333333333,298.41588888888884,15.439999999999998,21.670000000000016,219.6,224.97,253.87,0.059375538706443375,0.05064569336524905,-17.960000000000008,1
2022-05-27,253.21,253.27,240.18,241.08,89295000,0.07333305073968892,228.69285714285712,276.09433333333334,297.5417777777778,12.129999999999995,13.090000000000003,235.91,209.39,236.6,0.05995416441939688,0.05266078095866838,16.610000000000014,1
2022-05-31,252.75,259.6,244.74,257.95,101914500,-0.0018166739070337187,231.01857142857142,273.36066666666665,296.6602222222222,-5.199999999999989,14.860000000000014,253.21,219.6,236.47,0.059997751113793,0.05242918859030114,16.28,0
2022-06-01,246.79,257.33,243.64,251.72,77247900,-0.02358061325420379,234.66,270.163,295.90644444444445,-4.930000000000007,13.689999999999998,252.75,235.91,221.3,0.05307670632243953,0.05215275663291106,25.48999999999998,0
2022-06-02,258.33,264.21,242.07,244.16,93473100,0.04676040358199276,239.4257142857143,267.91633333333334,295.33233333333334,14.169999999999987,22.139999999999986,246.79,253.21,224.97,0.0542590884861196,0.052567010875382375,33.359999999999985,1
2022-06-03,234.52,247.8,233.42,243.23,112393800,-0.09216893121201554,243.0157142857143,264.525,294.53666666666663,-8.70999999999998,14.380000000000024,258.33,252.75,209.39,0.06091033229247469,0.05429565413828085,25.130000000000024,0
2022-06-06,238.28,244.87,234.35,244.35,84204600,0.016032747740064773,245.68428571428572,261.30033333333336,293.71233333333333,-6.069999999999993,10.52000000000001,234.52,246.79,219.6,0.05938704156564904,0.05449972320154044,18.680000000000007,1
2022-06-07,238.89,240.0,230.09,234.0,72808500,0.002560013429578585,246.10999999999999,258.1743333333333,293.29588888888884,4.889999999999986,9.909999999999997,238.28,258.33,235.91,0.05294432580446874,0.05454475424581049,2.9799999999999898,1
2022-06-08,241.87,249.96,239.18,240.09,76210500,0.012474360584369452,244.49,256.4986666666666,292.8486666666667,1.7800000000000011,10.780000000000001,238.89,234.52,253.21,0.043655107323449946,0.050358338237376794,-11.340000000000003,1
2022-06-09,239.71,255.55,239.33,249.34,96491400,-0.008930417166246317,242.62714285714287,254.69433333333333,292.0427777777778,-9.629999999999995,16.22,241.87,238.28,252.75,0.04363306137057376,0.05032077927530926,-13.039999999999992,0
2022-06-10,232.23,239.5,227.91,235.16,97536600,-0.03120437194943898,240.54714285714286,252.68533333333335,291.174,-2.930000000000007,11.590000000000003,239.71,238.89,246.79,0.04421608665170071,0.050537935624182365,-14.560000000000002,0
2022-06-13,215.74,226.63,214.68,223.17,102767400,-0.07100719114670792,234.46285714285713,250.20166666666668,290.2167777777778,-7.429999999999978,11.949999999999989,232.23,241.87,258.33,0.042370461148265044,0.05189721537902219,-42.589999999999975,0
2022-06-14,220.89,226.33,211.74,218.29,97988700,0.02387132659682941,232.51571428571427,247.532,289.3705555555556,2.5999999999999943,14.590000000000003,215.74,239.71,234.52,0.03324975318186256,0.05155535463045676,-13.630000000000024,1
2022-06-15,233.0,235.66,218.15,220.92,119131800,0.054823667888994586,231.76142857142855,245.196,288.5397777777778,12.080000000000013,17.50999999999999,220.89,232.23,238.28,0.04039350269399807,0.052790467299130714,-5.280000000000001,1
2022-06-16,213.1,225.17,208.69,222.74,107390700,-0.08540772532188844,228.0771428571429,241.71466666666666,287.54699999999997,-9.640000000000015,16.47999999999999,233.0,215.74,238.89,0.05088323103430554,0.05359053730165283,-25.789999999999992,0
2022-06-17,216.76,220.97,213.2,213.43,92641800,0.017175035194744236,224.49,239.237,286.54066666666665,3.329999999999984,7.77000000000001,213.1,220.89,241.87,0.051336091613122886,0.0520864733873497,-25.110000000000014,1
2022-06-21,237.04,243.58,224.33,224.6,122793000,0.09355969736113676,224.10857142857142,237.51999999999998,285.7225555555555,12.439999999999998,19.25,216.76,233.0,239.71,0.06574397174565687,0.05531528750242554,-2.670000000000016,1
2022-06-22,236.09,246.83,233.83,234.5,101107500,-0.004007762402969915,224.66,236.64399999999998,284.99555555555554,1.5900000000000034,13.0,237.04,213.1,232.23,0.06436385532510057,0.052895788932709256,3.8600000000000136,0
2022-06-23,235.07,239.32,228.64,237.91,104202600,-0.004320386293362744,227.42142857142855,235.5903333333333,284.4222222222222,-2.8400000000000034,10.680000000000007,236.09,216.76,215.74,0.05574479556667493,0.0527800698861696,19.329999999999984,0
2022-06-24,245.71,246.07,236.09,237.47,95770800,0.04526311311524233,230.96714285714285,235.625,283.9087777777778,8.240000000000009,9.97999999999999,235.07,237.04,220.89,0.05697010170833474,0.051261499303643834,24.82000000000002,1
2022-06-27,244.92,252.07,242.57,249.37,89178300,-0.003215172357657484,232.67000000000002,235.7,283.21366666666665,-4.450000000000017,9.5,245.71,236.09,233.0,0.05467878634764626,0.051237480156310515,11.919999999999987,0
2022-06-28,232.66,249.97,232.34,244.48,90391200,-0.05005716152212964,235.46428571428572,234.9043333333333,282.37877777777777,-11.819999999999993,17.629999999999995,244.92,235.07,213.1,0.04541466825231322,0.05096784806856016,19.560000000000002,0
2022-06-29,228.49,231.17,222.27,230.5,82897200,-0.01792314966044867,237.14000000000001,234.472,281.67177777777783,-2.009999999999991,8.899999999999977,232.66,245.71,216.76,0.04685411495921754,0.049934687384837466,11.730000000000018,0
2022-06-30,224.47,229.46,218.86,224.51,94600500,-0.017593767779771587,235.3442857142857,233.492,280.99188888888887,-0.03999999999999204,10.599999999999994,228.49,244.92,237.04,0.02842003445435763,0.04903687000693879,-12.569999999999993,0
2022-07-01,227.26,230.23,222.12,227.0,74460300,0.01242927785450168,234.08285714285714,233.18066666666667,280.47433333333333,0.2599999999999909,8.109999999999985,224.47,232.66,236.09,0.029409583100457836,0.047530578102877155,-8.830000000000013,1
2022-07-05,233.07,233.15,216.17,223.0,84581100,0.025565431664173206,233.7971428571429,233.06733333333332,280.23422222222223,10.069999999999993,16.980000000000018,227.26,228.49,235.07,0.03162091451030716,0.047763341765456546,-2.0,1
2022-07-06,231.73,234.56,227.19,230.78,71853600,-0.005749345690136025,231.79999999999998,233.415,279.8432222222222,0.9499999999999886,7.3700000000000045,233.07,224.47,245.71,0.024259793460429908,0.046196493844345,-13.980000000000018,0
2022-07-07,244.54,245.36,232.21,233.92,81930600,0.05527985155137446,231.74571428571429,234.06733333333332,279.5607777777778,10.620000000000005,13.150000000000006,231.73,227.26,244.92,0.03423679973858883,0.04713190014338129,-0.37999999999999545,1
2022-07-08,250.76,254.98,241.16,242.33,101854200,0.025435511572748832,234.33142857142857,235.44633333333334,279.12322222222224,8.429999999999978,13.819999999999993,244.54,233.07,232.66,0.02682644363177715,0.04519738625385026,18.099999999999994,1
2022-07-11,234.34,253.06,233.63,252.1,99241200,-0.0654809379486361,235.16714285714284,235.93766666666664,278.52566666666667,-17.75999999999999,19.430000000000007,250.76,231.73,228.49,0.038759209727794695,0.04635711051819322,5.849999999999994,0
2022-07-12,233.07,239.77,228.37,236.85,87930900,-0.005419475975078989,236.3957142857143,235.843,277.85644444444443,-3.780000000000001,11.400000000000006,234.34,244.54,224.47,0.03787778622314656,0.044386198902028606,8.599999999999994,0
2022-07-13,237.04,242.06,225.03,225.5,97954500,0.01703350924614922,237.79285714285714,235.304,277.38177777777776,11.539999999999992,17.03,233.07,250.76,227.26,0.03804745958476431,0.04234637998675119,9.780000000000001,1
2022-07-14,238.31,238.65,229.33,234.9,78557400,0.005357745528180941,238.54142857142855,234.82266666666663,276.9248888888889,3.4099999999999966,9.319999999999993,237.04,234.34,233.07,0.03713007987960135,0.04236373695356717,5.240000000000009,1
2022-07-15,240.07,243.62,236.89,240.0,69683100,0.007385338424740846,239.7328571428571,234.59866666666667,276.61244444444446,0.06999999999999318,6.730000000000018,238.31,233.07,231.73,0.0368994424378959,0.04217345697236641,8.340000000000003,1
2022-07-18,240.55,250.52,239.6,244.94,82537500,0.001999416836756022,239.16285714285712,234.006,276.2318888888889,-4.389999999999986,10.920000000000016,240.07,237.04,244.54,0.029762130784625702,0.041241792681840736,-3.9899999999999807,1
2022-07-19,245.53,247.14,236.98,245.0,80890200,0.020702556641030927,238.41571428571427,234.37300000000002,275.77866666666665,0.5300000000000011,10.159999999999997,240.55,238.31,250.76,0.029082142101014598,0.037684003723478444,-5.22999999999999,1
2022-07-20,247.5,250.66,243.48,246.78,88864200,0.008023459455056404,240.29571428571427,234.68033333333332,275.4238888888889,0.7199999999999989,7.180000000000007,245.53,240.07,234.34,0.008815594055117695,0.03761107997027607,13.159999999999997,1
2022-07-21,271.71,273.27,254.87,255.11,142032300,0.09781818181818173,245.81571428571428,235.77433333333335,275.4971111111111,16.599999999999966,18.399999999999977,247.5,240.55,233.07,0.03380828239108539,0.04148547510538239,38.639999999999986,1
2022-07-22,272.24,280.79,270.71,276.22,103472700,0.0019506091052961967,250.84428571428572,236.7866666666667,275.6835555555556,-3.980000000000018,10.080000000000041,271.71,245.53,237.04,0.03469253083237036,0.04146571427372625,35.20000000000002,1
2022-07-25,268.43,274.15,267.4,272.22,64073400,-0.013995004407875412,255.14714285714285,237.74400000000003,275.6961111111111,-3.7900000000000205,6.75,272.24,247.5,238.31,0.03680373844265834,0.04153370630881986,30.120000000000005,0
2022-07-26,258.86,267.31,256.26,266.51,66820800,-0.03565175278471107,257.83142857142855,238.63166666666666,275.4603333333333,-7.649999999999977,11.050000000000011,268.43,271.71,240.07,0.042036332767094,0.041673646653078364,18.79000000000002,0
2022-07-27,274.82,275.93,261.79,263.81,88110000,0.06165494862087607,262.7271428571429,240.601,275.2857777777778,11.009999999999991,14.139999999999986,258.86,272.24,240.55,0.04566774491879004,0.04040869598622287,34.26999999999998,1
2022-07-28,280.9,283.3,272.8,280.07,84723000,0.022123571792445906,267.78000000000003,242.60133333333334,275.05355555555553,0.8299999999999841,10.5,274.82,268.43,245.53,0.04567417366235003,0.04038759693467715,35.369999999999976,1
2022-07-29,297.15,298.32,279.1,280.7,95313000,0.057849768600925604,274.8728571428572,244.73966666666666,274.9435555555555,16.44999999999999,19.21999999999997,280.9,258.86,247.5,0.04730026779627052,0.0405100349305199,49.64999999999998,1
2022-08-01,297.28,311.88,295.0,301.28,117042900,0.0004374894834258639,278.5257142857143,247.54566666666668,274.5652222222222,-4.0,16.879999999999995,297.15,274.82,271.71,0.03613874258625639,0.036444738776583184,25.569999999999993,1
2022-08-02,300.59,307.83,292.67,294.0,95577600,0.011134284176533915,282.5757142857143,250.34,274.20466666666664,6.589999999999975,15.159999999999968,297.28,280.9,272.24,0.03581562507693858,0.03643063205411492,28.349999999999966,1
2022-08-03,307.4,309.55,301.15,305.0,80091000,0.022655444292890656,288.1428571428571,252.68533333333335,273.865,2.3999999999999773,8.400000000000034,300.59,297.15,268.43,0.0335104587187892,0.033074549673378896,38.96999999999997,1
2022-08-04,308.63,313.61,305.0,311.0,72256200,0.004001301236174425,295.2528571428571,255.10333333333332,273.55111111111114,-2.3700000000000045,8.610000000000014,307.4,297.28,258.86,0.024730594703016296,0.03299630412642199,49.76999999999998,1
2022-08-05,288.17,304.61,285.54,302.67,113172900,-0.06629297216732002,297.15999999999997,256.87333333333333,272.7091111111111,-14.5,19.069999999999993,308.63,300.59,274.82,0.03763711894781441,0.03571835057785474,13.350000000000023,0
2022-08-08,290.42,305.2,289.09,295.0,98994000,0.007807891175347885,298.52,258.3636666666667,271.8635555555556,-4.579999999999984,16.110000000000014,288.17,307.4,280.9,0.03708968310493548,0.034997441981448225,9.520000000000039,1
2022-08-09,283.33,292.4,279.35,290.29,86244600,-0.02441291922043947,296.54571428571427,259.644,270.9598888888889,-6.960000000000036,13.049999999999955,290.42,308.63,297.15,0.030055790918473144,0.03540519080332571,-13.819999999999993,0
2022-08-10,294.36,297.51,283.37,297.07,94918800,0.038929869763173794,296.12857142857143,261.7006666666667,270.2394444444444,-2.7099999999999795,14.139999999999986,283.33,288.17,297.28,0.0346771962071953,0.03430332378954527,-2.919999999999959,1
2022-08-11,286.63,298.24,285.83,296.51,70155000,-0.026260361462155244,294.13428571428574,263.63866666666667,269.40722222222223,-9.879999999999995,12.410000000000025,294.36,290.42,300.59,0.03539048598815361,0.03455706183614607,-13.95999999999998,0
2022-08-12,300.03,300.16,285.03,289.42,79657200,0.04675016571887094,293.0814285714286,266.1573333333333,268.49844444444443,10.609999999999957,15.130000000000052,286.63,283.33,307.4,0.03959008335073268,0.034898776069574866,-7.3700000000000045,1
2022-08-15,309.32,313.13,301.23,301.79,89359200,0.030963570309635775,293.17999999999995,268.8926666666667,267.89366666666666,7.529999999999973,11.899999999999977,300.03,294.36,308.63,0.041619646497712666,0.035101200267292056,0.6899999999999977,1
2022-08-16,306.56,314.67,302.88,311.67,88136400,-0.008922798396482579,295.8071428571428,271.34233333333333,267.4266666666667,-5.110000000000014,11.79000000000002,309.32,286.63,288.17,0.030235582865137965,0.035169700435474266,18.389999999999986,0
2022-08-17,304.0,309.66,300.03,303.4,68766000,-0.00835073068893529,297.7471428571429,273.7513333333333,266.88866666666667,0.6000000000000227,9.630000000000052,306.56,300.03,290.42,0.03097320187549831,0.0352124653653065,13.579999999999984,0
2022-08-18,302.87,306.5,301.85,306.0,47500500,-0.0037171052631578797,300.5385714285714,275.6956666666666,266.45577777777777,-3.1299999999999955,4.649999999999977,304.0,309.32,283.33,0.028357024491033892,0.03421138716390864,19.54000000000002,0
2022-08-19,296.67,300.36,292.5,299.0,61395300,-0.02047082906857724,300.86857142857144,277.22599999999994,266.13755555555554,-2.329999999999984,7.860000000000014,302.87,306.56,294.36,0.027085935468153667,0.034417575077103225,2.3100000000000023,0
2022-08-22,289.91,292.4,286.3,291.91,55843200,-0.022786260828529983,301.3371428571428,279.07833333333326,265.7034444444444,-2.0,6.099999999999966,296.67,304.0,286.63,0.02651996835800694,0.03216065624454016,3.2800000000000296,0
2022-08-23,296.45,298.83,287.92,291.45,63984900,0.02255872512158933,300.8257142857143,281.191,265.21077777777776,5.0,10.909999999999968,289.91,302.87,300.03,0.02062620360267308,0.03217545273502768,-3.579999999999984,1
2022-08-24,297.1,303.65,296.5,297.56,57259800,0.002192612582223087,299.08,283.19300000000004,264.8637777777778,-0.45999999999997954,7.149999999999977,296.45,296.67,309.32,0.015233121706753183,0.03215448549435974,-12.21999999999997,1
2022-08-25,296.07,302.96,291.6,302.36,53230000,-0.003466846179737561,297.5814285714286,285.1183333333333,264.4338888888889,-6.2900000000000205,11.359999999999957,297.1,289.91,306.56,0.015176774306301374,0.0322202406890118,-10.490000000000009,0
2022-08-26,288.09,302.0,287.47,297.43,57163900,-0.026953085418988814,295.3085714285714,286.719,263.8268888888889,-9.340000000000032,14.529999999999973,296.07,296.45,304.0,0.01736078969700288,0.03283779143342577,-15.910000000000025,0
2022-08-29,284.82,287.74,280.7,282.83,41864700,-0.011350619598042216,292.73,288.19466666666665,263.37233333333336,1.990000000000009,7.0400000000000205,288.09,297.1,302.87,0.017321774858982123,0.032992505724800586,-18.05000000000001,0
2022-08-30,277.7,288.48,272.65,287.87,50541800,-0.02499824450530161,290.02000000000004,289.267,262.7216666666667,-10.170000000000016,15.830000000000041,284.82,296.07,296.67,0.017912854931102444,0.03335119514289258,-18.970000000000027,0
2022-08-31,275.61,281.25,271.81,280.62,52107300,-0.007526107310046723,287.97714285714284,290.20399999999995,262.0615555555555,-5.009999999999991,9.439999999999998,277.7,288.09,289.91,0.01689146937846579,0.033417574471866045,-14.300000000000011,0
2022-09-01,277.16,277.58,266.15,272.58,54287000,0.005623888828417007,285.2214285714286,290.3856666666667,261.44477777777774,4.580000000000041,11.430000000000007,275.61,284.82,296.45,0.012609354327286968,0.02836056502176017,-19.289999999999964,1
2022-09-02,270.21,282.35,269.08,281.07,50890100,-0.025075768509164542,281.38,290.318,261.2011111111111,-10.860000000000014,13.270000000000039,277.16,277.7,297.1,0.012608244868693627,0.028757419583113626,-26.890000000000043,0
2022-09-06,274.42,275.99,265.74,272.68,55860000,0.015580474445801549,278.2871428571429,290.5176666666667,260.98533333333336,1.740000000000009,10.25,270.21,275.61,296.07,0.016547351958249003,0.02876278850298158,-21.649999999999977,1
2022-09-07,283.7,283.84,272.27,273.1,50028900,0.03381677720282768,277.65999999999997,291.3456666666667,260.8875555555556,10.599999999999966,11.569999999999993,274.42,277.16,288.09,0.021715662071625327,0.02849423209307248,-4.389999999999986,1
2022-09-08,289.26,289.5,279.76,281.3,53713100,0.019598167077899197,278.2942857142857,291.827,260.87655555555557,7.9599999999999795,9.740000000000009,283.7,270.21,284.82,0.022623776602747718,0.026496384878651923,4.439999999999998,1
2022-09-09,299.68,299.85,291.25,291.67,54338100,0.03602295512687553,281.4342857142857,292.45300000000003,260.8621111111111,8.009999999999991,8.600000000000023,289.26,274.42,277.7,0.022041961861080924,0.026976697331163185,21.980000000000018,1
2022-09-12,304.42,305.49,300.4,300.72,48674600,0.015816871329418076,285.55,292.6953333333333,260.877,3.6999999999999886,5.090000000000032,299.68,283.7,275.61,0.020454393256000097,0.025024348834123238,28.810000000000002,1
2022-09-13,292.13,297.4,290.4,292.9,68229600,-0.04037185467446298,287.68857142857144,292.5236666666667,260.5946666666667,-0.7699999999999818,7.0,304.42,289.26,277.16,0.029265069518885647,0.026146218469119038,14.96999999999997,0
2022-09-14,302.61,306.0,291.64,292.24,72628700,0.03587443946188347,292.31714285714287,292.591,260.7226666666666,10.370000000000005,14.360000000000014,292.13,299.68,270.21,0.02677562280494515,0.02689705402300346,32.400000000000034,1
2022-09-15,303.75,309.12,300.72,301.83,64795500,0.0037672251412708977,296.50714285714287,292.46933333333334,260.89155555555556,1.920000000000016,8.399999999999977,302.61,304.42,274.42,0.027220622147860418,0.026581578563412988,29.329999999999984,1
2022-09-16,303.35,303.71,295.6,299.61,87087800,-0.0013168724279834642,299.31428571428575,292.2933333333333,261.3468888888889,3.740000000000009,8.109999999999957,303.75,292.13,283.7,0.02638443811117896,0.02657132539824713,19.650000000000034,0
2022-09-19,309.07,309.84,297.8,300.09,60231200,0.018856106807318182,302.14428571428573,292.98999999999995,261.8178888888889,8.980000000000018,12.039999999999964,303.35,302.61,289.26,0.02634049311515259,0.02365973219301289,19.810000000000002,1
2022-09-20,308.73,313.33,305.58,306.91,61642800,-0.0011000744167987025,303.4371428571429,293.60033333333337,262.5296666666666,1.8199999999999932,7.75,309.07,303.75,299.68,0.023796855095924014,0.023648091529022454,9.050000000000011,0
2022-09-21,300.8,313.8,300.63,308.29,62555700,-0.025685874388624384,302.92,294.18266666666665,263.17555555555555,-7.490000000000009,13.170000000000016,308.73,303.35,304.42,0.02560955375844741,0.02369877989272567,-3.6200000000000045,0
2022-09-22,288.59,301.29,285.82,299.86,70545400,-0.040591755319149055,302.4142857142857,293.99033333333335,263.5317777777778,-11.270000000000039,15.470000000000027,300.8,309.07,292.13,0.025665364689070966,0.023902956627362193,-3.5400000000000205,0
2022-09-23,275.33,284.5,272.82,283.09,63748400,-0.045947538029730735,298.51714285714286,293.6136666666667,263.9081111111111,-7.759999999999991,11.680000000000007,288.59,308.73,302.61,0.02443250375154498,0.02488782761339681,-27.28000000000003,0
2022-09-26,276.01,284.09,270.31,271.83,58076900,0.0024697635564595462,294.55428571428575,292.81300000000005,264.1541111111111,4.180000000000007,13.779999999999973,275.33,300.8,303.75,0.02428730474350684,0.023212470125389625,-27.74000000000001,1
2022-09-27,282.94,288.67,277.51,283.84,61925200,0.025107785949784453,291.6385714285714,291.9336666666666,264.669,-0.8999999999999773,11.160000000000025,276.01,288.59,303.35,0.02820367154690788,0.022944302135384478,-20.410000000000025,1
2022-09-28,287.81,289.0,277.57,283.08,54664800,0.01721212978016542,288.6014285714286,291.3086666666667,265.2394444444444,4.730000000000018,11.430000000000007,282.94,275.33,309.07,0.027933198859761935,0.023195120424490213,-21.25999999999999,1
2022-09-29,268.21,283.65,265.78,282.76,77620600,-0.06810048295750677,282.8128571428571,290.11566666666664,265.7606666666667,-14.550000000000011,17.870000000000005,287.81,276.01,308.73,0.03503517085860401,0.02615036707213359,-40.52000000000004,0
2022-09-30,265.25,275.57,262.47,266.15,67726600,-0.011036128406845307,277.7342857142857,288.8616666666667,266.2082222222222,-0.8999999999999773,13.099999999999966,268.21,282.94,300.8,0.03503202556413618,0.026183378001026943,-35.55000000000001,0
2022-10-03,242.4,255.16,241.01,254.5,98363500,-0.08614514608859564,271.1357142857143,287.05266666666665,266.575,-12.099999999999994,14.150000000000006,265.25,287.81,288.59,0.043333864755946035,0.03005987770097721,-46.18999999999997,0
2022-10-04,249.44,257.5,242.01,250.52,109578500,0.02904290429042901,267.4371428571429,285.7036666666666,266.90655555555554,-1.0800000000000125,15.490000000000009,242.4,268.21,275.33,0.04611940862075493,0.03056280222101168,-25.889999999999986,1
2022-10-05,240.81,246.67,233.27,245.01,86982700,-0.03459749839640794,262.40857142857146,283.849,266.961,-4.199999999999989,13.399999999999977,249.44,265.25,276.01,0.0461665414382369,0.030596913837789327,-35.19999999999999,0
2022-10-06,238.13,244.58,235.35,239.44,69298400,-0.011129105934138976,256.00714285714287,281.8833333333333,266.79344444444445,-1.3100000000000023,9.230000000000018,240.81,242.4,282.94,0.04235442544548932,0.030563918563352124,-44.81,0
2022-10-07,223.07,234.57,222.02,233.94,83916800,-0.06324276655608282,246.75857142857143,279.45,266.46366666666665,-10.870000000000005,12.549999999999983,238.13,249.44,287.81,0.04032133002936652,0.03223600251489031,-64.74000000000001,0
2022-10-10,222.96,226.99,218.36,223.93,67925000,-0.0004931187519612015,240.2942857142857,277.27900000000005,266.1988888888889,-0.9699999999999989,8.629999999999995,223.07,240.81,268.21,0.03915992392549196,0.03208607244685556,-45.24999999999997,0
2022-10-11,216.5,225.75,215.0,220.95,77013200,-0.02897380696088988,233.32999999999998,275.0016666666667,265.73411111111113,-4.449999999999989,10.75,222.96,238.13,265.25,0.03864907067612299,0.032310125076912055,-48.75,0
2022-10-12,217.24,219.3,211.51,215.33,66860700,0.003418013856812975,229.73571428571427,272.98633333333333,265.5421111111111,1.9099999999999966,7.7900000000000205,216.5,223.07,242.4,0.03003051758218553,0.03222877756608014,-25.159999999999997,1
2022-10-13,221.72,222.99,206.22,208.3,91483000,0.020622353157797778,225.7757142857143,271.19,265.3581111111111,13.419999999999987,16.77000000000001,217.24,222.96,249.44,0.028070418964831048,0.03263926518191899,-27.72,1
2022-10-14,204.99,226.26,204.16,224.01,94124500,-0.07545552949666241,220.6585714285714,268.78433333333334,264.9814444444445,-19.019999999999982,22.099999999999994,221.72,216.5,240.81,0.035707915731623414,0.034864645718707565,-35.81999999999999,0
2022-10-17,219.35,221.86,209.45,210.04,79428800,0.07005219766817886,217.97571428571428,267.089,264.7312222222222,9.310000000000002,12.410000000000025,204.99,217.24,238.13,0.05015536051289878,0.03760796114731113,-18.78,1
2022-10-18,220.19,229.82,217.25,229.5,75891900,0.0038294962388876383,217.56428571428572,265.2813333333333,264.51433333333335,-9.310000000000002,12.569999999999993,219.35,221.72,223.07,0.04450692924891924,0.03743374574981618,-2.8799999999999955,1
2022-10-19,222.04,222.93,217.78,219.8,66571500,0.008401834779054427,217.43285714285713,263.226,264.4011111111111,2.2399999999999807,5.150000000000006,220.19,204.99,222.96,0.04465056213195576,0.03676867579158666,-0.9200000000000159,1
2022-10-20,207.28,215.55,202.0,208.28,117798100,-0.06647450909745987,216.1157142857143,260.49333333333334,264.3071111111111,-1.0,13.550000000000011,222.04,219.35,216.5,0.05059778307254273,0.03792372254728677,-9.219999999999999,0
2022-10-21,214.44,214.66,203.8,206.42,75713800,0.03454264762639906,215.71571428571428,257.652,264.23544444444445,8.02000000000001,10.859999999999985,207.28,220.19,217.24,0.052789788124554995,0.03786223292918854,-2.8000000000000114,1
2022-10-24,211.25,213.5,198.59,205.82,100446800,-0.014875955978362235,214.22,254.54633333333334,263.9937777777778,5.430000000000007,14.909999999999997,214.44,222.04,221.72,0.05210743915479109,0.037543050982033824,-10.469999999999999,0
2022-10-25,222.42,224.35,210.0,210.1,96507900,0.05287573964497035,216.71,252.22266666666667,264.0973333333333,12.319999999999993,14.349999999999994,211.25,207.28,204.99,0.04565562981407183,0.038898287091752894,17.42999999999998,1
2022-10-26,224.64,230.6,218.2,219.4,85012500,0.009981116806042618,217.46571428571426,249.62366666666668,264.1848888888889,5.239999999999981,12.400000000000006,222.42,214.44,219.35,0.038078465362282723,0.03816458608531472,5.289999999999992,1
2022-10-27,225.09,233.81,222.85,229.77,61638800,0.0020032051282052044,218.1657142857143,247.00166666666664,264.0521111111111,-4.680000000000007,10.960000000000008,224.64,211.25,220.19,0.03808640414382234,0.03814532628333634,4.900000000000006,1
2022-10-28,228.52,228.86,216.35,225.4,69152400,0.015238349104802554,219.0914285714286,244.50733333333335,263.96799999999996,3.1200000000000045,12.51000000000002,225.09,222.42,222.04,0.038311687098181675,0.03838268902230306,6.480000000000018,1
2022-10-31,227.54,229.85,221.94,226.19,61554300,-0.004288464904603616,221.9857142857143,241.78966666666665,263.88433333333336,1.3499999999999943,7.909999999999997,228.52,224.64,207.28,0.02331777105499014,0.038041357570516625,20.25999999999999,0
2022-11-01,227.82,237.4,227.28,234.05,62688800,0.0012305528698250906,223.89714285714285,239.09266666666664,263.68555555555554,-6.230000000000018,10.120000000000005,227.54,225.09,214.44,0.02168265215564001,0.03806136096370167,13.379999999999995,1
2022-11-02,214.98,227.87,214.82,226.04,63070300,-0.05636028443508034,224.43,236.232,263.35288888888886,-11.060000000000002,13.050000000000011,227.82,228.52,211.25,0.032318667487106725,0.03891726357919064,3.7299999999999898,0
2022-11-03,215.31,221.2,210.14,211.36,56538800,0.0015350265140943926,223.41428571428568,233.7893333333333,263.1601111111111,3.9499999999999886,11.060000000000002,214.98,227.54,222.42,0.023805779396262106,0.03854818234702541,-7.109999999999985,1
2022-11-04,207.47,223.8,203.08,222.6,98622200,-0.03641261436997819,220.96142857142857,231.52733333333333,262.9265555555555,-15.129999999999995,20.72,215.31,227.82,224.64,0.02553640628892625,0.038271231391533045,-17.169999999999987,0
2022-11-07,197.08,208.9,196.66,208.65,93916500,-0.05007952957054025,216.96,228.8963333333333,262.6222222222222,-11.569999999999993,12.240000000000009,207.47,214.98,225.09,0.02852616250984742,0.03894062980394525,-28.00999999999999,0
2022-11-08,191.3,195.2,186.75,194.02,128803400,-0.029328191597320887,211.64285714285714,225.84166666666667,262.2226666666666,-2.719999999999999,8.449999999999989,197.08,215.31,228.52,0.02443463507084248,0.03849381061913314,-37.22,0
2022-11-09,177.59,195.89,177.12,190.78,127062700,-0.07166753789858864,204.50714285714284,222.16766666666666,261.6062222222222,-13.189999999999998,18.769999999999982,191.3,207.47,227.54,0.02801070033419017,0.039555048905012505,-49.94999999999999,0
2022-11-10,190.72,191.0,180.03,189.9,132703000,0.0739343431499521,199.20714285714286,219.58466666666666,261.15055555555557,0.8199999999999932,10.969999999999999,177.59,197.08,227.82,0.049032539046232414,0.04145890949151486,-37.099999999999994,1
2022-11-11,195.97,196.52,182.59,186.0,114403600,0.02752726510067114,196.49142857142857,217.27533333333335,260.6108888888889,9.969999999999999,13.930000000000007,190.72,191.3,214.98,0.050061272629416106,0.04203432835748623,-19.00999999999999,1
2022-11-14,190.95,195.73,186.34,192.77,92226600,-0.02561616573965408,193.01142857142858,215.56033333333332,259.94633333333337,-1.8200000000000216,9.389999999999986,195.97,177.59,215.31,0.049882972865682565,0.039594321596957464,-24.360000000000014,0
2022-11-15,194.42,200.82,192.06,195.88,91293800,0.01817229641267347,191.14714285714285,213.72633333333334,259.5027777777778,-1.460000000000008,8.759999999999991,190.95,190.72,207.47,0.05041447499059458,0.03930024291467714,-13.050000000000011,1
2022-11-16,186.92,192.57,185.66,191.51,66567600,-0.03857627816068306,189.69571428571427,211.92999999999998,258.99,-4.590000000000003,6.909999999999997,194.42,195.97,197.08,0.048987260007641996,0.039401351883793845,-10.160000000000025,0
2022-11-17,183.17,186.16,180.9,183.96,64336000,-0.02006205863471004,188.53428571428572,210.09799999999998,258.39144444444446,-0.7900000000000205,5.259999999999991,186.92,190.95,191.3,0.048389376842474525,0.03946222956897892,-8.130000000000024,0
2022-11-18,180.19,185.19,176.55,185.05,76048900,-0.016269039689905496,188.90571428571428,208.66866666666667,257.74566666666664,-4.860000000000014,8.639999999999986,183.17,194.42,177.59,0.039398778601926074,0.03810116179155037,2.5999999999999943,0
2022-11-21,167.87,176.77,167.54,175.85,92882700,-0.0683722737110827,185.64142857142858,206.83233333333334,256.9434444444444,-7.97999999999999,9.230000000000018,180.19,186.92,190.72,0.032675289768159366,0.03972026965845245,-22.849999999999994,0
2022-11-22,169.91,170.92,166.19,168.63,78452300,0.012152260677905475,181.9185714285714,205.27933333333334,256.15855555555555,1.2800000000000011,4.72999999999999,167.87,183.17,195.97,0.029498645939701893,0.03970427328243118,-26.060000000000002,1
2022-11-23,183.2,183.62,172.5,173.57,109536700,0.07821788005414627,180.81142857142854,204.14466666666667,255.46600000000004,9.629999999999995,11.120000000000005,169.91,180.19,190.95,0.04699934300800929,0.042639223982813924,-7.75,1
2022-11-25,182.86,185.2,180.63,185.06,50672700,-0.0018558951965064138,179.16000000000003,202.8493333333333,254.74777777777777,-2.1999999999999886,4.569999999999993,183.2,167.87,194.42,0.04595425120682861,0.042374050721818574,-11.559999999999974,0
2022-11-28,182.92,188.5,179.0,179.96,92905200,0.00032811987312683936,178.5885714285714,202.11366666666666,253.76122222222224,2.9599999999999795,9.5,182.86,169.91,186.92,0.04392277898145593,0.04026851685983532,-4.0,1
2022-11-29,180.83,186.38,178.75,184.99,83357100,-0.011425759895035945,178.25428571428571,200.82966666666664,252.74555555555554,-4.159999999999997,7.6299999999999955,182.92,183.2,183.17,0.043458422724605414,0.037845855916525645,-2.339999999999975,0
2022-11-30,194.7,194.76,180.63,182.43,109186400,0.07670187468893422,180.32714285714286,199.98000000000002,251.92633333333333,12.269999999999982,14.129999999999995,180.83,182.86,180.19,0.051490152829905364,0.04071031979089517,14.509999999999991,1
2022-12-01,194.7,198.92,191.8,197.08,80046200,0.0,184.16,199.06866666666667,251.21344444444443,-2.380000000000024,7.119999999999976,194.7,182.92,167.87,0.038491939946516805,0.04065594824266718,26.829999999999984,0
2022-12-02,194.86,196.25,191.11,191.78,73645900,0.0008217770929636621,187.72428571428574,198.65466666666666,250.325,3.0800000000000125,5.139999999999986,194.7,180.83,169.91,0.039207480950240015,0.038883639078214564,24.950000000000017,1
2022-12-05,182.45,191.27,180.55,189.44,93122700,-0.06368674946115171,187.61714285714288,197.5883333333333,249.23111111111115,-6.990000000000009,10.719999999999999,194.86,194.7,183.2,0.04097528417096658,0.039881672863760806,-0.75,0
2022-12-06,179.82,183.65,175.33,181.22,92150800,-0.014414908194025737,187.18285714285713,196.54066666666668,247.92744444444446,-1.4000000000000057,8.319999999999993,182.45,194.7,182.86,0.04134977992416865,0.039877667232565826,-3.0400000000000205,0
2022-12-07,174.04,179.38,172.22,175.03,84213300,-0.032143254365476596,185.91428571428574,194.928,246.55811111111112,-0.9900000000000091,7.159999999999997,179.82,194.86,182.92,0.042881539451556344,0.03865522874732487,-8.879999999999995,0
2022-12-08,173.44,175.2,169.06,172.2,97624500,-0.003447483337163838,184.85857142857142,193.22133333333332,245.14533333333335,1.240000000000009,6.139999999999986,174.04,182.45,180.83,0.042828798533615195,0.03852426140660142,-7.390000000000015,0
2022-12-09,179.05,182.5,173.36,173.84,104872300,0.03234547970479713,182.62285714285713,191.68666666666667,243.71922222222221,5.210000000000008,9.139999999999986,173.44,179.82,194.7,0.0300816740322574,0.03918508118440811,-15.649999999999977,1
2022-12-12,167.82,177.37,167.52,176.1,109794500,-0.06271991063948627,178.78285714285715,189.66333333333333,242.15466666666666,-8.280000000000001,9.849999999999994,179.05,174.04,194.7,0.03501964172765469,0.04023981989116342,-26.879999999999995,0
2022-12-13,160.95,175.05,156.91,174.87,175862700,-0.04093671791204865,173.9385714285714,187.44366666666664,240.7411111111111,-13.920000000000016,18.140000000000015,167.82,173.44,194.86,0.03433954146096493,0.0406318280687811,-33.910000000000025,0
2022-12-14,156.8,161.62,155.31,159.25,140682300,-0.025784405094749784,170.2742857142857,185.07633333333334,239.2564444444444,-2.4499999999999886,6.310000000000002,160.95,179.05,182.45,0.03022768965701454,0.04065810304790428,-25.649999999999977,0
2022-12-15,157.67,160.93,153.28,153.44,122334500,0.005548469387754949,167.10999999999999,183.166,237.86022222222223,4.22999999999999,7.650000000000006,156.8,167.82,179.82,0.031852212306322916,0.03987039646809689,-22.150000000000006,1
2022-12-16,150.23,160.99,150.04,159.64,139032200,-0.0471871630620917,163.70857142857145,180.9966666666667,236.2587777777778,-9.409999999999997,10.950000000000017,157.67,160.95,174.04,0.03342159343958384,0.04039356362781308,-23.810000000000002,0
2022-12-19,149.87,155.25,145.82,154.0,139390600,-0.0023963256340277257,160.3414285714286,179.07666666666668,234.7392222222222,-4.1299999999999955,9.430000000000007,150.23,156.8,173.44,0.03351223255517908,0.040136327195066136,-23.569999999999993,0
2022-12-20,137.8,148.47,137.66,146.05,159563300,-0.08053646493627806,154.4485714285714,177.10066666666668,232.93666666666667,-8.25,10.810000000000002,149.87,157.67,179.05,0.031107973654444798,0.04154535326681608,-41.25,0
2022-12-21,137.57,141.26,135.89,139.34,145417400,-0.0016690856313499142,150.12714285714287,175.30966666666666,231.02833333333334,-1.7700000000000102,5.3700000000000045,137.8,150.23,167.82,0.031020265251632987,0.04143185741564947,-30.25,0
2022-12-22,125.35,136.63,122.26,136.0,210090300,-0.088827505996947,145.04142857142855,173.5683333333333,229.0148888888889,-10.650000000000006,14.36999999999999,137.57,149.87,160.95,0.03877304596817859,0.042417867165449714,-35.599999999999994,0
2022-12-23,123.15,128.62,121.02,126.37,166989700,-0.017550857598723484,140.2342857142857,171.31599999999997,227.00544444444444,-3.219999999999999,7.6000000000000085,125.35,137.8,156.8,0.039200762476379915,0.03929946082569767,-33.650000000000006,0
2022-12-27,109.1,119.67,108.76,117.5,208643400,-0.11408850994721892,133.2957142857143,168.42033333333336,224.85244444444444,-8.400000000000006,10.909999999999997,123.15,137.57,157.67,0.045110063531140165,0.04254506225580178,-48.56999999999999,0
2022-12-28,112.71,116.27,108.24,110.35,221070500,0.03308890925756187,127.9357142857143,165.81233333333333,222.80844444444446,2.3599999999999994,8.030000000000001,109.1,125.35,150.23,0.0551308997095325,0.043542112044662566,-37.519999999999996,1
2022-12-29,121.82,123.57,117.5,120.39,221923300,0.08082690089610504,123.92857142857143,163.39233333333334,220.94077777777775,1.4299999999999926,6.069999999999993,112.71,123.15,149.87,0.07099466266981039,0.04665325991372797,-28.05000000000001,1
2022-12-30,123.18,124.48,119.75,119.95,157777300,0.011164012477425822,121.84,161.26766666666666,219.01555555555558,3.230000000000004,4.730000000000004,121.82,109.1,137.8,0.06785294427449196,0.04664819207876955,-14.620000000000005,1
2023-01-03,108.1,118.8,104.64,118.47,231402800,-0.12242247118038652,117.63,158.76533333333333,216.91555555555553,-10.370000000000005,14.159999999999997,123.18,112.71,137.57,0.078715757621097,0.05076418883154208,-29.47,0
2023-01-04,113.64,114.59,107.52,109.11,180389000,0.051248843663274805,115.95714285714287,156.547,214.88855555555554,4.530000000000001,7.070000000000007,108.1,121.82,125.35,0.07940111097553122,0.052234185403995194,-11.709999999999994,1
2023-01-05,110.34,111.75,107.16,110.51,157986300,-0.029039070749735982,114.12714285714286,154.62933333333334,212.91355555555552,-0.1700000000000017,4.590000000000003,113.64,123.18,123.15,0.07967481012246505,0.05130515268834009,-12.810000000000002,0
2023-01-06,113.06,114.39,101.81,103.0,220911100,0.024651078484683692,114.69285714285715,152.73433333333332,211.0051111111111,10.060000000000002,12.579999999999998,110.34,108.1,109.1,0.06641643185764737,0.051563099343737824,3.960000000000008,1
2023-01-09,119.77,123.52,117.11,118.96,190284000,0.059349018220413885,115.70142857142856,150.62,209.25033333333332,0.8100000000000023,6.409999999999997,113.06,113.64,112.71,0.06882858138968814,0.05052717408654526,7.060000000000002,1
2023-01-10,118.85,122.76,114.92,121.07,167642500,-0.007681389329548315,115.27714285714286,148.48633333333333,207.50855555555557,-2.219999999999999,7.840000000000003,119.77,110.34,121.82,0.061573050479062176,0.0504948400572697,-2.969999999999999,0
2023-01-11,123.22,125.95,120.51,122.09,183810800,0.036769036600757296,115.28285714285713,146.49633333333335,205.79811111111113,1.1299999999999955,5.439999999999998,118.85,113.06,123.18,0.06321160166956598,0.05125894638126433,0.03999999999999204,1
2023-01-12,123.56,124.13,117.0,122.56,169400900,0.002759292322674918,117.49142857142859,144.58733333333333,204.16866666666667,1.0,7.1299999999999955,123.22,119.77,108.1,0.032392028170554206,0.05132771873332581,15.460000000000008,1
2023-01-13,122.4,122.63,115.6,116.55,180714100,-0.009388151505341507,118.74285714285713,142.17733333333334,202.47955555555555,5.8500000000000085,7.030000000000001,123.56,118.85,113.64,0.030615097187842544,0.0485700005762697,8.760000000000005,0
2023-01-17,131.49,131.7,125.02,125.7,186477000,0.07426470588235297,121.76428571428572,140.0703333333333,200.78833333333336,5.790000000000006,6.679999999999993,122.4,123.22,110.34,0.03287878138047836,0.05114199177925189,21.150000000000006,1
2023-01-18,128.78,136.68,127.01,136.56,195680300,-0.02060993231424449,124.00999999999999,137.86766666666665,199.00522222222224,-7.780000000000001,9.670000000000002,131.49,123.56,113.06,0.03729967454517591,0.05111068425696768,15.719999999999999,0
2023-01-19,127.17,129.99,124.31,127.26,170291900,-0.012501941295232175,125.06714285714285,136.025,197.08844444444446,-0.09000000000000341,5.680000000000007,128.78,122.4,119.77,0.03421736561284678,0.05018615881481892,7.400000000000006,0
2023-01-20,133.42,133.51,127.35,128.68,138858100,0.04914681135487918,127.14857142857143,134.47833333333335,195.18844444444443,4.739999999999981,6.159999999999997,127.17,131.49,118.85,0.03625646268170857,0.051352545390964996,14.569999999999993,1
2023-01-23,143.75,145.38,134.27,135.87,203119200,0.07742467396192484,130.08142857142857,133.46866666666668,193.53977777777774,7.8799999999999955,11.109999999999985,133.42,128.78,123.22,0.04261193550468062,0.05347236742071889,20.53,1
2023-01-24,143.89,146.5,141.1,143.0,158699100,0.0009739130434781659,132.9857142857143,132.48366666666666,191.77622222222223,0.8899999999999864,5.400000000000006,143.75,127.17,123.56,0.04275846479499066,0.05348271503944521,20.329999999999984,1
2023-01-25,144.43,146.41,138.07,141.91,192734300,0.003752866773229693,136.13285714285715,131.32966666666667,190.006,2.5200000000000102,8.340000000000003,143.89,133.42,122.4,0.04137803988130241,0.05305110053634454,22.03,1
2023-01-26,160.27,161.42,154.76,159.97,234815100,0.1096725057121097,140.24428571428572,131.078,188.41622222222222,0.30000000000001137,6.659999999999997,144.43,143.75,131.49,0.04976940046896456,0.05592569774863067,28.78,1
2023-01-27,177.9,180.68,161.17,162.43,306590600,0.11000187184126782,147.26142857142855,131.643,186.95877777777778,15.469999999999999,19.51000000000002,160.27,143.89,128.78,0.0521915241972724,0.05882991154772395,49.120000000000005,1
2023-01-30,166.66,179.77,166.5,178.05,230878800,-0.06318156267566054,152.90285714285713,131.97166666666666,185.38022222222224,-11.390000000000015,13.27000000000001,177.9,144.43,127.17,0.06417871394004133,0.05989203402319309,39.489999999999995,0
2023-01-31,173.22,174.3,162.78,164.57,196813500,0.039361574462978534,158.5885714285714,132.49,183.96266666666665,8.650000000000006,11.52000000000001,166.66,160.27,133.42,0.06408105652709555,0.06024348878041811,39.80000000000001,1
2023-02-01,181.41,183.81,169.93,173.89,213806300,0.04728091444405957,163.96857142857144,133.52933333333334,182.77177777777777,7.52000000000001,13.879999999999995,173.22,177.9,143.75,0.06210705145256646,0.05989424309720891,37.66,1
2023-02-02,188.27,196.75,182.61,187.33,217448300,0.03781489443801342,170.30857142857144,134.8093333333333,181.80444444444447,0.9399999999999977,14.139999999999986,181.41,166.66,143.89,0.060235432283085776,0.06010172245211587,44.380000000000024,1
2023-02-03,189.98,199.0,183.69,183.95,232662000,0.00908270037711786,176.81571428571428,136.54866666666666,180.84855555555558,6.030000000000001,15.310000000000002,188.27,173.22,144.43,0.059722481151531746,0.057654673359749574,45.54999999999998,1
2023-02-06,194.76,198.17,189.92,193.01,186188100,0.025160543215075278,181.74285714285716,138.45499999999998,179.86877777777778,1.75,8.25,189.98,181.41,160.27,0.05162126909825029,0.05763717085310312,34.48999999999998,1
2023-02-07,196.81,197.5,189.55,196.43,186010300,0.010525775313206056,184.44428571428574,140.837,178.85766666666666,0.37999999999999545,7.949999999999989,194.76,188.27,177.9,0.03747562252631576,0.05432697333314625,18.909999999999997,1
2023-02-08,201.29,203.0,194.31,196.1,180673600,0.022763070982165488,189.39142857142858,143.44166666666666,178.1141111111111,5.189999999999998,8.689999999999998,196.81,189.98,166.66,0.014683177006337441,0.053950518186958694,34.629999999999995,1
2023-02-09,207.32,214.0,204.77,207.78,215431400,0.029956778776889074,194.26285714285714,146.71566666666666,177.47044444444444,-0.46000000000000796,9.22999999999999,201.29,194.76,173.22,0.013813672975167546,0.04786137102460505,34.099999999999994,1
2023-02-10,196.89,206.2,192.89,202.23,204754100,-0.05030870152421381,196.4742857142857,149.52166666666665,176.96477777777778,-5.340000000000003,13.310000000000002,207.32,196.81,181.41,0.029356473122271985,0.04962892591315932,15.47999999999999,0
2023-02-13,194.64,196.3,187.61,194.42,172475500,-0.011427700746609783,197.38428571428568,151.949,176.35588888888887,0.21999999999999886,8.689999999999998,196.89,201.29,188.27,0.02805012942671934,0.04857440207816613,6.369999999999976,0
2023-02-14,209.25,209.82,189.44,191.94,216455700,0.07506165228113448,200.13714285714283,154.818,176.00522222222222,17.310000000000002,20.379999999999995,194.64,207.32,189.98,0.03867977837614115,0.049702681650808864,19.27000000000001,1
2023-02-15,214.24,214.66,206.11,211.76,181006400,0.023847072879330987,202.92,158.35599999999997,175.7397777777778,2.480000000000018,8.549999999999983,209.25,196.89,194.76,0.03862277503709167,0.04191364627135474,19.480000000000018,1
2023-02-16,202.04,217.65,201.84,210.78,229586500,-0.05694548170276333,203.66714285714284,161.30266666666665,175.5061111111111,-8.740000000000009,15.810000000000002,214.24,194.64,196.81,0.04720130117689588,0.04407742075417902,5.22999999999999,0
2023-02-17,208.31,208.44,197.5,199.99,213738500,0.03103345872104539,204.67000000000002,164.56833333333333,175.34333333333333,8.319999999999993,10.939999999999998,202.04,209.25,201.29,0.04782794136620006,0.04311339478704329,7.02000000000001,1
2023-02-21,197.37,209.71,197.22,204.99,180018600,-0.0525178820027843,203.24857142857144,167.37866666666665,175.13077777777778,-7.6200000000000045,12.490000000000009,208.31,214.24,207.32,0.05096618809292809,0.04521818982163889,-9.949999999999989,0
2023-02-22,200.86,201.99,191.78,197.93,191828500,0.01768252520646506,203.81571428571428,170.08166666666665,174.94877777777776,2.930000000000007,10.210000000000008,197.37,202.04,196.89,0.04744837843372276,0.044594430995529545,3.9700000000000273,1
2023-02-23,202.07,205.14,196.33,203.91,146360000,0.006024096385542067,204.87714285714287,172.85566666666668,174.73044444444443,-1.8400000000000034,8.809999999999974,200.86,208.31,194.64,0.04696981252261707,0.04438853990207138,7.430000000000007,1
2023-02-24,196.88,197.67,192.8,196.33,142228100,-0.025684168852377877,203.10999999999999,175.311,174.64033333333333,0.549999999999983,4.869999999999976,202.07,197.37,209.25,0.03670672348841645,0.04497650946912243,-12.370000000000005,0
2023-02-27,207.63,209.42,201.26,202.03,161028300,0.05460178789110118,202.1657142857143,178.11333333333332,174.51011111111112,5.599999999999994,8.159999999999997,196.88,200.86,214.24,0.04254184487959387,0.04541617109041228,-6.610000000000014,1
2023-02-28,205.71,211.23,203.75,210.59,153144900,-0.009247218610027393,202.69000000000003,180.89033333333333,174.34922222222224,-4.8799999999999955,7.47999999999999,207.63,202.07,202.04,0.03588927030090621,0.045413201714155825,3.670000000000016,0
2023-03-01,202.77,207.2,198.52,206.21,156852800,-0.014291964415925321,201.89857142857142,183.26633333333334,174.13511111111112,-3.4399999999999977,8.679999999999978,205.71,196.88,208.31,0.03405742691596608,0.04452851004555159,-5.539999999999992,0
2023-03-02,190.9,193.75,186.01,186.74,181500700,-0.05853923164176162,200.97428571428574,185.337,173.95311111111113,4.159999999999997,7.740000000000009,202.77,207.63,197.37,0.03554966165897551,0.04609936827153504,-6.469999999999999,0
2023-03-03,197.79,200.48,192.88,194.8,154193300,0.036092194866422136,200.53571428571428,187.69099999999997,173.7681111111111,2.9899999999999807,7.599999999999994,190.9,205.71,200.86,0.03803322036948406,0.04598173027351651,-3.0700000000000216,1
2023-03-06,193.81,198.6,192.3,198.54,128100100,-0.020122351989483745,199.3557142857143,189.704,173.57433333333333,-4.72999999999999,6.299999999999983,197.79,202.77,202.07,0.03844390937794661,0.045990588554098634,-8.259999999999991,0
2023-03-07,187.71,194.2,186.1,191.38,148125800,-0.0314741241422011,198.0457142857143,191.16933333333333,173.18866666666665,-3.6699999999999875,8.099999999999994,193.81,190.9,196.88,0.039013322298311254,0.04506166781421552,-9.169999999999987,0
2023-03-08,182.0,186.5,180.0,185.04,151897800,-0.0304192637579245,194.3842857142857,192.43966666666668,172.71488888888888,-3.039999999999992,6.5,187.71,197.79,207.63,0.028866005150918098,0.04563690097471856,-25.629999999999995,0
2023-03-09,172.92,185.18,172.51,180.25,170023800,-0.04989010989010996,189.7,193.38933333333335,172.1352222222222,-7.3300000000000125,12.670000000000016,182.0,193.81,205.71,0.03076962891009338,0.046877602362232804,-32.79000000000002,0
2023-03-10,173.44,178.29,168.44,175.13,191488900,0.0030071709461023033,185.51,193.82833333333332,171.52322222222222,-1.6899999999999977,9.849999999999994,172.92,187.71,202.77,0.03234243217383143,0.042684260205625164,-29.330000000000013,1
2023-03-13,174.48,177.35,163.91,167.46,167790300,0.005996309963099585,183.16428571428574,193.71433333333334,170.93366666666665,7.019999999999982,13.439999999999998,173.44,182.0,190.9,0.029100278415015397,0.037665116375414386,-16.420000000000016,1
2023-03-14,183.26,183.8,177.14,177.31,143717900,0.05032095369096746,181.0885714285714,194.26766666666666,170.43855555555555,5.949999999999989,6.660000000000025,174.48,172.92,197.79,0.03325282229079113,0.03678578536690026,-14.530000000000001,1
2023-03-15,180.45,182.34,176.03,180.8,145995600,-0.015333406089708623,179.18,194.50866666666667,170.05488888888888,-0.35000000000002274,6.310000000000002,183.26,173.44,193.81,0.03306745666066308,0.0363161820534702,-13.360000000000014,0
2023-03-16,184.13,185.81,178.84,180.37,121136800,0.020393460792463326,178.6685714285714,194.5993333333333,169.70844444444444,3.759999999999991,6.969999999999999,180.45,174.48,187.71,0.03318214780996967,0.035482408361664844,-3.5800000000000125,1
2023-03-17,180.13,186.22,177.33,184.52,133197100,-0.021723782110465432,178.40142857142857,194.32799999999997,169.40466666666666,-4.390000000000015,8.889999999999986,184.13,183.26,182.0,0.03209798339132638,0.03502041961214283,-1.8700000000000045,0
2023-03-20,183.25,186.44,176.35,178.08,129684400,0.017320823849442096,179.87714285714287,194.10366666666667,169.25099999999998,5.1699999999999875,10.090000000000003,180.13,180.45,172.92,0.02410452333674052,0.0351333435300307,10.330000000000013,1
2023-03-21,197.58,198.0,188.04,188.28,153391400,0.07819918144611193,183.32571428571427,194.19766666666663,169.32077777777778,9.300000000000011,9.960000000000008,183.25,184.13,173.44,0.0353457608246865,0.03771427308770945,24.140000000000015,1
2023-03-22,191.15,200.66,190.95,199.3,150376400,-0.032543779734791,185.70714285714286,194.00900000000001,169.47144444444444,-8.150000000000006,9.710000000000008,197.58,180.13,174.48,0.040404918762640074,0.03816267781739214,16.670000000000016,0
2023-03-23,192.22,199.31,188.65,195.26,144193900,0.0055976981428197395,186.98714285714286,193.70666666666668,169.48811111111112,-3.039999999999992,10.659999999999997,191.15,183.25,183.26,0.03706645247896797,0.03793338838976767,8.960000000000008,1
2023-03-24,190.41,192.36,187.15,191.65,116312400,-0.009416293829986485,188.41,193.143,169.42633333333333,-1.240000000000009,5.210000000000008,192.22,197.58,180.45,0.03652470245918116,0.03750972359239795,9.960000000000008,0
2023-03-27,191.81,197.39,189.94,194.42,120851600,0.007352555012867001,189.5071428571429,192.97366666666667,169.43588888888888,-2.609999999999985,7.449999999999989,190.41,191.15,184.13,0.03613322137945003,0.03641873723604748,7.680000000000007,1
2023-03-28,189.19,192.35,185.43,192.0,98654600,-0.0136593503988322,190.80142857142854,192.792,169.37777777777777,-2.8100000000000023,6.9199999999999875,191.81,192.22,180.13,0.03520376198825749,0.036444657846735014,9.060000000000002,0
2023-03-29,193.88,195.29,189.44,193.13,123660000,0.02478989375759817,192.32,192.27966666666669,169.4551111111111,0.75,5.849999999999994,189.19,190.41,183.25,0.035659507226530225,0.0339284907443741,10.629999999999995,1
2023-03-30,195.28,197.33,194.42,195.58,110252200,0.0072209614194347314,191.99142857142857,191.64766666666668,169.58966666666666,-0.30000000000001137,2.910000000000025,193.88,191.81,197.58,0.018575023198036413,0.033626432738886464,-2.3000000000000114,1
2023-03-31,207.46,207.79,197.2,197.53,170222100,0.062371978697255255,194.32142857142858,191.82833333333335,169.89266666666666,9.930000000000007,10.590000000000003,195.28,189.19,191.15,0.02550619362733121,0.03402343488994444,16.310000000000002,1
2023-04-03,194.77,202.69,192.2,199.91,169545900,-0.06116841800829074,194.68571428571428,191.37699999999998,170.19155555555557,-5.139999999999986,10.490000000000009,207.46,193.88,192.22,0.037824414665250335,0.03539459442025602,2.5500000000000114,0
2023-04-04,192.58,198.74,190.32,197.32,126463800,-0.011244031421676837,194.99571428571429,191.21733333333333,170.44344444444445,-4.739999999999981,8.420000000000016,194.77,195.28,190.41,0.037926544460472555,0.034128080456810504,2.170000000000016,0
2023-04-05,185.52,190.68,183.76,190.52,133882500,-0.03666008931353205,194.09714285714284,190.70600000000002,170.46922222222221,-5.0,6.920000000000016,192.58,207.46,191.81,0.040498309843722775,0.03458208447492879,-6.289999999999992,0
2023-04-06,185.06,186.39,179.74,183.08,123857900,-0.00247951703320401,193.5071428571429,190.139,170.49366666666668,1.9799999999999898,6.649999999999977,185.52,194.77,189.19,0.040276020285612994,0.03454827865971625,-4.1299999999999955,0
2023-04-10,184.51,185.1,176.11,179.94,142154600,-0.002972009078136882,192.16857142857143,189.72666666666666,170.5113333333333,4.569999999999993,8.98999999999998,185.06,192.58,193.88,0.03847282970475039,0.034267121054899784,-9.370000000000005,0
2023-04-11,186.79,189.19,185.65,186.69,115770900,0.01235705381822124,190.9557142857143,189.032,170.57755555555556,0.09999999999999432,3.539999999999992,184.51,185.52,195.28,0.03882368726774464,0.032710711364155834,-8.490000000000009,1
2023-04-12,180.54,191.58,180.31,190.74,150256300,-0.033460035333797315,187.10999999999999,188.193,170.4202222222222,-10.200000000000017,11.27000000000001,186.79,185.06,207.46,0.025401455557233887,0.03316557554273329,-26.920000000000016,0
2023-04-13,185.9,186.5,180.94,182.96,112933000,0.029688711642849308,185.84285714285716,187.63066666666666,170.32244444444444,2.9399999999999977,5.560000000000002,180.54,184.51,194.77,0.023638691845823873,0.033654814365960045,-8.870000000000005,1
2023-04-14,185.0,186.28,182.01,183.95,96438700,-0.004841312533620256,184.76000000000002,187.43400000000003,170.2128888888889,1.0500000000000114,4.27000000000001,185.9,186.79,192.58,0.02354350563385801,0.031947824612858014,-7.5800000000000125,0
2023-04-17,187.04,189.69,182.69,186.32,116662200,0.011027027027026985,184.97714285714287,187.07566666666668,170.26388888888889,0.7199999999999989,7.0,185.0,180.54,185.52,0.01958441608401269,0.03127704018589421,1.5199999999999818,1
2023-04-18,184.31,187.69,183.58,187.15,92067000,-0.014595808383233478,184.86999999999998,186.759,170.31377777777777,-2.8400000000000034,4.109999999999985,187.04,185.9,185.06,0.02049177613454229,0.03117903911845555,-0.75,0
2023-04-19,180.59,183.5,177.65,179.1,125732700,-0.020183386685475552,184.30999999999997,186.52166666666665,170.38655555555553,1.490000000000009,5.849999999999994,184.31,185.0,184.51,0.021840114244120645,0.030867691935601852,-3.9199999999999875,0
2023-04-20,162.99,169.7,160.56,166.17,210970800,-0.09745833102608115,180.91,185.88799999999998,170.27044444444442,-3.1799999999999784,9.139999999999986,180.59,187.04,186.79,0.040531550015700975,0.03520536326608826,-23.799999999999983,0
2023-04-21,165.08,166.0,161.32,164.8,123539000,0.012822872568869275,178.70142857142858,185.62666666666667,170.11522222222223,0.28000000000000114,4.680000000000007,162.99,184.31,180.54,0.04145764232489214,0.03417601336524459,-15.45999999999998,1
2023-04-24,162.55,165.65,158.61,164.65,140006600,-0.015325902592682341,175.36571428571432,185.26366666666667,170.05666666666667,-2.0999999999999943,7.039999999999992,165.08,180.59,185.9,0.037197601249382733,0.03426612690750809,-23.349999999999994,0
2023-04-25,160.67,163.47,158.75,159.82,121999300,-0.011565672100892179,171.89000000000001,184.8033333333333,170.05355555555556,0.8499999999999943,4.719999999999999,162.55,162.99,185.0,0.03687558067482319,0.03428211929300701,-24.330000000000013,0
2023-04-26,153.75,160.67,153.14,160.29,153364100,-0.04306964585796968,167.1342857142857,183.81966666666668,170.01966666666667,-6.539999999999992,7.530000000000001,160.67,165.08,187.04,0.035079158437952174,0.03358416001802225,-33.28999999999999,0
2023-04-27,160.19,160.48,152.37,152.64,127015200,0.0418861788617886,163.6885714285714,183.14433333333332,170.0476666666667,7.550000000000011,8.109999999999985,153.75,162.55,184.31,0.043827401194145715,0.03460318132052767,-24.120000000000005,1
2023-04-28,164.31,165.0,157.32,160.9,122515800,0.025719458143454676,161.36285714285714,182.48366666666666,170.20411111111113,3.4099999999999966,7.680000000000007,160.19,160.67,180.59,0.0469415847167999,0.03474272852816104,-16.28,1
2023-05-01,161.83,163.28,158.83,163.17,109015000,-0.015093420972551822,161.19714285714286,181.87366666666668,170.337,-1.339999999999975,4.449999999999989,164.31,153.75,162.99,0.02895043200776669,0.03464177350944405,-1.1599999999999966,0
2023-05-02,160.31,165.49,158.93,161.88,128259700,-0.009392572452573751,160.5157142857143,181.109,170.5871111111111,-1.5699999999999932,6.560000000000002,161.83,160.19,165.08,0.028439094027055217,0.03444474007163945,-4.77000000000001,0
2023-05-03,160.61,165.0,159.91,160.01,119728000,0.0018713742124634232,160.23857142857145,179.87666666666667,170.8431111111111,0.6000000000000227,5.090000000000003,160.31,164.31,162.55,0.028020670893748195,0.03079979780010528,-1.9399999999999977,1
2023-05-04,161.2,162.95,159.65,162.71,95108500,0.003673494801070761,160.31428571428572,178.8783333333333,171.24144444444443,-1.5100000000000193,3.299999999999983,160.61,161.83,160.67,0.02768722175195696,0.030448077414361348,0.5300000000000011,1
2023-05-05,170.06,170.79,163.51,163.97,107607300,0.054962779156327635,162.6442857142857,178.13966666666664,171.7626666666667,6.090000000000003,7.280000000000001,161.2,160.31,153.75,0.02657000199675357,0.03232800439989111,16.310000000000002,1
2023-05-08,171.79,173.8,169.19,173.72,112249400,0.01017288015994349,164.30142857142854,177.51899999999998,172.45922222222222,-1.9300000000000068,4.610000000000014,170.06,160.61,160.19,0.023735031390015333,0.03240341348368833,11.599999999999994,1
2023-05-09,169.15,169.82,166.56,168.95,88965000,-0.01536759997671568,164.99285714285716,176.76366666666667,173.08633333333333,0.20000000000001705,3.259999999999991,171.79,161.2,164.31,0.024351006005230682,0.0324208277801777,4.840000000000003,0
2023-05-10,168.54,174.43,166.68,172.55,119840700,-0.0036062666272539973,165.95142857142855,176.07533333333333,173.60544444444443,-4.010000000000019,7.75,169.15,170.06,161.83,0.023176844513825286,0.03236587963749463,6.7099999999999795,0
2023-05-11,172.08,173.57,166.79,168.7,103889900,0.021003915984336183,167.63285714285715,175.34866666666667,174.14877777777778,3.380000000000024,6.780000000000001,168.54,171.79,160.31,0.022643846864118612,0.03225965941733579,11.77000000000001,1
2023-05-12,167.98,177.38,167.23,176.07,157849600,-0.023826127382612868,168.68571428571428,174.43866666666665,174.8141111111111,-8.090000000000003,10.150000000000006,172.08,169.15,160.61,0.02607731843833723,0.03240298228722781,7.369999999999976,0
2023-05-15,166.35,169.76,164.55,167.66,105592500,-0.009703536135254171,169.42142857142858,173.06833333333333,175.39977777777779,-1.3100000000000023,5.2099999999999795,167.98,168.54,161.2,0.02681710927219381,0.02984551418175569,5.150000000000006,0
2023-05-16,166.52,169.52,164.35,165.65,98288800,0.0010219416892095939,168.9157142857143,172.12666666666667,176.024,0.8700000000000045,5.170000000000016,166.35,172.08,170.06,0.015263299071631306,0.02805164449840872,-3.539999999999992,1
2023-05-17,173.86,174.5,167.19,168.41,125473600,0.044078789334614475,169.21142857142857,171.5026666666667,176.69955555555558,5.450000000000017,7.310000000000002,166.52,167.98,171.79,0.023344280424007463,0.02940085005738982,2.0700000000000216,1
2023-05-18,176.89,177.06,172.45,174.22,109520300,0.017427815483722377,170.31714285714287,171.215,177.33422222222222,2.6699999999999875,4.610000000000014,173.86,166.35,169.15,0.022569173840187265,0.028918551475010584,7.739999999999981,1
2023-05-19,180.14,181.95,176.31,177.17,136196700,0.018373000169596927,171.9742857142857,171.051,178.0152222222222,2.969999999999999,5.639999999999986,176.89,166.52,168.54,0.022436556940146072,0.029135883835381012,11.599999999999994,1
2023-05-22,188.87,189.32,180.11,180.7,132001400,0.048462307094482175,174.37285714285716,171.19633333333334,178.74466666666666,8.170000000000016,9.20999999999998,180.14,173.86,172.08,0.026719813680215213,0.030467031601591015,16.789999999999992,1
2023-05-23,185.77,192.96,185.26,186.2,156952100,-0.016413406046486972,176.91428571428574,171.16233333333332,179.43588888888888,-0.4299999999999784,7.700000000000017,188.87,176.89,167.98,0.02508182359471656,0.030557551362298676,17.79000000000002,0
2023-05-24,182.9,184.22,178.22,182.23,137605100,-0.01544921139042905,179.2785714285714,171.241,180.10811111111113,0.6700000000000159,6.0,185.77,180.14,166.35,0.026089215543605892,0.030044502727179286,16.55000000000001,0
2023-05-25,184.47,186.78,180.58,186.54,96870700,0.008583925642427518,181.84285714285713,171.19333333333333,180.69677777777775,-2.069999999999993,6.199999999999989,182.9,188.87,166.52,0.025618012531386656,0.02959025556370583,17.94999999999999,1
2023-05-26,193.17,198.6,184.53,184.62,162061500,0.04716214018539594,184.60142857142858,171.46566666666664,181.41222222222223,8.549999999999983,14.069999999999993,184.47,185.77,173.86,0.026220567066571894,0.03078545608861565,19.309999999999974,1
2023-05-30,201.16,204.48,197.53,200.1,128818700,0.04136253041362535,188.06857142857143,171.93633333333335,182.23433333333332,1.0600000000000023,6.949999999999989,193.17,182.9,176.89,0.028020353008208574,0.03158322139632356,24.27000000000001,1
2023-05-31,203.93,203.95,195.12,199.78,150711700,0.013770133227281817,191.46714285714285,172.59033333333335,183.01777777777775,4.150000000000006,8.829999999999984,201.16,184.47,180.14,0.02808785218578803,0.031465208554937195,23.79000000000002,1
2023-06-01,207.52,209.8,199.37,202.59,148029900,0.017604079831314682,194.1314285714286,173.488,183.72633333333332,4.930000000000007,10.430000000000007,203.93,193.17,188.87,0.02477488998055056,0.031224817124384376,18.650000000000006,1
2023-06-02,213.97,217.25,209.75,210.15,164398400,0.03108134155744019,198.16,175.18733333333336,184.505,3.819999999999993,7.5,207.52,201.16,185.77,0.021393307950012323,0.024826892044644826,28.19999999999999,1
2023-06-05,217.61,221.29,214.52,217.8,151143100,0.017011730616441626,203.1185714285714,176.93833333333333,185.31811111111114,-0.18999999999999773,6.769999999999982,213.97,203.93,182.9,0.014774021628239584,0.024858521353897742,34.71000000000001,1
2023-06-06,221.31,221.91,212.53,216.14,146911600,0.01700289508754188,208.3814285714286,178.89700000000002,185.99633333333335,5.170000000000016,9.379999999999995,217.61,207.52,184.47,0.013479492111219155,0.024440295469974744,36.84,1
2023-06-07,224.57,230.83,223.2,228.0,185710800,0.014730468573494153,212.86714285714285,181.02700000000002,186.5148888888889,-3.430000000000007,7.630000000000024,221.31,213.97,193.17,0.010382984669480325,0.024085981712265652,31.400000000000006,1
2023-06-08,234.86,235.23,223.01,224.22,164489700,0.04582090216858895,217.68142857142857,183.73066666666668,187.27266666666662,10.640000000000015,12.219999999999999,224.57,217.61,201.16,0.011820580139246684,0.02256053114175427,33.70000000000002,1
2023-06-09,244.4,252.42,242.02,249.07,200242400,0.040619943796304146,223.4628571428572,186.53766666666667,188.06355555555558,-4.6699999999999875,10.399999999999977,234.86,221.31,203.93,0.012852764708216047,0.022508584157047793,40.47,1
2023-06-12,249.83,250.97,244.59,247.94,150337900,0.022217675941080223,229.5071428571429,189.38833333333335,188.82377777777782,1.8900000000000148,6.3799999999999955,244.4,224.57,207.52,0.01244634040992392,0.02245699879205123,42.31,1
2023-06-13,258.71,259.68,251.34,253.51,162384300,0.035544170035624094,235.89857142857142,192.61766666666668,189.60644444444446,5.199999999999989,8.340000000000003,249.83,234.86,213.97,0.01280380994684687,0.02207081318334964,44.73999999999998,1
2023-06-14,256.79,261.57,250.5,260.17,170575500,-0.007421437130377485,241.49571428571429,195.8336666666667,190.3487777777778,-3.3799999999999955,11.069999999999993,258.71,244.4,217.61,0.018307427510437776,0.02199543886446033,39.18000000000001,0
2023-06-15,255.9,258.95,247.29,248.4,160171200,-0.003465867050897678,246.43714285714285,199.01000000000002,191.0281111111111,7.5,11.659999999999997,256.79,249.83,221.31,0.021053671492238482,0.022135292234715748,34.59,0
2023-06-16,260.54,263.6,257.21,258.92,167915600,0.01813208284486133,251.57571428571433,202.32133333333334,191.73622222222224,1.6200000000000045,6.390000000000043,255.9,258.71,224.57,0.020919651726434153,0.022017418124383903,35.97000000000003,1
2023-06-20,274.45,274.75,261.12,261.5,165611200,0.05338911491517605,257.2314285714286,205.801,192.54911111111113,12.949999999999989,13.629999999999995,260.54,256.79,234.86,0.02251284458924412,0.02192396140889276,39.589999999999975,1
2023-06-21,259.46,276.99,257.78,275.13,211797100,-0.05461832756421938,259.3828571428571,208.72333333333333,193.12844444444445,-15.670000000000016,19.210000000000036,274.45,255.9,244.4,0.0351315505933087,0.025456158153250943,15.059999999999974,0
2023-06-22,264.61,265.0,248.25,250.77,166875900,0.01984891698142309,261.4942857142857,211.90533333333335,193.8808888888889,13.840000000000003,16.75,259.46,260.54,249.83,0.03499540849431395,0.024852838673997114,14.780000000000001,1
2023-06-23,256.6,262.45,252.8,259.29,177460800,-0.03027096481614448,261.1928571428571,214.84066666666666,194.5693333333333,-2.6899999999999977,9.649999999999977,264.61,274.45,258.71,0.03544234434613448,0.02600340515835452,-2.109999999999957,0
2023-06-26,241.05,258.37,240.7,250.07,179990600,-0.0606001558846454,258.9442857142857,217.13966666666664,194.92266666666663,-9.019999999999982,17.670000000000016,256.6,259.46,256.79,0.042196586513228926,0.029346005701906534,-15.740000000000009,0
2023-06-27,250.21,250.39,240.85,243.24,164968200,0.038000414851690506,258.13142857142856,219.88066666666666,195.32233333333335,6.969999999999999,9.539999999999992,241.05,264.61,255.9,0.045738269692875554,0.028931951451446468,-5.689999999999998,1
2023-06-28,256.24,259.88,248.89,249.7,159770800,0.02409975620478798,257.51714285714286,222.87699999999998,195.92455555555554,6.5400000000000205,10.990000000000009,250.21,256.6,260.54,0.04623555210950028,0.028642761880322616,-4.300000000000011,1
2023-06-29,257.5,260.74,253.61,258.03,131283400,0.004917265064002462,255.0957142857143,225.90966666666665,196.4711111111111,-0.5299999999999727,7.1299999999999955,256.24,241.05,274.45,0.039841160081067487,0.028586437244019304,-16.94999999999999,1
2023-06-30,261.77,264.45,259.89,260.6,112620800,0.01658252427184459,255.4257142857143,228.84,197.18666666666667,1.169999999999959,4.560000000000002,257.5,250.21,259.46,0.03484269196388803,0.028058996435542133,2.3100000000000023,1
2023-07-03,279.82,284.25,275.11,276.49,119685900,0.06895366161133824,257.5985714285714,232.27100000000002,198.064,3.329999999999984,9.139999999999986,261.77,256.24,264.61,0.043057662971567504,0.029792111058805946,15.20999999999998,1
2023-07-05,282.48,283.85,277.6,278.82,131530900,0.009506111071403135,261.29571428571427,235.68233333333333,198.95744444444443,3.660000000000025,6.25,279.82,257.5,256.6,0.03951953926766604,0.029810035544001925,25.879999999999995,1
2023-07-06,276.54,279.97,272.88,278.09,120332100,-0.021028037383177562,266.36571428571426,238.60466666666667,199.84255555555558,-1.5499999999999545,7.090000000000032,282.48,261.77,241.05,0.028194921097663382,0.029863323358150572,35.49000000000001,0
2023-07-07,274.43,280.78,273.77,278.43,113879200,-0.0076299992767773685,269.8257142857143,241.56,200.5847777777778,-4.0,7.009999999999991,276.54,279.82,250.21,0.028650555702153836,0.029604690293194687,24.22,0
2023-07-10,269.61,277.52,265.1,276.47,119425400,-0.01756367744051304,271.7357142857143,244.45033333333333,201.2947777777778,-6.860000000000014,12.419999999999959,274.43,282.48,256.24,0.030387702009504483,0.029678451284301764,13.370000000000005,0
2023-07-11,269.79,270.9,266.37,268.65,91972400,0.0006676310225882082,273.49142857142857,247.29433333333333,202.03944444444448,1.1400000000000432,4.529999999999973,269.61,276.54,257.5,0.030494284725271006,0.029758245633426494,12.29000000000002,1
2023-07-12,271.99,276.52,271.46,276.33,95672100,0.008154490529671182,274.9514285714286,249.92166666666665,202.94044444444444,-4.339999999999975,5.060000000000002,269.79,274.43,261.77,0.03022125276707455,0.02906642961744607,10.220000000000027,1
2023-07-13,277.9,279.45,270.6,274.59,112681500,0.021728740027206764,274.6771428571429,252.47966666666665,203.83055555555555,3.3100000000000023,8.849999999999966,271.99,269.61,279.82,0.01545366515359176,0.028596971449207753,-1.920000000000016,1
2023-07-14,281.38,285.3,276.31,277.01,120062400,0.012522490104354151,274.52000000000004,255.06133333333335,204.80355555555556,4.3700000000000045,8.990000000000009,277.9,269.79,282.48,0.015829057312385167,0.028594051320081058,-1.1000000000000227,1
2023-07-17,290.38,292.23,283.57,286.63,131569600,0.031985215722510486,276.4971428571429,257.8233333333333,205.9443333333333,3.75,8.660000000000025,281.38,271.99,276.54,0.01698249439697332,0.028824998372322382,13.839999999999975,1
2023-07-18,293.34,295.26,286.01,290.15,112120300,0.010193539499965492,279.1985714285714,260.469,207.18144444444442,3.1899999999999977,9.25,290.38,277.9,274.43,0.015688666078473457,0.028591124663469594,18.909999999999968,1
2023-07-19,291.26,299.29,289.52,296.04,142355400,-0.00709074793754682,282.2914285714286,262.92400000000004,208.49633333333335,-4.78000000000003,9.770000000000039,293.34,281.38,269.61,0.012912466525818503,0.0287536104102562,21.649999999999977,0
2023-07-20,262.9,280.93,261.2,279.56,175158300,-0.0973700473803475,281.3071428571428,264.3103333333333,209.49033333333335,-16.660000000000025,19.730000000000018,291.26,290.38,269.79,0.04339196436088621,0.034768774221559176,-6.890000000000043,0
2023-07-21,260.02,268.0,255.8,268.0,161796100,-0.010954735640928094,279.59714285714284,265.492,210.44077777777775,-7.980000000000018,12.199999999999989,262.9,293.34,271.99,0.04318564491277205,0.03487143304569407,-11.970000000000027,0
2023-07-24,269.06,269.85,254.12,255.85,136508500,0.034766556418737105,278.33428571428567,266.632,211.39411111111113,13.210000000000008,15.730000000000018,260.02,291.26,277.9,0.04480981295150568,0.0344869170590078,-8.839999999999975,1
2023-07-25,265.28,272.9,265.0,272.38,112757300,-0.014048911023563627,276.03428571428566,267.328,212.33666666666664,-7.100000000000023,7.899999999999977,269.06,262.9,281.38,0.044328737250318544,0.03398754472005471,-16.100000000000023,0
2023-07-26,264.35,268.04,261.75,263.25,95856200,-0.0035057297949334667,272.31571428571425,267.812,213.228,1.1000000000000227,6.2900000000000205,265.28,260.02,290.38,0.04096127385828891,0.033818011211687427,-26.029999999999973,0
2023-07-27,255.71,269.13,255.3,268.31,103697300,-0.032683941743900186,266.94,267.712,214.0677777777778,-12.599999999999994,13.829999999999984,264.35,269.06,293.34,0.04018802048673987,0.03380967709382384,-37.62999999999997,0
2023-07-28,266.44,267.25,258.23,259.86,111446000,0.04196159712173943,263.3942857142857,268.03366666666665,214.99211111111111,6.579999999999984,9.019999999999982,255.71,265.28,291.26,0.04635300955142897,0.034619625722188165,-24.819999999999993,1
2023-07-31,267.43,269.08,263.78,267.48,84582200,0.003715658309563163,264.0414285714286,268.418,215.76822222222222,-0.05000000000001137,5.300000000000011,266.44,264.35,262.9,0.026858466396496725,0.03460664682334714,4.53000000000003,1
2023-08-01,261.07,266.47,260.25,266.26,83166000,-0.02378192424185773,264.1914285714286,268.43566666666663,216.5451111111111,-5.189999999999998,6.220000000000027,267.43,255.71,260.02,0.028345731850090598,0.03478099137110898,1.0500000000000114,0
2023-08-02,254.11,259.52,250.49,255.57,101752900,-0.026659516604741945,262.0557142857143,267.7576666666667,217.23277777777778,-1.4599999999999795,9.029999999999973,261.07,266.44,269.06,0.02548400554320494,0.0336485154525722,-14.949999999999989,0
2023-08-03,259.32,260.49,252.0,252.04,97569100,0.02050293180118838,261.20428571428573,267.753,217.99844444444446,7.280000000000001,8.490000000000009,254.11,267.43,265.28,0.027361905628501205,0.03236912870659216,-5.9599999999999795,1
2023-08-04,253.86,264.77,253.11,260.97,99539900,-0.0210550670985654,259.7057142857143,267.39466666666664,218.6878888888889,-7.110000000000014,11.659999999999968,259.32,261.07,264.35,0.028215034535357304,0.03238736602231131,-10.490000000000009,0
2023-08-07,251.45,253.65,242.76,251.45,111097900,-0.009493421570944714,259.09714285714284,267.223,219.37966666666668,0.0,10.890000000000015,253.86,254.11,255.71,0.02573379740712288,0.03195616601473154,-4.260000000000019,0
2023-08-08,249.7,250.92,245.01,247.45,96642200,-0.006959634122091867,256.70571428571424,267.5113333333333,219.99988888888888,2.25,5.909999999999997,251.45,259.32,266.44,0.016892452115628464,0.02989260597281902,-16.74000000000001,0
2023-08-09,242.19,251.1,241.9,250.87,101596300,-0.03007609130957145,253.1,267.24399999999997,220.52111111111114,-8.680000000000007,9.199999999999989,249.7,253.86,267.43,0.0174377934762527,0.029617876173205403,-25.24000000000001,0
2023-08-10,245.34,251.8,243.0,245.4,109498600,0.013006317354143464,250.85285714285715,266.8806666666667,220.94200000000004,-0.060000000000002274,8.800000000000011,242.19,251.45,261.07,0.01940686783777748,0.029366339819307356,-15.72999999999999,1
2023-08-11,242.65,243.79,238.02,241.77,99038600,-0.010964375968044338,249.21571428571428,266.3856666666667,221.474,0.8799999999999955,5.769999999999982,245.34,249.7,254.11,0.01782511793330128,0.029398664450612143,-11.460000000000008,0
2023-08-14,239.76,240.66,233.75,235.7,98595300,-0.011910158664743518,246.42142857142858,265.652,221.9982222222222,4.060000000000002,6.909999999999997,242.65,242.19,259.32,0.013295987225165673,0.029252421729640706,-19.560000000000002,0
2023-08-15,232.96,240.5,232.61,238.73,88197600,-0.028361695028361625,243.43571428571428,264.09,222.52533333333332,-5.769999999999982,7.889999999999986,239.76,245.34,253.86,0.014447909600276433,0.026302108255109917,-20.900000000000006,0
2023-08-16,225.6,233.97,225.38,228.02,112484500,-0.03159340659340665,239.7428571428571,262.194,222.97577777777778,-2.420000000000016,8.590000000000003,232.96,242.65,251.45,0.01610127076114863,0.026549403975839977,-25.849999999999994,0
2023-08-17,219.22,226.74,218.83,226.06,120718400,-0.028280141843971613,235.38857142857142,260.28333333333336,223.36144444444443,-6.840000000000003,7.909999999999997,225.6,239.76,249.7,0.016283723867148426,0.026712941130785452,-30.47999999999999,0
2023-08-18,215.49,217.58,212.36,214.12,136276600,-0.017014870905939193,231.5742857142857,258.3186666666667,223.68033333333338,1.3700000000000045,5.219999999999999,219.22,232.96,242.19,0.015437288708723467,0.026771109617082497,-26.69999999999999,0
2023-08-21,231.28,232.13,220.58,221.55,135702700,0.0732748619425495,229.56571428571428,257.041,224.24411111111112,9.72999999999999,11.549999999999983,215.49,225.6,245.34,0.036727125671799137,0.03049227670478304,-14.060000000000002,1
2023-08-22,233.19,240.82,229.55,240.25,130442800,0.008258388101003098,228.21428571428572,255.82099999999997,224.76955555555554,-7.060000000000002,11.269999999999982,231.28,219.22,242.65,0.03717017888606264,0.030569270677252847,-9.460000000000008,1
2023-08-23,236.86,238.98,229.29,229.34,101077600,0.015738239204082575,227.79999999999998,254.65,225.34577777777776,7.52000000000001,9.689999999999998,233.19,215.49,239.76,0.037788459027718976,0.030707637288909316,-2.8999999999999773,1
2023-08-24,230.04,238.92,228.18,238.66,99777400,-0.028793380055729213,227.38285714285715,253.0546666666667,225.82355555555554,-8.620000000000005,10.73999999999998,236.86,231.28,232.96,0.03784060453686691,0.03062537491401456,-2.920000000000016,0
2023-08-25,238.59,239.0,230.35,231.31,106612200,0.037167449139280176,229.23857142857145,251.62833333333336,226.42666666666668,7.280000000000001,8.650000000000006,230.04,233.19,225.6,0.03756003235594708,0.031453764869320326,12.990000000000009,1
2023-08-28,238.82,244.38,235.35,242.58,107673700,0.0009639968146191784,232.03857142857143,249.90966666666665,227.07366666666667,-3.7600000000000193,9.030000000000001,238.59,236.86,219.22,0.03425217207650995,0.030696720232224712,19.599999999999994,1
2023-08-29,257.18,257.48,237.77,238.58,134047600,0.07687798341847422,237.99428571428572,248.70433333333332,228.12022222222222,18.599999999999994,19.710000000000008,238.82,230.04,215.49,0.03872351150441049,0.03413428491167674,41.69,1
2023-08-30,256.9,260.51,250.59,254.2,121988400,-0.0010887316276538982,241.6542857142857,247.559,229.14044444444443,2.6999999999999886,9.919999999999987,257.18,238.59,231.28,0.033510103472883926,0.03413199505677681,25.619999999999976,0
2023-08-31,258.08,261.18,255.05,255.98,108861700,0.004593226936551214,245.21,247.39833333333334,230.2018888888889,2.0999999999999943,6.1299999999999955,256.9,238.82,233.19,0.03367197968282916,0.02919318280525947,24.889999999999986,1
2023-09-01,245.01,259.08,242.01,257.26,132541600,-0.050643211407315536,246.37428571428572,246.898,231.13899999999998,-12.25,17.069999999999993,258.08,257.18,236.86,0.0418140751525184,0.030563844250378686,8.149999999999977,0
2023-09-05,256.49,258.0,244.86,245.0,129469600,0.04685523039875931,250.15285714285713,246.47899999999998,232.28055555555557,11.490000000000009,13.139999999999986,245.01,256.9,230.04,0.04122036655089979,0.031133349845240743,26.450000000000017,1
2023-09-06,251.92,255.39,245.06,255.14,116959800,-0.017817458770322512,252.05714285714285,246.03366666666668,233.29977777777776,-3.219999999999999,10.329999999999984,256.49,258.08,238.59,0.041835371998017776,0.031194801523662132,13.329999999999984,0
2023-09-07,251.49,252.81,243.27,245.07,115312900,-0.0017068910765321468,253.86714285714285,245.605,234.26844444444444,6.420000000000016,9.539999999999992,251.92,245.01,238.82,0.041928002233950906,0.031192062538813525,12.670000000000016,0
2023-09-08,248.5,256.52,246.67,251.22,118367700,-0.01188914072130108,252.62714285714284,245.36466666666666,235.23144444444446,-2.719999999999999,9.849999999999994,251.49,256.49,257.18,0.029156557866305405,0.030695365765320993,-8.680000000000007,0
2023-09-11,273.58,274.85,260.61,264.27,174667900,0.10092555331991945,255.00999999999996,245.60266666666666,236.48999999999998,9.310000000000002,14.240000000000009,248.5,251.92,256.9,0.04953547373368209,0.03508261378968697,16.680000000000007,1
2023-09-12,267.48,278.39,266.6,270.76,135999900,-0.02229695153154458,256.3528571428571,245.60433333333333,237.67744444444446,-3.2799999999999727,11.789999999999964,273.58,251.49,258.08,0.051048309308266406,0.035345407632490104,9.400000000000034,0
2023-09-13,271.3,274.98,268.1,270.07,111673700,0.014281441603110486,260.10857142857145,245.94533333333337,238.90077777777776,1.2300000000000182,6.8799999999999955,267.48,248.5,245.01,0.04447295454090625,0.0351227453867698,26.29000000000002,1
2023-09-14,276.04,276.71,270.42,271.32,107709800,0.017471433837080757,262.90142857142854,246.67633333333333,240.07833333333338,4.720000000000027,6.289999999999964,271.3,273.58,256.49,0.04235408270013145,0.034809790562919066,19.55000000000001,1
2023-09-15,274.39,278.98,271.0,277.55,133692300,-0.005977394580495703,266.1114285714286,247.17866666666666,241.21833333333336,-3.160000000000025,7.980000000000018,276.04,267.48,251.92,0.04121955793820197,0.03469492476378232,22.47,0
2023-09-18,265.28,271.44,263.76,271.16,101543300,-0.03320091840081641,268.0814285714286,247.55933333333334,242.28644444444444,-5.880000000000052,7.680000000000007,274.39,271.3,251.49,0.044663781915293244,0.035047737072154625,13.789999999999964,0
2023-09-19,266.5,267.85,261.2,264.35,103704000,0.004598914354644253,270.65285714285716,248.061,243.37488888888888,2.1499999999999773,6.650000000000034,265.28,276.04,248.5,0.0438380760023127,0.03498213503470669,18.0,1
2023-09-20,262.59,273.93,262.46,267.04,122514600,-0.014671669793621106,269.08285714285716,248.49066666666664,244.38055555555556,-4.4500000000000455,11.470000000000027,266.5,274.39,273.58,0.018949786896291912,0.035082350369947855,-10.990000000000009,0
2023-09-21,255.7,260.86,254.21,257.85,119951500,-0.02623862294832243,267.4,248.941,245.35522222222224,-2.150000000000034,6.650000000000006,262.59,265.28,267.48,0.019573967922035113,0.03496719869113162,-11.78000000000003,0
2023-09-22,244.88,257.79,244.48,257.4,127524100,-0.04231521314039888,263.62571428571425,248.92566666666667,246.2277777777778,-12.519999999999982,13.31000000000003,255.7,266.5,271.3,0.021294039408226304,0.035835725377718064,-26.420000000000016,0
2023-09-25,246.99,247.1,238.31,243.38,104636600,0.008616465207448602,259.4757142857143,249.07033333333337,247.1218888888889,3.6100000000000136,8.789999999999992,244.88,262.59,276.04,0.019255150311515225,0.03579723551199778,-29.05000000000001,1
2023-09-26,244.12,249.55,241.66,242.98,101993600,-0.011619903639823492,255.15142857142857,249.21566666666666,247.90255555555555,1.1400000000000148,7.890000000000015,246.99,255.7,274.39,0.018900096463500587,0.03579361064071465,-30.269999999999982,0
2023-09-27,240.5,245.33,234.58,244.26,136597200,-0.014828772734720648,251.61142857142855,249.467,248.60933333333332,-3.759999999999991,10.75,244.12,244.88,265.28,0.017394552963167702,0.03549216276832649,-24.779999999999973,0
2023-09-28,246.38,247.55,238.65,240.02,117058900,0.02444906444906443,248.73714285714283,250.15966666666665,249.34533333333331,6.359999999999985,8.900000000000006,240.5,246.99,266.5,0.021919561819751018,0.035155099135736494,-20.120000000000005,1
2023-09-29,250.22,254.77,246.35,250.0,128522700,0.015585680655897409,246.97,251.19299999999996,250.02700000000002,0.21999999999999886,8.420000000000016,246.38,244.12,262.59,0.023951167218064073,0.03469596018682874,-12.369999999999976,1
2023-10-02,251.6,254.28,242.62,244.81,123810400,0.005515146670929564,246.3842857142857,252.39666666666665,250.75844444444442,6.789999999999992,11.659999999999997,250.22,240.5,255.7,0.022584586548412094,0.03444627972396857,-4.099999999999994,1
2023-10-03,246.53,250.02,244.45,248.61,101985300,-0.020151033386327476,246.61999999999998,252.905,251.46544444444444,-2.0800000000000125,5.570000000000022,251.6,246.38,244.88,0.016823248561916092,0.03228513239505576,1.6500000000000057,0
2023-10-04,261.16,261.86,247.6,248.14,129721600,0.05934369042307234,248.6442857142857,253.8373333333333,252.31755555555557,13.020000000000039,14.26000000000002,246.53,250.22,246.99,0.027893505175194438,0.03389952605687269,14.170000000000016,1
2023-10-05,260.05,263.6,256.25,260.0,119159200,-0.004250268034921173,250.92,254.61033333333333,253.0606666666667,0.05000000000001137,7.350000000000023,261.16,251.6,244.12,0.027144138234163815,0.03386387843618158,15.930000000000007,0
2023-10-06,260.53,261.65,250.65,253.98,118121800,0.0018457988848296918,253.78142857142856,255.62666666666667,253.72033333333331,6.549999999999983,10.999999999999972,260.05,246.53,240.5,0.025337021818684177,0.03330888539849327,20.029999999999973,1
2023-10-09,259.67,261.36,252.05,255.31,101377900,-0.0033009634207191376,255.68,256.3293333333333,254.33966666666666,4.360000000000014,9.310000000000002,260.53,261.16,246.38,0.025191739740476254,0.03276280031608492,13.29000000000002,0
2023-10-10,263.62,268.94,257.65,257.75,122656000,0.015211614741787609,257.5942857142857,257.156,254.96300000000002,5.8700000000000045,11.29000000000002,259.67,260.05,250.22,0.0251728572421778,0.03283050232745136,13.400000000000006,1
2023-10-11,262.99,268.6,260.9,266.2,103706300,-0.0023898035050451236,259.2214285714286,257.3496666666667,255.50766666666667,-3.2099999999999795,7.7000000000000455,263.62,260.53,251.6,0.025465169889921403,0.02979632619163485,11.390000000000015,0
2023-10-12,258.87,265.41,256.63,262.92,111508100,-0.015665994904749247,260.9842857142857,257.4153333333333,255.96611111111113,-4.050000000000011,8.78000000000003,262.99,259.67,246.53,0.02472513104599819,0.029952772013844223,12.340000000000003,0
2023-10-13,251.12,259.6,250.22,258.9,102073800,-0.029937806621083942,259.55,257.18333333333334,256.2973333333333,-7.779999999999973,9.380000000000024,258.87,263.62,261.16,0.014139521932173498,0.0304563650462364,-10.04000000000002,0
2023-10-16,253.92,255.4,248.48,250.05,88917200,0.011150047785919014,258.6742857142857,257.4803333333333,256.62344444444443,3.869999999999976,6.920000000000016,251.12,262.99,260.05,0.015498827987593484,0.029001146974842542,-6.130000000000024,1
2023-10-17,254.85,257.18,247.08,250.1,93562900,0.0036625708884688362,257.86285714285714,257.4256666666667,256.84555555555556,4.75,10.099999999999994,253.92,258.87,260.53,0.015614106580102172,0.027720143168537444,-5.679999999999978,1
2023-10-18,242.68,254.63,242.08,252.7,125147800,-0.047753580537571075,255.43571428571428,257.11766666666665,256.82644444444446,-10.019999999999982,12.549999999999983,254.85,251.12,259.67,0.023021258806685055,0.02890270988268851,-16.99000000000001,0
2023-10-19,220.11,230.61,216.78,225.95,170772700,-0.09300313169606063,249.22,256.07166666666666,256.49622222222223,-5.839999999999975,13.830000000000013,242.68,253.92,263.62,0.03627001891245099,0.03344529048214687,-43.50999999999999,0
2023-10-20,211.99,218.86,210.42,217.01,138010100,-0.03689064558629778,241.93428571428575,254.85466666666667,255.9771111111111,-5.019999999999982,8.440000000000026,220.11,254.85,262.99,0.03503255532551617,0.03395891726789589,-51.0,0
2023-10-23,212.08,216.98,202.51,210.0,150683400,0.0004245483277513251,235.25,252.8046666666667,255.48033333333333,2.0800000000000125,14.469999999999999,211.99,242.68,258.87,0.03660533665348887,0.027524446378107102,-46.78999999999999,1
2023-10-24,216.52,222.05,214.11,216.5,118231100,0.020935496039230467,230.30714285714288,251.10600000000002,255.04277777777781,0.020000000000010232,7.939999999999998,212.08,220.11,251.12,0.04084079139769738,0.027883718769997467,-34.599999999999994,1
2023-10-25,212.42,220.1,212.2,215.88,107065100,-0.018935895067430365,224.37857142857143,249.14333333333332,254.5081111111111,-3.460000000000008,7.900000000000006,216.52,211.99,253.92,0.03850680179132376,0.027683224732581935,-41.5,0
2023-10-26,205.76,214.8,204.88,211.32,115112600,-0.03135297994539119,217.36571428571432,246.80066666666664,253.74488888888885,-5.560000000000002,9.920000000000016,212.42,212.08,254.85,0.03645708310611779,0.027584708618855043,-49.09,0
2023-10-27,207.3,212.41,205.77,210.6,94881200,0.007484447900466663,212.3114285714286,244.56433333333334,253.16533333333334,-3.299999999999983,6.639999999999986,205.76,216.52,242.68,0.03780361681658857,0.027750819286709954,-35.379999999999995,1
2023-10-30,197.36,210.88,194.67,209.28,136448200,-0.04794983116256631,209.0614285714286,242.3003333333333,252.41811111111107,-11.919999999999987,16.210000000000008,207.3,212.42,220.11,0.02543748574869169,0.028320555806010745,-22.75,0
2023-10-31,200.84,202.8,194.07,196.12,118068300,0.01763275233076606,207.46857142857144,240.11166666666665,251.79855555555554,4.719999999999999,8.730000000000018,197.36,205.76,211.99,0.02602377147048635,0.02864110614386407,-11.150000000000006,1
2023-11-01,205.66,205.99,197.85,204.04,121661700,0.023999203345946987,206.5514285714286,238.214,251.40533333333332,1.6200000000000045,8.140000000000015,200.84,207.3,212.08,0.028602016289788097,0.02924006322563402,-6.420000000000016,1
2023-11-02,218.51,219.2,211.45,212.97,125987600,0.062481766021589,206.83571428571432,236.9743333333333,251.0531111111111,5.539999999999992,7.75,205.66,197.36,216.52,0.03755469583907332,0.03168392999367894,1.9899999999999807,1
2023-11-03,219.96,226.37,218.4,221.15,119534800,0.006635851906091333,207.91285714285712,236.1436666666667,250.65,-1.1899999999999977,7.969999999999999,218.51,200.84,212.42,0.03641559664593615,0.030933344843041378,7.5400000000000205,1
2023-11-06,219.27,226.32,215.0,223.98,117335800,-0.0031369339879978074,209.84285714285716,235.21966666666668,250.22522222222221,-4.7099999999999795,11.319999999999993,219.96,205.66,205.76,0.03305504811678353,0.0308541394358441,13.51000000000002,0
2023-11-07,222.18,223.12,215.72,219.98,116900100,0.013271309344643574,211.96857142857144,234.48833333333332,249.78533333333334,2.200000000000017,7.400000000000006,219.27,218.51,207.3,0.03306590244475479,0.030962566799027123,14.879999999999995,1
2023-11-08,222.11,224.15,217.64,223.15,106584800,-0.00031505986137363027,215.50428571428571,233.87533333333334,249.14411111111113,-1.039999999999992,6.510000000000019,222.18,219.96,197.36,0.022151955298042144,0.030879213331983707,24.75,0
2023-11-09,209.98,220.8,206.68,219.75,142110500,-0.05461257935257315,216.81,232.66199999999998,248.33855555555556,-9.77000000000001,14.120000000000005,222.11,219.27,200.84,0.035021358478638374,0.03188553494532752,9.139999999999986,0
2023-11-10,214.65,215.38,205.69,210.03,130994000,0.022240213353652807,218.0942857142857,231.47633333333337,247.65088888888891,4.6200000000000045,9.689999999999998,209.98,222.18,205.66,0.03488429092844056,0.03205505010774515,8.990000000000009,1
2023-11-13,223.71,225.4,211.61,215.6,140447600,0.0422082459818309,218.83714285714285,230.54666666666668,247.08733333333333,8.110000000000014,13.789999999999992,214.65,222.11,218.51,0.029972357114908515,0.03313588395903596,5.200000000000017,1
2023-11-14,237.41,238.14,230.72,235.03,149771600,0.0612399982119708,221.33,230.24266666666668,246.72955555555555,2.3799999999999955,7.4199999999999875,223.71,209.98,219.96,0.037103997598373496,0.03499445882712153,17.44999999999999,1
2023-11-15,242.84,246.7,236.45,239.29,150354000,0.022871825112674306,224.69714285714284,229.63200000000003,246.4301111111111,3.5500000000000114,10.25,237.41,214.65,219.27,0.0366872938399681,0.03343696674261318,23.569999999999993,1
2023-11-16,233.59,240.88,230.96,239.49,136816800,-0.038090924065228134,226.3271428571429,228.75,246.00344444444445,-5.900000000000006,9.919999999999987,242.84,223.71,222.18,0.04191752806236071,0.034084470703856874,11.409999999999997,0
2023-11-17,234.3,237.39,226.54,232.0,142532800,0.003039513677811584,228.06857142857143,227.87566666666666,245.51899999999998,2.3000000000000114,10.849999999999994,233.59,237.41,222.11,0.041826572098908145,0.0340910205742633,12.189999999999998,1
2023-11-20,235.6,237.1,231.02,234.04,116320100,0.005548442168160405,231.72857142857143,227.07333333333335,245.01033333333334,1.5600000000000023,6.079999999999984,234.3,242.84,209.98,0.03166389656383683,0.034126250048375384,25.620000000000005,1
2023-11-21,241.2,243.62,233.34,235.04,122288000,0.023769100169779265,235.52142857142857,226.326,244.4638888888889,6.159999999999997,10.280000000000001,235.6,233.59,214.65,0.0317112387820077,0.03431607726290318,26.549999999999983,1
2023-11-22,234.21,244.01,231.4,242.04,117950600,-0.028980099502487484,237.02142857142857,225.36666666666667,243.80688888888886,-7.829999999999984,12.609999999999985,241.2,234.3,223.71,0.03371602935181171,0.03465799806154105,10.5,0
2023-11-24,235.45,238.75,232.33,233.75,65125200,0.005294393919986254,236.74142857142857,224.58599999999998,243.18677777777776,1.6999999999999886,6.4199999999999875,234.21,235.6,237.41,0.023947111569886447,0.034610679028890215,-1.960000000000008,1
2023-11-27,236.08,238.33,232.1,236.89,112031800,0.0026757273306435504,235.7757142857143,224.08466666666666,242.8887777777778,-0.8099999999999739,6.230000000000018,235.45,241.2,242.84,0.02171317793400048,0.03423150104736774,-6.759999999999991,1
2023-11-28,246.72,247.0,234.01,236.68,148549900,0.045069467976956906,237.65142857142857,223.84466666666668,242.74099999999999,10.039999999999992,12.990000000000009,236.08,234.21,233.59,0.022570621363300725,0.035209317592645596,13.129999999999995,1
2023-11-29,244.14,252.75,242.76,249.21,135401300,-0.010457198443579818,239.05714285714285,223.48766666666668,242.46411111111112,-5.070000000000022,9.990000000000009,246.72,235.45,234.3,0.023622879775413816,0.03524816445495472,9.839999999999975,0
2023-11-30,240.08,245.22,236.91,245.14,132353200,-0.016629802572294478,239.69714285714286,223.401,242.18411111111112,-5.059999999999974,8.310000000000002,244.14,236.08,235.6,0.025151897269869286,0.034263470242453443,4.480000000000018,0
2023-12-01,238.83,240.19,231.9,233.14,121331700,-0.005206597800733089,239.35857142857142,224.025,241.9005555555556,5.690000000000026,8.289999999999992,240.08,246.72,241.2,0.02348623509969819,0.02943625971692469,-2.369999999999976,0
2023-12-04,235.58,239.37,233.29,235.75,104099800,-0.013608005694426998,239.55428571428573,224.81133333333335,241.67688888888887,-0.1699999999999875,6.0800000000000125,238.83,244.14,234.21,0.02104502391925458,0.02864056862799187,1.3700000000000045,0
2023-12-05,238.72,246.66,233.7,233.87,137971100,0.013328805501315842,240.02142857142854,225.69933333333336,241.3688888888889,4.849999999999994,12.960000000000008,235.58,240.08,235.45,0.02153051085043042,0.028683159699728913,3.2700000000000102,1
2023-12-06,239.37,246.57,239.17,242.92,126436200,0.0027228552278820615,240.49142857142857,226.46099999999998,241.0571111111111,-3.549999999999983,7.400000000000006,238.72,238.83,236.08,0.02153070363224595,0.02851221044501628,3.289999999999992,1
2023-12-07,242.64,244.08,236.98,241.55,107142300,0.013660859756861685,239.9085714285714,227.46833333333333,240.85233333333332,1.089999999999975,7.100000000000023,239.37,235.58,246.72,0.012466214195955547,0.02823800602584659,-4.0800000000000125,1
2023-12-08,243.84,245.27,239.27,240.27,103126800,0.004945598417408577,239.86571428571432,228.73766666666668,240.73822222222222,3.569999999999993,6.0,242.64,238.72,244.14,0.012144254621331906,0.027399476567336375,-0.29999999999998295,1
2023-12-11,239.74,243.44,237.45,242.74,97913900,-0.016814304461942233,239.81714285714287,229.819,240.52066666666667,-3.0,5.990000000000009,243.84,239.37,240.08,0.012186206073594342,0.02771259642471138,-0.3400000000000034,0
2023-12-12,237.01,238.99,233.87,238.55,95328300,-0.011387336280971128,239.55714285714288,231.14066666666668,240.33344444444444,-1.5400000000000205,5.1200000000000045,239.74,242.64,238.83,0.012821939372475808,0.026047233181194267,-1.8200000000000216,0
2023-12-13,239.29,240.3,228.2,234.19,146286300,0.009619847263828536,240.08714285714288,232.42233333333334,240.19833333333332,5.099999999999994,12.100000000000023,237.01,243.84,235.58,0.012001122004209384,0.025969538601975487,3.7099999999999795,1
2023-12-14,251.05,253.88,240.79,241.22,160829200,0.04914538844080413,241.84857142857143,233.93533333333335,240.21333333333334,9.830000000000013,13.090000000000003,239.29,239.74,238.72,0.021424279937972353,0.026951770811025306,12.330000000000013,1
2023-12-15,253.5,254.13,248.3,251.21,135932800,0.009759012148974263,243.86714285714285,235.10166666666666,240.33899999999997,2.289999999999992,5.829999999999984,251.05,237.01,239.37,0.021332403377407428,0.024847211876853067,14.129999999999995,1
2023-12-18,252.08,258.74,251.36,253.78,116416500,-0.005601577909270168,245.2157142857143,236.17233333333334,240.4138888888889,-1.6999999999999886,7.3799999999999955,253.5,239.29,242.64,0.02178111005037617,0.024924181236117053,9.440000000000026,0
2023-12-19,257.22,258.34,253.01,253.48,106737400,0.020390352269120973,247.12714285714284,237.43733333333333,240.57577777777777,3.7400000000000375,5.329999999999984,252.08,251.05,243.84,0.022467348447959053,0.025034031832008943,13.380000000000024,1
2023-12-20,247.14,259.84,247.0,256.41,125097000,-0.03918824352694207,248.18428571428572,238.26933333333332,240.65777777777774,-9.270000000000039,12.839999999999975,257.22,253.5,239.74,0.02757558476239445,0.02628335136588275,7.399999999999977,0
2023-12-21,254.5,254.8,248.55,251.9,109594200,0.02978069110625562,250.68285714285713,239.349,240.8971111111111,2.5999999999999943,6.25,247.14,252.08,237.01,0.0279657909076489,0.02668862622464874,17.49000000000001,1
2023-12-22,252.54,258.22,251.37,256.76,93370100,-0.007701375245579599,252.57571428571427,240.76766666666668,241.19644444444444,-4.219999999999999,6.850000000000023,254.5,257.22,239.29,0.028816008623480247,0.02435422886160489,13.25,0
2023-12-26,256.61,257.97,252.91,254.49,86892400,0.016116258810485555,253.37000000000003,242.1663333333333,241.6118888888889,2.1200000000000045,5.060000000000031,252.54,247.14,251.05,0.023111224056225167,0.02424276658113099,5.560000000000002,1
2023-12-27,261.44,263.34,257.52,258.35,106494400,0.018822337399165986,254.50428571428571,243.42399999999998,242.1224444444444,3.089999999999975,5.819999999999993,256.61,254.5,253.5,0.02377352452452413,0.023408303136149347,7.939999999999998,1
2023-12-28,253.18,265.13,252.71,263.66,113619900,-0.031594247246022,254.66142857142856,243.94966666666667,242.36577777777777,-10.480000000000018,12.419999999999987,261.44,252.54,252.08,0.0273971553525195,0.021867090824634026,1.0999999999999943,0
2023-12-29,248.48,255.19,247.43,255.1,100891600,-0.018563867604076217,253.41285714285712,244.13766666666663,242.53566666666666,-6.6200000000000045,7.759999999999991,253.18,256.61,257.22,0.0267377477669732,0.02183649759132346,-8.740000000000038,0
2024-01-02,248.42,251.25,244.41,250.08,104654200,-0.0002414681262073498,253.5957142857143,244.632,242.6641111111111,-1.660000000000025,6.840000000000003,248.48,261.44,247.14,0.021972821865520926,0.02055620959821243,1.2800000000000011,0
2024-01-03,238.45,245.68,236.32,244.98,121082600,-0.04013364463408743,251.30285714285714,244.77033333333335,242.75755555555557,-6.530000000000001,9.360000000000014,248.42,253.18,254.5,0.022563119262253892,0.021962673329332365,-16.05000000000001,0
2024-01-04,237.93,242.7,237.73,239.25,102629300,-0.0021807506814845116,249.21571428571428,244.84799999999998,242.75022222222222,-1.3199999999999932,4.969999999999999,238.45,248.48,252.54,0.022713780098920017,0.021950599986963592,-14.609999999999985,0
2024-01-05,237.49,240.12,234.9,236.86,92488900,-0.0018492834026814513,246.48428571428573,244.7243333333333,242.73544444444443,0.6299999999999955,5.219999999999999,237.93,248.42,256.61,0.020398163658638314,0.021510480802069257,-19.120000000000005,0
2024-01-08,240.45,241.25,235.3,236.14,85166600,0.012463682681375972,243.4857142857143,244.93233333333333,242.54955555555554,4.310000000000002,5.949999999999989,237.49,238.45,261.44,0.018948150513936578,0.020927541577922634,-20.99000000000001,1
2024-01-09,234.96,238.96,232.04,238.11,96705700,-0.02283218964441664,240.88285714285715,244.91600000000003,242.3057777777778,-3.1500000000000057,6.920000000000016,240.45,237.93,253.18,0.017662913078449704,0.021358197099248886,-18.22,0
2024-01-10,233.94,235.5,231.29,235.1,91628500,-0.004341164453524047,238.80571428571426,244.84466666666668,242.03755555555557,-1.1599999999999966,4.210000000000008,234.96,237.49,248.48,0.017393572253513487,0.02136800709733437,-14.539999999999992,0
2024-01-11,227.22,230.93,225.37,230.57,105873600,-0.028725314183123872,235.77714285714282,244.19466666666668,241.83988888888888,-3.3499999999999943,5.560000000000002,233.94,240.45,248.42,0.018454035734373975,0.02020685811730174,-21.19999999999999,0
2024-01-12,218.89,225.34,217.15,220.08,123043800,-0.03666050523721509,232.98285714285717,243.35299999999998,241.4221111111111,-1.1900000000000261,8.189999999999998,227.22,234.96,238.45,0.017615310440652635,0.021107001771314457,-19.560000000000002,0
2024-01-16,219.91,223.49,212.18,215.1,115355000,0.004659874822970489,230.4085714285714,242.68066666666667,241.06644444444447,4.810000000000002,11.310000000000002,218.89,233.94,237.93,0.018423215417155026,0.021005090572308923,-18.02000000000001,1
2024-01-17,215.55,215.67,212.01,214.86,103164400,-0.019826292574234846,227.27428571428572,241.90466666666666,240.66711111111113,0.6899999999999977,3.6599999999999966,219.91,227.22,237.49,0.018179778818796757,0.021233427240423736,-21.939999999999998,0
2024-01-18,211.88,217.45,208.74,216.88,108595400,-0.017026212015773676,223.19285714285712,241.11466666666666,240.2602222222222,-5.0,8.70999999999998,215.55,218.89,240.45,0.014087178740246804,0.021300299860621402,-28.569999999999993,0
2024-01-19,212.19,213.19,207.56,209.99,102260300,0.0014630923164055233,219.94,240.23033333333333,239.57811111111113,2.1999999999999886,5.6299999999999955,211.88,219.91,234.96,0.015562595141495056,0.021089838738131153,-22.77000000000001,1
2024-01-22,208.8,217.8,206.27,212.26,117952500,-0.015976247702530685,216.34857142857143,239.21133333333333,238.92611111111108,-3.4599999999999795,11.530000000000001,212.19,215.55,233.94,0.014923544652850836,0.021169519896911876,-25.139999999999986,0
2024-01-23,209.14,215.65,207.75,211.3,106605900,0.0016283524904213361,213.7657142857143,238.09466666666668,238.23544444444443,-2.160000000000025,7.900000000000006,208.8,211.88,227.22,0.015023714660463363,0.020929586426949223,-18.080000000000013,1
2024-01-24,207.83,212.73,206.77,211.88,123369900,-0.006263746772496768,212.18571428571428,236.89433333333332,237.47755555555554,-4.049999999999983,5.9599999999999795,209.14,212.19,218.89,0.010225750681920368,0.020850836932833048,-11.059999999999974,0
2024-01-25,182.63,193.0,180.06,189.7,198076800,-0.12125294712024258,206.85999999999999,234.99066666666667,236.45799999999997,-7.069999999999993,12.939999999999998,207.83,208.8,219.91,0.04319740016409407,0.029710241962199322,-37.28,0
2024-01-26,183.25,186.78,182.1,185.5,107343200,0.003394842030334581,202.24571428571426,233.19866666666667,235.54655555555553,-2.25,4.680000000000007,182.63,209.14,215.55,0.04455991271354906,0.02978461990248863,-32.30000000000001,1
2024-01-29,190.93,191.48,183.67,185.63,125013100,0.04190995907230563,199.25285714285715,231.58666666666667,234.70688888888887,5.300000000000011,7.810000000000002,183.25,207.83,211.88,0.0507897665959813,0.03100512699984681,-20.94999999999999,1
2024-01-30,191.59,196.36,190.61,195.33,109982300,0.003456764259152551,196.31,229.60466666666667,233.91799999999998,-3.740000000000009,5.75,190.93,182.63,212.19,0.05089369990412234,0.029222323469099087,-20.599999999999994,1
2024-01-31,187.29,193.97,185.85,187.0,103221400,-0.022443760112740806,193.23714285714286,227.39766666666668,233.1578888888889,0.28999999999999204,8.120000000000005,191.59,183.25,208.8,0.05100894867307642,0.02911834344628353,-21.51000000000002,0
2024-02-01,188.86,189.88,184.28,188.5,91843300,0.008382721981953237,190.33999999999997,225.29033333333334,232.53544444444447,0.36000000000001364,5.599999999999994,187.29,190.93,209.14,0.05142102586139174,0.029296126164982127,-20.279999999999973,1
2024-02-02,187.91,188.69,182.0,185.04,110612700,-0.005030181086519205,187.49428571428572,222.98,231.87900000000002,2.8700000000000045,6.689999999999998,188.86,191.59,207.83,0.05145110142881834,0.028775415613049814,-19.920000000000016,0
2024-02-05,181.06,184.68,175.01,184.26,134294400,-0.03645362141450691,187.26999999999998,220.77733333333336,231.17833333333337,-3.1999999999999886,9.670000000000016,187.91,187.29,182.63,0.024837831401355096,0.02868392434940797,-1.5699999999999932,0
2024-02-06,185.1,186.49,177.11,177.21,122676000,0.0223130453993151,187.5342857142857,218.46399999999997,230.5627777777778,7.889999999999986,9.379999999999995,181.06,188.86,183.25,0.02637356907778022,0.028358245820268264,1.8499999999999943,1
2024-02-07,187.58,189.79,182.68,188.18,111535200,0.013398163155051422,187.0557142857143,216.29866666666663,229.90944444444443,-0.5999999999999943,7.109999999999985,185.1,187.91,190.93,0.02073314206407164,0.02868086816628953,-3.3499999999999943,1
2024-02-08,189.56,191.62,185.58,189.0,83034000,0.01055549632156941,186.76571428571427,214.06366666666665,229.23544444444443,0.5600000000000023,6.039999999999992,187.58,181.06,191.59,0.021231522237695352,0.028527525397660434,-2.030000000000001,1
2024-02-09,193.57,194.12,189.48,190.18,84476300,0.021154251951888536,187.66285714285712,211.80133333333333,228.59066666666666,3.3899999999999864,4.640000000000015,189.56,185.1,187.29,0.020381683234046294,0.028610784187033167,6.280000000000001,1
2024-02-12,188.13,194.73,187.28,192.11,95498600,-0.028103528439324264,187.55857142857144,209.63299999999998,227.9417777777778,-3.980000000000018,7.449999999999989,193.57,187.58,188.86,0.023733277418241574,0.028525026761491393,-0.7300000000000182,0
2024-02-13,184.02,187.26,182.11,183.99,86759500,-0.021846595439323793,187.00285714285715,207.48433333333335,227.08466666666666,0.030000000000001137,5.149999999999977,188.13,189.56,187.91,0.025102370968947258,0.02856750829089515,-3.8899999999999864,0
2024-02-14,188.71,188.89,183.35,185.3,81203000,0.02548636017824148,188.0957142857143,205.49400000000003,226.29199999999997,3.4099999999999966,5.539999999999992,184.02,193.57,181.06,0.02194433503743828,0.029234868140686054,7.650000000000006,1
2024-02-15,200.45,200.88,188.86,189.16,120831800,0.06221185946690679,190.28857142857146,204.22733333333332,225.62444444444446,11.289999999999992,12.019999999999982,188.71,188.13,185.1,0.030399157274636265,0.03133507713851574,15.349999999999994,1
2024-02-16,199.95,203.17,197.4,202.06,111346700,-0.002494387627837366,192.05571428571426,202.96133333333333,224.9608888888889,-2.1100000000000136,5.769999999999982,200.45,184.02,187.58,0.03085316987494006,0.03133406052066652,12.369999999999976,0
2024-02-20,193.76,198.6,189.13,196.13,104545800,-0.030957739434858706,192.65571428571428,201.50366666666667,224.18466666666666,-2.3700000000000045,9.469999999999999,199.95,188.71,189.56,0.03441542168764999,0.03167275010687087,4.199999999999989,0
2024-02-21,194.77,199.44,191.95,193.36,103500300,0.005212634186622726,192.82714285714286,199.98099999999997,223.42666666666668,1.4099999999999966,7.490000000000009,193.76,200.45,193.57,0.03358027941563921,0.03155238862926473,1.200000000000017,1
2024-02-22,197.41,198.32,191.36,194.0,92739500,0.01355444883708983,194.15285714285713,198.72933333333333,222.74377777777775,3.4099999999999966,6.9599999999999795,194.77,199.95,188.13,0.03108761618672857,0.03160225233174177,9.280000000000001,1
2024-02-23,191.97,197.57,191.5,195.31,78841900,-0.027556861354541298,195.28857142857143,197.33033333333333,222.08655555555558,-3.3400000000000034,6.069999999999993,197.41,193.76,184.02,0.0320405121220722,0.03186146665257471,7.949999999999989,0
2024-02-26,199.4,201.78,192.0,192.29,111747100,0.03870396416106687,196.81571428571428,196.403,221.48077777777777,7.110000000000014,9.780000000000001,191.97,194.77,188.71,0.033693191818567794,0.03257783249102681,10.689999999999998,1
2024-02-27,199.73,205.6,198.26,204.04,108645400,0.0016549648946839724,196.7128571428571,195.76433333333335,220.8683333333333,-4.310000000000002,7.340000000000003,199.4,197.41,200.45,0.023927348658744563,0.0319914789436187,-0.7199999999999989,1
2024-02-28,202.04,205.3,198.44,200.42,99806200,0.011565613578330759,197.01142857142858,195.16866666666664,220.41677777777775,1.6200000000000045,6.860000000000014,199.73,191.97,199.95,0.02429668426380925,0.0320697932260111,2.0900000000000034,1
2024-02-29,201.88,205.28,198.45,204.18,85907000,-0.0007919223916056058,198.17142857142858,194.71300000000002,220.21422222222222,-2.3000000000000114,6.8300000000000125,202.04,199.4,193.76,0.019787498834722885,0.031899053844734286,8.120000000000005,0
2024-03-01,202.64,204.52,198.5,200.52,82243100,0.003764612641172929,199.29571428571427,194.40500000000003,220.11033333333333,2.119999999999976,6.02000000000001,201.88,199.73,194.77,0.019805260139566343,0.031779587675893214,7.869999999999976,1
2024-03-04,188.14,199.75,186.72,198.73,134334900,-0.07155546782471378,197.97142857142856,193.60333333333332,219.8443333333333,-10.590000000000003,13.030000000000001,202.64,202.04,197.41,0.03476008749267579,0.03428366489909357,-9.27000000000001,0
2024-03-05,180.74,184.59,177.57,183.05,119660800,-0.03933241203359189,196.36714285714285,192.668,219.44677777777775,-2.3100000000000023,7.02000000000001,188.14,201.88,191.97,0.036213882847470354,0.03483949561102898,-11.22999999999999,0
2024-03-06,176.54,181.58,173.7,179.99,107920900,-0.02323780015491876,193.10142857142856,191.58133333333336,219.04811111111113,-3.450000000000017,7.880000000000024,180.74,202.64,199.4,0.029921162909115118,0.03499173280583578,-22.860000000000014,0
2024-03-07,178.65,180.04,173.7,174.35,102129000,0.01195196556021306,190.09,190.60866666666666,218.7468888888889,4.300000000000011,6.340000000000003,176.54,188.14,199.73,0.031207843027132323,0.03512718832164197,-21.079999999999984,1
2024-03-08,175.34,182.73,174.7,181.5,85544600,-0.018527847746991337,186.27571428571426,190.36566666666667,218.39177777777775,-6.159999999999997,8.030000000000001,178.65,180.74,202.04,0.0288624822850909,0.027530258259869128,-26.69999999999999,0
2024-03-11,177.77,182.87,174.8,175.45,85391500,0.013858788639215278,182.83142857142857,190.183,218.17411111111113,2.3200000000000216,8.069999999999993,175.34,176.54,201.88,0.030918049034924386,0.02765372131189159,-24.109999999999985,1
2024-03-12,177.54,179.43,172.41,177.77,87391700,-0.0012938066040390289,179.24571428571426,189.73666666666665,217.91522222222224,-0.2300000000000182,7.02000000000001,177.77,178.65,202.64,0.03039057014877629,0.026460667244510343,-25.099999999999994,0
2024-03-13,169.48,176.05,169.15,173.05,106524500,-0.04539822011940973,176.57999999999998,188.99966666666666,217.51322222222225,-3.5700000000000216,6.900000000000006,177.54,175.34,188.14,0.023601622469888128,0.027587535690360383,-18.659999999999997,0
2024-03-14,162.5,171.17,160.51,167.77,126325700,-0.04118480056643846,173.9742857142857,188.17333333333332,216.8908888888889,-5.27000000000001,10.659999999999997,169.48,177.77,180.74,0.023933607865221203,0.028231094920603546,-18.24000000000001,0
2024-03-15,163.57,165.18,160.76,163.16,97146800,0.0065846153846153424,172.1214285714286,187.33033333333333,216.26433333333335,0.4099999999999966,4.420000000000016,162.5,177.54,176.54,0.02482583149973182,0.02820506380553929,-12.969999999999999,1
2024-03-18,173.8,174.72,165.9,170.02,108214400,0.06254203093476811,171.42857142857142,186.86,215.7591111111111,3.780000000000001,8.819999999999993,163.57,169.48,178.65,0.036902390476849595,0.03073690088209716,-4.849999999999994,1
2024-03-19,171.32,172.82,167.42,172.36,77271400,-0.014269275028768803,170.8542857142857,186.5353333333333,215.194,-1.0400000000000205,5.400000000000006,173.8,162.5,175.34,0.03664458540792472,0.030144066656571256,-4.02000000000001,0
2024-03-20,175.66,176.25,170.82,173.0,83846700,0.02533271071678732,170.55285714285714,186.22066666666666,214.67788888888887,2.6599999999999966,5.430000000000007,171.32,163.57,177.77,0.03775058607455109,0.030230899274268603,-2.1100000000000136,1
2024-03-21,172.82,178.18,171.8,176.39,73178000,-0.016167596493225567,169.87857142857143,185.7286666666667,214.265,-3.569999999999993,6.3799999999999955,175.66,173.8,177.54,0.038179592045672506,0.030217114718642548,-4.719999999999999,0
2024-03-22,170.83,171.2,166.3,166.69,75580600,-0.011514870964008684,170.07142857142858,185.10433333333333,213.7781111111111,4.140000000000015,4.899999999999977,172.82,171.32,169.48,0.03384296407230825,0.030162303580207994,1.3500000000000227,0
2024-03-25,172.63,175.24,168.73,168.76,74228600,0.010536790961774763,171.51857142857142,184.40633333333335,213.21055555555557,3.8700000000000045,6.510000000000019,170.83,175.66,162.5,0.028099315080222773,0.029930245433032982,10.129999999999995,1
2024-03-26,177.67,184.25,177.38,178.58,113186200,0.029195388982216255,173.53285714285715,184.05766666666668,212.54677777777778,-0.910000000000025,6.8700000000000045,172.63,172.82,163.57,0.029057777312969053,0.030125451824705857,14.099999999999994,1
2024-03-27,179.83,181.91,176.0,181.41,81804000,0.012157370405808663,174.3942857142857,183.918,211.84666666666666,-1.579999999999984,5.909999999999997,177.67,170.83,173.8,0.01902990010674842,0.029971487376534694,6.030000000000001,1
2024-03-28,175.79,179.57,175.3,177.45,77654800,-0.022465662014124563,175.03285714285715,183.48733333333334,211.20444444444442,-1.6599999999999966,4.269999999999982,179.83,172.63,171.32,0.02060305994239102,0.02982538141481165,4.469999999999999,0
2024-04-01,175.22,176.75,170.21,176.17,81562100,-0.003242505261960255,174.97,182.6463333333333,210.548,-0.9499999999999886,6.539999999999992,175.79,177.67,175.66,0.018348831493658926,0.027254668741022753,-0.4399999999999977,0
2024-04-02,166.63,167.69,163.43,164.75,116650600,-0.04902408400867483,174.08571428571426,181.53566666666666,209.7816666666667,1.8799999999999955,4.259999999999991,175.22,179.83,172.82,0.025799659413061816,0.028456837384747496,-6.189999999999998,0
2024-04-03,168.38,168.82,163.28,164.02,82950100,0.01050231050831183,173.73571428571427,180.68966666666665,208.97255555555554,4.359999999999985,5.539999999999992,166.63,175.79,170.83,0.026198983670144456,0.028191581752793834,-2.450000000000017,1
2024-04-04,171.11,177.19,168.01,170.07,123162000,0.01621332699845598,173.51857142857145,179.901,208.27144444444446,1.0400000000000205,9.180000000000007,168.38,175.22,172.63,0.026725704429798214,0.028390174733927572,-1.5199999999999818,1
2024-04-05,164.9,170.86,160.51,169.08,143157600,-0.03629244345742509,171.69428571428574,178.81733333333332,207.48755555555556,-4.180000000000007,10.350000000000023,171.11,166.63,177.67,0.025861809353838677,0.028788390406835312,-12.769999999999982,0
2024-04-08,172.98,174.5,167.79,169.34,104423300,0.04899939357186164,170.71571428571428,178.1843333333333,206.78644444444444,3.6399999999999864,6.710000000000008,164.9,168.38,179.83,0.03374345074345402,0.030134400847364406,-6.850000000000023,1
2024-04-09,176.88,179.22,171.92,172.91,102951700,0.022545959070412798,170.87142857142857,177.43366666666665,206.01044444444446,3.969999999999999,7.300000000000011,172.98,171.11,175.79,0.03415650399408927,0.029500591702753126,1.0900000000000034,1
2024-04-10,171.76,174.93,170.01,173.04,84532400,-0.02894617819990957,170.37714285714284,176.50133333333332,205.2062222222222,-1.2800000000000011,4.920000000000016,176.88,164.9,175.22,0.03606530087959104,0.029841027531975393,-3.460000000000008,0
2024-04-11,174.6,175.88,168.51,172.55,94516000,0.016534699580810455,171.5157142857143,175.58666666666667,204.4786666666667,2.049999999999983,7.3700000000000045,171.76,172.98,166.63,0.029888701959020346,0.029947355294750087,7.969999999999999,1
2024-04-12,171.05,173.81,170.36,172.34,64722700,-0.020332187857960957,171.89714285714285,174.55900000000003,203.72555555555556,-1.289999999999992,3.4499999999999886,174.6,176.88,168.38,0.0315274305888592,0.030077992731211357,2.670000000000016,0
2024-04-15,161.48,170.69,161.38,170.24,100245300,-0.0559485530546625,170.52142857142857,173.18699999999998,202.90222222222224,-8.76000000000002,9.310000000000002,171.05,171.76,171.11,0.03757958791887416,0.031419159368631544,-9.630000000000024,0
2024-04-16,157.11,158.19,153.75,156.74,97000000,-0.027062174882338225,169.4085714285714,172.15266666666668,201.99544444444444,0.37000000000000455,4.439999999999998,161.48,174.6,164.9,0.03655437160330759,0.029244576680608963,-7.789999999999992,0
2024-04-17,155.45,158.33,153.78,157.64,82439700,-0.01056584558589539,166.9042857142857,171.30966666666666,201.06300000000002,-2.1899999999999977,4.550000000000011,157.11,171.05,172.98,0.027290998493665532,0.0285632641872955,-17.53,0
2024-04-18,149.93,152.2,148.7,151.25,96098800,-0.03550981022836914,163.0542857142857,170.42266666666666,200.0328888888889,-1.3199999999999932,3.5,155.45,161.48,176.88,0.022429817441195272,0.028924721717306985,-26.94999999999999,0
2024-04-19,147.05,150.94,146.22,148.97,87074500,-0.019208964183285503,159.52428571428572,169.36933333333334,198.95744444444446,-1.9199999999999875,4.719999999999999,149.93,157.11,171.76,0.022309787344499028,0.02885341239903554,-24.70999999999998,0
2024-04-22,142.05,144.44,138.8,140.56,107097600,-0.03400204012240734,154.87428571428572,168.25966666666667,197.87199999999999,1.490000000000009,5.639999999999986,147.05,155.45,174.6,0.014765791034113723,0.02921987707268126,-32.54999999999998,0
2024-04-23,144.68,147.26,141.11,143.33,124545100,0.018514607532558923,151.10714285714286,167.1566666666667,196.84611111111113,1.3499999999999943,6.149999999999977,142.05,149.93,171.05,0.023348751473890976,0.029344279778272465,-26.370000000000005,1
2024-04-24,162.13,167.97,157.51,162.84,181178000,0.1206110035941387,151.20000000000002,166.643,195.98877777777776,-0.710000000000008,10.460000000000008,144.68,147.05,161.48,0.05552259612687415,0.037411105940009286,0.6500000000000057,1
2024-04-25,170.18,170.88,158.36,158.96,126427500,0.04965151421698644,153.06714285714287,166.6663333333333,195.09022222222222,11.219999999999999,12.519999999999982,162.13,142.05,157.11,0.056433894769723755,0.03766472204191245,13.069999999999993,1
2024-04-26,168.29,172.12,166.37,168.85,109815700,-0.011105887883417645,154.90142857142857,166.85933333333332,194.14344444444444,-0.5600000000000023,5.75,170.18,144.68,155.45,0.056471492873526034,0.036900988459871435,12.840000000000003,0
2024-04-29,194.05,198.87,184.54,188.42,243869700,0.15306910689880576,161.20428571428573,167.87533333333334,193.49866666666665,5.630000000000024,14.330000000000013,168.29,162.13,149.93,0.07237687681718297,0.0460997509790567,44.120000000000005,1
2024-04-30,183.28,190.95,182.84,186.98,127031800,-0.05550115949497557,166.38000000000002,168.19133333333332,192.67711111111115,-3.6999999999999886,8.109999999999985,194.05,170.18,147.05,0.07834907418807434,0.04620591870125131,36.22999999999999,0
2024-05-01,179.99,185.86,179.01,182.0,92829700,-0.017950676560453908,171.79999999999998,168.48033333333333,191.931,-2.009999999999991,6.850000000000023,183.28,168.29,142.05,0.07621724148630715,0.046257555430179884,37.94,0
2024-05-02,180.01,184.6,176.02,182.86,89148000,0.0001111172842934708,176.84714285714284,168.62533333333334,191.10333333333335,-2.8500000000000227,8.579999999999984,179.99,194.05,144.68,0.07726157303192059,0.04605956291075821,35.329999999999984,1
2024-05-03,181.19,184.78,178.42,182.1,75491500,0.006555191378256802,179.57,168.90433333333334,190.31055555555557,-0.9099999999999966,6.360000000000014,180.01,183.28,162.13,0.06737742727712619,0.045940697618630524,19.060000000000002,1
2024-05-06,184.76,187.56,182.2,183.8,84390300,0.019703074121088324,181.65285714285713,169.36866666666666,189.5122222222222,0.9599999999999795,5.360000000000014,181.19,179.99,170.18,0.06595609695187292,0.04596466175224228,14.579999999999984,1
2024-05-07,177.81,183.26,177.4,182.4,75045900,-0.03761636717904302,183.01285714285714,169.5413333333333,188.58300000000003,-4.590000000000003,5.859999999999985,184.76,180.01,168.29,0.06832661379845313,0.0465507904642718,9.52000000000001,0
2024-05-08,174.72,176.06,170.15,171.59,79969500,-0.017378100219335266,180.25142857142856,169.443,187.71122222222223,3.1299999999999955,5.909999999999997,177.81,181.19,194.05,0.02602005862304666,0.04638840922269916,-19.330000000000013,0
2024-05-09,171.97,175.62,171.37,175.01,65950300,-0.015739468864468864,178.6357142857143,169.18099999999998,186.86111111111111,-3.039999999999992,4.25,174.72,184.76,183.28,0.0189885930632521,0.046424891503448876,-11.310000000000002,0
2024-05-10,168.47,173.06,167.75,173.05,72627200,-0.020352387044251904,176.99,168.93699999999998,185.97277777777776,-4.5800000000000125,5.310000000000002,171.97,177.81,179.99,0.01919986085269578,0.04639199815384468,-11.52000000000001,0
2024-05-13,171.89,175.4,169.0,170.0,67018900,0.020300350210719936,175.82999999999998,168.82600000000002,185.2332222222222,1.8899999999999864,6.400000000000006,168.47,174.72,180.01,0.022132105709805477,0.0465415872882,-8.120000000000005,1
2024-05-14,177.55,179.49,174.07,174.5,86407400,0.032928035371458636,175.31,169.19000000000003,184.56233333333333,3.0500000000000114,5.420000000000016,171.89,171.97,181.19,0.026509197352546386,0.045944349166278875,-3.6399999999999864,1
2024-05-15,173.99,180.0,173.11,179.9,79663000,-0.020050689946493956,173.77142857142857,169.377,183.85677777777778,-5.909999999999997,6.889999999999986,177.55,168.47,184.76,0.02516039027815214,0.04611271882348116,-10.769999999999982,0
2024-05-16,174.84,175.79,171.43,174.1,59812200,0.004885338237829728,173.34714285714287,169.50133333333332,183.12777777777777,0.7400000000000091,4.359999999999985,173.99,171.89,177.81,0.02180326760729865,0.04603925367473189,-2.969999999999999,1
2024-05-17,177.46,179.63,172.75,173.55,77445800,0.01498512926103869,173.73857142857145,169.92000000000002,182.48888888888888,3.9099999999999966,6.8799999999999955,174.84,177.55,174.72,0.021477458344632723,0.045529346717400235,2.740000000000009,1
2024-05-20,174.95,177.75,173.52,177.56,61727400,-0.014144032458018816,174.16428571428574,169.98566666666667,181.83344444444444,-2.6100000000000136,4.22999999999999,177.46,173.99,171.97,0.021259966678350697,0.044802566265958875,2.9799999999999898,0
2024-05-21,186.6,186.88,174.71,175.51,115266500,0.06659045441554734,176.75428571428571,170.30966666666666,181.3821111111111,11.090000000000003,12.169999999999987,174.95,174.84,168.47,0.02941450975245701,0.04622198091587536,18.129999999999995,1
2024-05-22,180.11,183.8,178.12,182.85,88313500,-0.03478027867095381,177.92857142857142,170.58800000000002,180.95122222222224,-2.7399999999999807,5.680000000000007,186.6,177.46,171.89,0.03467860860828402,0.04637204042145841,8.220000000000027,0
2024-05-23,173.74,181.9,173.26,181.8,71975500,-0.03536727555382824,177.3842857142857,170.5593333333333,180.43822222222224,-8.060000000000002,8.640000000000015,180.11,174.95,177.55,0.035822775540335014,0.04679941162509729,-3.8100000000000023,0
2024-05-24,179.24,180.08,173.73,174.84,65584500,0.031656498215724645,178.1342857142857,170.8323333333333,180.03477777777778,4.400000000000006,6.350000000000023,173.74,186.6,173.99,0.03692775256950413,0.04695058124123645,5.25,1
2024-05-28,176.75,178.25,173.16,176.4,59736600,-0.013891988395447495,178.40714285714287,171.34133333333332,179.64444444444445,0.3499999999999943,5.090000000000003,179.24,180.11,174.84,0.037599154419092735,0.04575552521964356,1.9099999999999966,0
2024-05-29,176.19,178.15,173.93,174.19,54782600,-0.003168316831683181,178.22571428571428,171.97733333333335,179.24444444444444,2.0,4.219999999999999,176.75,173.74,177.46,0.03719013411950769,0.04540318632168427,-1.2700000000000102,0
2024-05-30,178.79,182.67,175.38,178.58,77618400,0.014756796639990888,178.77428571428572,172.75533333333334,178.911,0.20999999999997954,7.289999999999992,176.19,179.24,174.95,0.03701950375634982,0.045343511726520694,3.8400000000000034,1
2024-05-31,178.08,180.32,173.82,178.5,67314600,-0.003971139325465516,177.55714285714288,173.69366666666667,178.56588888888888,-0.4199999999999875,6.5,178.79,176.75,186.6,0.02453882377418972,0.04471837681440769,-8.519999999999982,0
2024-06-03,176.29,182.64,174.49,178.13,68568900,-0.010051662174303798,177.01142857142855,174.66833333333335,178.21544444444447,-1.8400000000000034,8.149999999999977,178.08,176.19,180.11,0.021343295425839216,0.0445666366471444,-3.8200000000000216,0
2024-06-04,174.77,177.76,174.0,174.78,60056300,-0.008622156673662612,177.1585714285714,175.759,178.1281111111111,-0.009999999999990905,3.759999999999991,176.29,178.79,173.74,0.016368881576218335,0.04399923810471598,1.0300000000000011,0
2024-06-05,175.0,176.15,172.13,175.35,57953800,0.0013160153344394904,176.55285714285714,176.76966666666664,178.03644444444444,-0.3499999999999943,4.02000000000001,174.77,178.08,179.24,0.00943295007067534,0.04396713257554674,-4.240000000000009,1
2024-06-06,177.94,179.73,172.73,174.6,69887000,0.01679999999999999,176.72285714285712,177.29666666666668,177.8921111111111,3.3400000000000034,7.0,175.0,176.29,176.75,0.010768790092801572,0.03848014124879421,1.1899999999999977,1
2024-06-07,177.48,179.35,175.58,176.13,56244900,-0.0025851410587839044,176.90714285714287,177.54,177.73533333333333,1.3499999999999943,3.769999999999982,177.94,174.77,176.19,0.010733288612042442,0.03750266025232741,1.289999999999992,0
2024-06-10,173.79,178.57,173.17,176.06,50774600,-0.02079107505070993,176.19285714285712,177.72333333333333,177.58533333333332,-2.2700000000000102,5.400000000000006,177.48,175.0,178.79,0.011567400612420986,0.03766113407702858,-5.0,0
2024-06-11,170.66,174.75,167.41,173.92,64761900,-0.018010242246389294,175.13285714285712,176.94366666666664,177.3831111111111,-3.259999999999991,7.340000000000003,173.79,177.94,178.08,0.012723589575475433,0.024663725128925347,-7.420000000000016,0
2024-06-12,177.29,180.55,169.8,171.12,90389400,0.03884917379585137,175.2757142857143,176.74400000000003,177.2651111111111,6.1699999999999875,10.75,170.66,177.48,176.29,0.020912432310768662,0.023870163553945917,1.0,1
2024-06-13,182.47,191.08,181.23,188.39,118984100,0.029217665971007993,176.3757142857143,176.82666666666668,177.28077777777779,-5.9199999999999875,9.850000000000023,177.29,173.79,174.77,0.02281647397316881,0.02425422840127447,7.699999999999989,1
2024-06-14,178.01,186.0,176.92,185.8,82038200,-0.02444237408889137,176.80571428571426,176.76000000000002,177.202,-7.7900000000000205,9.080000000000013,182.47,170.66,175.0,0.025671458152155647,0.024686526935282532,3.009999999999991,0
2024-06-17,187.44,188.81,177.0,177.92,109786100,0.05297455199146119,178.16285714285712,176.9683333333333,177.20044444444443,9.52000000000001,11.810000000000002,178.01,177.29,177.94,0.03187081782137854,0.02650459098369052,9.5,1
2024-06-18,184.86,187.2,182.37,186.56,68982300,-0.013764404609474947,179.21714285714285,176.9716666666667,177.14822222222222,-1.6999999999999886,4.829999999999984,187.44,182.47,177.48,0.032751003594683366,0.026414723595388732,7.380000000000024,0
2024-06-20,181.57,185.21,179.66,184.68,55893100,-0.017797251974467274,180.32857142857142,177.097,177.0148888888889,-3.1100000000000136,5.550000000000011,184.86,178.01,173.79,0.032355569474666175,0.025669740704542744,7.780000000000001,0
2024-06-21,183.01,183.95,180.69,182.3,61937300,0.007930825576912473,182.09285714285713,177.37333333333333,176.958,0.7099999999999795,3.259999999999991,181.57,187.44,170.66,0.030482617456772925,0.0254595476806079,12.349999999999994,1
2024-06-24,182.58,188.8,182.55,184.97,61992100,-0.002349598382601926,182.8485714285714,177.727,176.94199999999998,-2.3899999999999864,6.25,183.01,184.86,177.29,0.027951861399126483,0.02525702068698294,5.2900000000000205,0
2024-06-25,187.35,187.97,182.01,184.4,62905700,0.026125534012487576,183.54571428571427,178.35633333333334,176.9268888888889,2.9499999999999886,5.960000000000008,182.58,181.57,182.47,0.027517909821869364,0.025244977047196707,4.8799999999999955,1
2024-06-26,196.37,197.76,186.36,186.54,95737100,0.048145182812917055,186.1685714285714,179.17233333333334,176.88155555555556,9.830000000000013,11.399999999999977,187.35,183.01,178.01,0.028625416124338776,0.026357952717264183,18.360000000000014,1
2024-06-27,197.42,198.72,194.05,195.17,72746500,0.0053470489382287665,187.59428571428572,179.83466666666666,176.85344444444445,2.25,4.6699999999999875,196.37,182.58,187.44,0.023067718680283553,0.02581773815787856,9.97999999999999,1
2024-06-28,197.88,203.2,195.26,199.55,95438100,0.0023300577449093707,189.4542857142857,180.63099999999997,176.89922222222222,-1.670000000000016,7.939999999999998,197.42,187.35,184.86,0.021311330285188296,0.025423344280347385,13.019999999999982,1
2024-07-01,209.86,213.23,200.85,201.02,135691400,0.06054174247018404,193.49571428571429,181.79833333333332,177.06688888888888,8.840000000000003,12.379999999999995,197.88,196.37,181.57,0.024617427201753066,0.02739843065641552,28.29000000000002,1
2024-07-02,231.26,231.3,218.06,218.89,205047900,0.10197274373391774,200.38857142857142,183.59166666666667,177.443,12.370000000000005,13.240000000000009,209.86,197.42,183.01,0.0381438182037537,0.03246597785405656,48.25,1
2024-07-03,246.39,248.35,234.25,234.56,166561500,0.06542419787252442,209.50428571428571,185.97299999999998,178.0476666666667,11.829999999999984,14.099999999999994,231.26,197.88,182.58,0.03573063551736467,0.03370601999437379,63.809999999999974,1
2024-07-05,251.52,252.37,242.46,249.81,154501200,0.02082065018872529,218.67142857142855,188.13700000000003,178.6267777777778,1.710000000000008,9.909999999999997,246.39,209.86,187.35,0.03623233983153304,0.03215040690697405,64.17000000000002,1
2024-07-08,252.94,259.44,244.57,247.71,157219600,0.005645674300254403,226.75285714285715,190.56466666666665,179.218,5.22999999999999,14.870000000000005,251.52,231.26,196.37,0.038796538369584146,0.031014808669036165,56.56999999999999,1
2024-07-09,262.33,265.61,250.3,251.0,160210900,0.03712342848106265,236.02571428571426,193.51766666666666,179.88788888888888,11.329999999999984,15.310000000000002,252.94,246.39,197.42,0.03618679205192837,0.030018361443778514,64.91,1
2024-07-10,263.26,267.59,257.86,262.8,128519400,0.0035451530515000452,245.3657142857143,196.31833333333333,180.56988888888887,0.45999999999997954,9.729999999999961,262.33,251.52,197.88,0.03596714392648508,0.02989480721648869,65.38,1
2024-07-11,241.03,271.0,239.65,263.3,221707300,-0.08444123680012151,249.81857142857143,198.46099999999998,180.99644444444445,-22.27000000000001,31.349999999999994,263.26,252.94,209.86,0.05837666280397021,0.034525005711613925,31.169999999999987,0
2024-07-12,248.23,251.84,233.09,235.8,155955800,0.029871800190847564,252.2428571428571,200.86233333333334,181.6641111111111,12.429999999999978,18.75,241.03,262.33,231.26,0.047064052366103865,0.03458562829528337,16.97,1
2024-07-15,252.64,265.6,251.73,255.97,146912900,0.017765781734681532,253.1357142857143,203.32399999999998,182.463,-3.3300000000000125,13.870000000000033,248.23,263.26,246.39,0.04095309041066566,0.03459806842673614,6.25,1
2024-07-16,256.56,258.62,245.8,255.31,126332500,0.015516149461684675,253.85571428571424,205.94,183.3521111111111,1.25,12.819999999999993,252.64,241.03,251.52,0.04064507886048327,0.03446737503003127,5.039999999999992,1
2024-07-17,248.5,258.47,246.18,252.73,115584800,-0.031415653258497045,253.22142857142856,208.347,184.12822222222223,-4.22999999999999,12.29000000000002,256.56,248.23,252.94,0.04269268279651751,0.03516963387599398,-4.439999999999998,0
2024-07-18,249.23,257.14,247.2,251.09,110869000,0.002937625754527122,251.34999999999997,210.829,184.94922222222223,-1.8600000000000136,9.939999999999998,248.5,252.64,262.33,0.03933186317535911,0.034997657165309094,-13.099999999999994,1
2024-07-19,239.2,249.44,236.83,247.79,87403900,-0.040243951370220285,247.91285714285715,212.96900000000002,185.63177777777778,-8.590000000000003,12.609999999999985,249.23,256.56,263.26,0.040899842295329406,0.03625504275297872,-24.060000000000002,0
2024-07-22,251.51,253.21,243.75,244.21,101225400,0.051463210702341146,249.41,215.4213333333333,186.45366666666663,7.299999999999983,9.460000000000008,239.2,248.5,241.03,0.03268894340824166,0.03698786441971007,10.47999999999999,1
2024-07-23,246.38,255.76,245.63,253.6,111928200,-0.020396803308019545,249.14571428571426,217.718,187.30811111111112,-7.219999999999999,10.129999999999995,251.51,249.23,248.23,0.032231665063886104,0.0373752474866716,-1.8499999999999943,0
2024-07-24,215.99,225.99,214.71,225.42,167942900,-0.12334605081581292,243.91,219.12466666666666,187.90244444444443,-9.429999999999978,11.280000000000001,246.38,239.2,252.64,0.054940758670739345,0.04446385423472722,-36.64999999999998,0
2024-07-25,220.25,226.0,216.23,216.8,100636500,0.019723135330339325,238.72285714285712,220.77766666666668,188.5322222222222,3.4499999999999886,9.77000000000001,215.99,251.51,256.56,0.05542490041183478,0.044228625782845046,-36.31,1
2024-07-26,219.8,222.28,215.33,221.19,94604100,-0.0020431328036321847,234.62285714285716,222.19466666666665,189.04333333333335,-1.3899999999999864,6.949999999999989,220.25,246.38,248.5,0.05554447081271995,0.043922070933009524,-28.69999999999999,0
2024-07-29,232.1,234.27,224.7,224.9,129201800,0.055959963603275625,232.1757142857143,223.84900000000002,189.71866666666668,7.199999999999989,9.570000000000022,219.8,215.99,249.23,0.06181650742249574,0.044630272826131884,-17.129999999999995,1
2024-07-30,222.62,232.41,220.0,232.25,100560300,-0.040844463593278715,229.80714285714288,225.33599999999998,190.24044444444445,-9.629999999999995,12.409999999999997,232.1,220.25,239.2,0.06186844059976494,0.045151888203162543,-16.579999999999984,0
2024-07-31,232.07,234.68,226.79,227.9,67497000,0.04244901626089295,227.03,226.82366666666667,190.89877777777778,4.1699999999999875,7.890000000000015,222.62,219.8,251.51,0.060490870056634484,0.0448340306395847,-19.439999999999998,1
2024-08-01,216.86,231.87,214.33,227.69,83861900,-0.06554056965570725,222.81285714285715,227.89033333333333,191.41022222222222,-10.829999999999984,17.539999999999992,232.07,232.1,246.38,0.06410897652725359,0.04666519795279233,-29.519999999999982,0
2024-08-02,207.67,216.13,205.78,214.88,82880100,-0.042377570782993756,221.62428571428572,228.76033333333334,191.79955555555554,-7.210000000000008,10.349999999999994,216.86,222.62,215.99,0.046428795994413394,0.047316085268059783,-8.320000000000022,0
2024-08-05,198.88,203.88,182.0,185.22,100308800,-0.04232676843068326,218.57142857142858,229.2893333333333,192.03522222222222,13.659999999999997,21.879999999999995,207.67,232.07,220.25,0.04691671501075967,0.048113259866434346,-21.370000000000005,0
2024-08-06,200.64,202.9,192.67,200.75,73783900,0.008849557522123849,215.8342857142857,229.89133333333334,192.26644444444443,-0.11000000000001364,10.230000000000018,198.88,216.86,219.8,0.047537804876156886,0.04810644160166329,-19.160000000000025,1
2024-08-07,191.76,203.49,191.48,200.77,71159800,-0.04425837320574161,210.07142857142858,230.03833333333333,192.4438888888889,-9.01000000000002,12.01000000000002,200.64,207.67,232.1,0.03775166827814993,0.04871703303137465,-40.34,0
2024-08-08,198.84,200.7,192.04,195.7,65033900,0.036921151439299194,206.67428571428573,230.12066666666666,192.70633333333333,3.140000000000015,8.659999999999997,191.76,198.88,222.62,0.043725367749545385,0.048391966709754715,-23.78,1
2024-08-09,200.0,200.88,195.11,197.05,58648300,0.005833836250251441,202.09285714285713,230.20666666666665,193.0771111111111,2.9499999999999886,5.769999999999982,198.84,200.64,232.07,0.03741691591928016,0.04839335991286288,-32.06999999999999,1
2024-08-12,197.49,199.26,194.67,199.02,64044900,-0.012549999999999955,199.32571428571427,230.19366666666667,193.4005555555556,-1.5300000000000011,4.590000000000003,200.0,191.76,216.86,0.03168716096510359,0.0484616360255811,-19.370000000000005,0
2024-08-13,207.83,208.49,197.06,198.47,76247400,0.05235708137120868,199.34857142857143,230.126,193.80855555555556,9.360000000000014,11.430000000000007,197.49,198.84,207.67,0.036790662947409535,0.04813733244464324,0.160000000000025,1
2024-08-14,201.38,208.44,198.75,207.39,70250000,-0.031034980512919294,199.7057142857143,229.13,194.2138888888889,-6.009999999999991,9.689999999999998,207.83,200.0,198.88,0.034783007629272264,0.04448565373782185,2.5,0
2024-08-15,214.14,215.88,204.82,205.02,89848500,0.06336279670275097,201.6342857142857,228.055,194.6712222222222,9.119999999999976,11.060000000000002,201.38,197.49,200.64,0.04187302621331988,0.04437678748061665,13.5,1
2024-08-16,216.12,219.8,210.8,211.15,88765100,0.009246287475483414,205.1142857142857,226.875,195.1072222222222,4.969999999999999,9.0,214.14,207.83,191.76,0.034540027285974294,0.044206337973300154,24.360000000000014,1
2024-08-19,222.72,222.98,214.09,217.07,76435200,0.030538589672404193,208.5257142857143,225.86766666666665,195.67344444444444,5.650000000000006,8.889999999999986,216.12,201.38,198.84,0.03402956736100741,0.04462671210137012,23.879999999999995,1
2024-08-20,221.1,228.22,219.56,224.88,74001200,-0.007273706896551745,211.54,224.49333333333334,196.19011111111107,-3.780000000000001,8.659999999999997,222.72,214.14,200.0,0.03507940199181369,0.04397321352688528,21.099999999999994,0
2024-08-21,223.27,224.66,218.86,222.67,70146000,0.009814563545906901,215.22285714285712,223.1603333333333,196.77033333333333,0.6000000000000227,5.799999999999983,221.1,216.12,197.49,0.0331211944035251,0.044028735095699614,25.78,1
2024-08-22,210.66,224.8,210.32,223.82,79514500,-0.056478702915752285,215.62714285714284,222.14800000000002,197.31677777777776,-13.159999999999997,14.480000000000018,223.27,222.72,207.83,0.0393446319299031,0.04254951539219254,2.829999999999984,0
2024-08-23,220.32,221.48,214.21,214.46,81525200,0.04585588151523781,218.33285714285714,221.21766666666664,198.01911111111107,5.859999999999985,7.269999999999982,210.66,221.1,201.38,0.03912312115968789,0.04307966625376975,18.939999999999998,1
2024-08-26,213.21,219.09,211.01,218.75,59301200,-0.03227124183006529,218.2,219.90333333333334,198.66088888888888,-5.539999999999992,8.080000000000013,220.32,223.27,214.14,0.03535846060961824,0.043214332985358817,-0.9299999999999784,0
2024-08-27,209.21,215.66,206.94,213.25,62821400,-0.01876084611415975,217.21285714285713,218.325,199.31955555555558,-4.039999999999992,8.719999999999999,213.21,210.66,216.12,0.035709931076958475,0.04311389086129831,-6.909999999999997,0
2024-08-28,205.75,211.84,202.59,209.72,64116400,-0.016538406385928052,214.78857142857143,216.9,199.97177777777776,-3.969999999999999,9.25,209.21,220.32,222.72,0.032380925441958266,0.04289483084335654,-16.97,0
2024-08-29,206.28,214.89,205.97,209.8,62308800,0.002575941676792229,212.67142857142858,215.46833333333333,200.68544444444444,-3.5200000000000102,8.919999999999987,205.75,213.21,221.1,0.03277172391199928,0.04289246735879109,-14.819999999999993,1
2024-08-30,214.11,214.57,207.03,208.63,63370600,0.037958115183246134,211.36285714285714,214.632,201.45688888888887,5.480000000000018,7.539999999999992,206.28,209.21,223.27,0.036978322913128345,0.04307637673676949,-9.159999999999997,1
2024-09-03,210.6,219.9,209.64,215.26,76714200,-0.016393442622950907,211.3542857142857,213.26833333333335,201.99544444444444,-4.659999999999997,10.26000000000002,214.11,205.75,210.66,0.03023530307727125,0.04189575677760885,-0.060000000000002274,0
2024-09-04,219.41,222.22,210.57,210.59,80651800,0.04183285849952518,211.22428571428574,212.36933333333334,202.54244444444444,8.819999999999993,11.650000000000006,210.6,206.28,220.32,0.029248202004636664,0.0426427230180462,-0.9099999999999966,1
2024-09-05,230.17,235.0,222.25,223.49,119355000,0.04904060890570161,213.64714285714285,212.842,203.23000000000002,6.679999999999978,12.75,219.41,214.11,213.21,0.030520150198593315,0.037117649569831296,16.95999999999998,1
2024-09-06,210.73,233.6,210.51,232.6,112177000,-0.08445931268193074,213.8642857142857,212.5246666666667,203.41533333333334,-21.870000000000005,23.090000000000003,230.17,210.6,209.21,0.04699290232373185,0.04022234911307516,1.5199999999999818,0
2024-09-09,216.27,219.87,213.67,216.2,67443500,0.02628956484601158,215.36714285714285,212.407,203.7818888888889,0.0700000000000216,6.200000000000017,210.73,219.41,205.75,0.04696465666097555,0.04052088358739841,10.52000000000001,1
2024-09-10,226.17,226.4,218.64,220.07,78891100,0.04577611319184342,218.20857142857145,212.20933333333332,204.295,6.099999999999994,7.760000000000019,216.27,230.17,206.28,0.04891260711153516,0.04007840439130124,19.889999999999986,1
2024-09-11,228.13,228.47,216.8,224.55,83548600,0.008666047663262184,220.21142857142857,212.393,204.82966666666664,3.579999999999984,11.669999999999987,226.17,210.73,214.11,0.04779060984520449,0.03935477003930872,14.019999999999982,1
2024-09-12,229.81,231.45,223.83,224.66,71894900,0.00736422215403501,222.9557142857143,212.3176666666667,205.3698888888889,5.150000000000006,7.619999999999976,228.13,216.27,210.6,0.04641883237683107,0.03861239616937161,19.210000000000008,1
2024-09-13,230.29,232.67,226.32,228.0,59515100,0.0020886819546581514,224.51,212.76533333333333,205.8757777777778,2.289999999999992,6.349999999999994,229.81,226.17,219.41,0.04477754821047208,0.0365488552276088,10.879999999999995,1
2024-09-16,226.78,229.96,223.53,229.3,54323000,-0.015241651830300885,224.0257142857143,213.40233333333333,206.4198888888889,-2.5200000000000102,6.430000000000007,230.29,228.13,230.17,0.04137840563627202,0.03572237819279866,-3.3899999999999864,0
2024-09-17,227.87,234.57,226.55,229.45,66761600,0.004806420319252154,226.47428571428574,214.36866666666668,207.01044444444443,-1.579999999999984,8.019999999999982,226.78,229.81,210.73,0.019438499088527454,0.03465520631465228,17.140000000000015,1
2024-09-18,227.2,235.68,226.88,230.09,78010200,-0.002940272962654215,228.03571428571428,215.254,207.62411111111112,-2.890000000000015,8.800000000000011,227.87,230.29,216.27,0.0188352435610901,0.034678419779621585,10.929999999999978,0
2024-09-19,243.92,244.24,232.13,234.0,102694600,0.07359154929577465,230.57142857142858,216.99266666666665,208.46244444444443,9.919999999999987,12.110000000000014,227.2,226.78,226.17,0.028684610202021562,0.035599544748299405,17.75,1
2024-09-20,238.25,243.99,235.92,241.52,99879100,-0.02324532633650372,232.01714285714283,218.30633333333333,209.19977777777777,-3.2700000000000102,8.070000000000022,243.92,227.87,228.13,0.03154581735156659,0.03564760634015461,10.120000000000005,0
2024-09-23,250.0,250.0,241.92,242.61,86927200,0.04931794333683106,234.90142857142857,219.97299999999998,210.00477777777775,7.389999999999986,8.080000000000013,238.25,227.2,229.81,0.03545171534934635,0.03648701199783055,20.189999999999998,1
2024-09-24,254.27,257.19,249.05,254.08,88491000,0.01708000000000004,238.32714285714286,221.86566666666667,210.89677777777777,0.18999999999999773,8.139999999999986,250.0,243.92,230.29,0.035160731068990266,0.03630907987587055,23.980000000000018,1
2024-09-25,257.02,257.05,252.28,252.54,65034300,0.010815275101270191,242.64714285714285,223.50533333333334,211.80988888888888,4.47999999999999,4.77000000000001,254.27,238.25,226.78,0.032750996781809476,0.035382718126588705,30.23999999999998,1
2024-09-26,254.22,261.75,251.53,260.6,67142200,-0.010894093844836913,246.41142857142856,225.26666666666668,212.6627777777778,-6.380000000000024,10.219999999999999,257.02,250.0,227.87,0.034343161394966217,0.03480857517029613,26.349999999999994,0
2024-09-27,260.46,260.7,254.12,257.38,70988100,0.024545669105499098,251.16285714285712,226.81066666666666,213.61288888888888,3.079999999999984,6.579999999999984,254.22,254.27,227.2,0.0333405119241484,0.033386858659828676,33.25999999999999,1
2024-09-30,261.63,264.86,255.77,259.04,80705700,0.004492052522460324,253.69285714285712,228.32766666666666,214.4465555555556,2.589999999999975,9.090000000000003,260.46,257.02,243.92,0.023733884591442305,0.03338755511353219,17.710000000000008,1
2024-10-01,258.02,263.98,248.53,262.67,87397600,-0.013798111837327575,256.51714285714286,229.50433333333334,215.31222222222226,-4.650000000000034,15.450000000000017,261.63,254.22,238.25,0.021688832253506513,0.03328769967280582,19.769999999999982,0
2024-10-02,249.02,251.16,241.5,247.55,93983900,-0.034881016975428156,256.3771428571428,230.435,216.14866666666668,1.4699999999999989,9.659999999999997,258.02,260.46,250.0,0.02064026676131022,0.034025124852433565,-0.9799999999999898,0
2024-10-03,240.66,249.79,237.81,244.48,80729200,-0.03357160067464466,254.43285714285713,231.01466666666667,216.83111111111114,-3.819999999999993,11.97999999999999,249.02,261.63,254.27,0.02231116500146569,0.03470811297424311,-13.610000000000014,0
2024-10-04,250.08,250.96,244.58,246.69,86573200,0.03914235851408633,253.44142857142856,232.32866666666666,217.6458888888889,3.390000000000015,6.3799999999999955,240.66,258.02,257.02,0.028043316102987364,0.033415871752467116,-6.939999999999969,1
2024-10-07,240.83,249.83,240.7,249.0,68113300,-0.03698816378758797,251.5285714285714,233.01233333333332,218.36411111111113,-8.169999999999987,9.130000000000024,250.08,249.02,254.22,0.030780441818952127,0.03345519122606113,-13.389999999999986,0
2024-10-08,244.5,246.21,240.56,243.56,56303200,0.015238965245193652,249.2485714285714,234.05533333333332,219.09422222222221,0.9399999999999977,5.650000000000006,240.83,240.66,260.46,0.029343391900688836,0.03282133397440111,-15.95999999999998,1
2024-10-09,241.05,247.43,239.51,243.82,66289500,-0.014110429447852714,246.30857142857144,235.11666666666667,219.7938888888889,-2.769999999999982,7.920000000000016,244.5,250.08,261.63,0.028794834933209317,0.0327155802562939,-20.579999999999984,0
2024-10-10,238.77,242.79,232.34,241.81,83087100,-0.00945861854387057,243.55857142857144,236.21733333333333,220.48811111111112,-3.039999999999992,10.449999999999989,241.05,240.83,258.02,0.02877832344550404,0.03257822204556942,-19.24999999999997,0
2024-10-11,217.8,223.34,214.38,220.13,142628900,-0.08782510365623822,239.09857142857143,236.60133333333334,220.9662222222222,-2.329999999999984,8.960000000000008,238.77,244.5,249.02,0.04069475564737234,0.03676829672607688,-31.22,0
2024-10-14,219.16,221.91,213.74,220.13,86291900,0.006244260789715267,236.02714285714288,236.76966666666664,221.45688888888887,-0.9699999999999989,8.169999999999987,217.8,241.05,240.66,0.040973784653894146,0.03616386523049597,-21.5,1
2024-10-15,219.57,224.26,217.12,220.01,62988800,0.0018707793392954764,231.66857142857143,237.06866666666667,221.91944444444445,-0.4399999999999977,7.139999999999986,219.16,238.77,250.08,0.03514613634811486,0.03600708031528072,-30.51000000000002,1
2024-10-16,221.33,222.82,218.93,221.4,49632800,0.008015666985471692,228.88285714285712,237.1326666666667,222.4066666666667,-0.06999999999999318,3.8899999999999864,219.57,217.8,240.83,0.035180346731337096,0.03523907362792249,-19.5,1
2024-10-17,220.89,222.08,217.9,221.59,50791800,-0.001987981746713171,225.51,236.82333333333332,222.93,-0.700000000000017,4.180000000000007,221.33,219.16,244.5,0.0335693116932128,0.03404657476318612,-23.610000000000014,0
2024-10-18,220.7,222.28,219.23,220.71,49611900,-0.0008601566390511011,222.60285714285715,237.15566666666666,223.48600000000002,-0.010000000000019327,3.0500000000000114,220.89,219.57,241.05,0.03392668585769726,0.03016299598069444,-20.350000000000023,0
2024-10-21,218.85,220.48,215.73,218.9,47329000,-0.00838241957408244,219.75714285714284,237.24166666666667,223.94777777777776,-0.05000000000001137,4.75,220.7,221.33,238.77,0.03394255746866861,0.029862366670980977,-19.920000000000016,0
2024-10-22,217.97,218.22,215.26,217.31,43268700,-0.004021018962759861,219.78142857142856,236.96833333333333,224.34222222222226,0.6599999999999966,2.960000000000008,218.85,220.89,217.8,0.00574103079692137,0.02863666090414873,0.1699999999999875,0
2024-10-23,213.65,218.72,212.11,217.13,80938900,-0.019819241179978866,218.99428571428572,236.48566666666665,224.73822222222222,-3.4799999999999898,6.609999999999985,217.97,220.7,219.16,0.008766137824039897,0.028782784528869638,-5.509999999999991,0
2024-10-24,260.48,262.12,242.65,244.68,204491900,0.2191902644512053,224.8385714285714,237.50799999999998,225.54977777777776,15.800000000000011,19.47,213.65,218.85,219.57,0.0849694557933856,0.049575347591197035,40.910000000000025,1
2024-10-25,269.19,269.49,255.32,256.01,161611900,0.03343826781326773,231.6757142857143,238.80466666666663,226.4867777777778,13.180000000000007,14.170000000000016,260.48,217.97,221.33,0.08454268634317787,0.04983547086963751,47.859999999999985,1
2024-10-28,262.51,273.54,262.24,270.0,107653600,-0.024815186299639684,237.62142857142857,239.99566666666666,227.38611111111112,-7.490000000000009,11.300000000000011,269.19,213.65,220.89,0.08644952306589693,0.050008687278991576,41.620000000000005,0
2024-10-29,259.52,264.98,255.51,264.51,80521800,-0.011390042284103497,243.16714285714284,241.05066666666664,228.2362222222222,-4.990000000000009,9.470000000000027,262.51,260.48,220.7,0.08712072842160798,0.050109413390420667,38.81999999999999,0
2024-10-30,257.55,263.35,255.82,258.04,53993600,-0.007590937114673129,248.69571428571427,242.06233333333333,229.0692222222222,-0.4900000000000091,7.53000000000003,259.52,269.19,218.85,0.08706869038132285,0.05014350016291358,38.70000000000002,0
2024-10-31,249.85,259.75,249.25,257.99,66575300,-0.029897107357794668,253.25,242.26000000000002,229.76366666666667,-8.140000000000015,10.5,257.55,262.51,217.97,0.08910240747749527,0.048826654033801056,31.879999999999995,0
2024-11-01,248.98,254.0,246.63,252.04,57544800,-0.0034820892535521496,258.29714285714283,242.61766666666665,230.34822222222223,-3.0600000000000023,7.3700000000000045,249.85,259.52,213.65,0.0880093866052221,0.04860906357013386,35.329999999999984,0
2024-11-04,242.84,248.9,238.88,244.56,68802400,-0.02466061531046665,255.77714285714282,242.379,230.8528888888889,-1.7199999999999989,10.02000000000001,248.98,257.55,260.48,0.021474999333545217,0.04802613915877211,-17.640000000000015,0
2024-11-05,251.44,255.28,246.21,247.34,69282500,0.035414264536320184,253.24142857142857,242.28466666666665,231.448,4.099999999999994,9.069999999999993,242.84,249.85,269.19,0.022140323283276038,0.04836571385872344,-17.75,1
2024-11-06,288.53,289.59,275.62,284.67,165228700,0.14751034043907085,256.9585714285714,243.335,232.3221111111111,3.859999999999957,13.96999999999997,251.44,248.98,262.51,0.062065426330303645,0.05529715428454118,26.019999999999982,1
2024-11-07,296.91,299.75,285.52,288.89,117309200,0.029043773611063157,262.3,244.75799999999998,233.05155555555555,8.020000000000039,14.230000000000018,288.53,242.84,259.52,0.06105939537982768,0.05537646695665307,37.39000000000004,1
2024-11-08,321.22,328.71,297.66,299.14,204782800,0.08187666296184029,271.3957142857143,246.78333333333333,233.883,22.08000000000004,31.049999999999955,296.91,251.44,257.55,0.06341853508501437,0.056984671871215885,63.670000000000016,1
2024-11-11,350.0,358.64,336.0,346.3,210521600,0.08959591557188211,285.70285714285717,249.72899999999998,234.97722222222222,3.6999999999999886,22.639999999999986,321.22,288.53,249.85,0.059406316871742484,0.05886730256975825,100.15,1
2024-11-12,328.49,345.84,323.31,342.74,155726000,-0.06145714285714283,297.06142857142856,252.078,235.81666666666666,-14.25,22.529999999999973,350.0,296.91,248.98,0.07111566571294313,0.06019609516348782,79.51000000000002,0
2024-11-13,330.24,344.6,322.5,335.85,125405600,0.005327407227008432,309.54714285714283,254.7853333333333,236.57122222222222,-5.610000000000014,22.100000000000023,328.49,321.22,242.84,0.06719241885655497,0.0596137748822559,87.4,1
2024-11-14,311.18,329.98,310.37,327.69,120726100,-0.057715600775193804,318.0814285714286,257.136,237.10366666666664,-16.50999999999999,19.610000000000014,330.24,350.0,251.44,0.07814099887054274,0.060394849808478666,59.74000000000001,0
2024-11-15,320.72,324.68,309.22,310.57,114440300,0.03065749726846205,322.68,259.4906666666667,237.98911111111113,10.150000000000034,15.45999999999998,311.18,328.49,288.53,0.060117277926366196,0.060274620518681266,32.190000000000055,1
2024-11-18,338.74,348.55,330.01,340.73,126085600,0.056186081317036604,328.6557142857143,262.75433333333336,238.99477777777776,-1.990000000000009,18.54000000000002,320.72,330.24,296.91,0.06189068030961482,0.06017222353389603,41.829999999999984,1
2024-11-19,346.0,347.38,332.75,335.76,88852500,0.021432367007144095,332.19571428571425,266.1376666666667,240.0321111111111,10.240000000000009,14.629999999999995,338.74,311.18,321.22,0.0558440505175807,0.06019053917436538,24.779999999999973,1
2024-11-20,342.03,346.6,334.3,345.0,66340700,-0.011473988439306438,331.0571428571429,269.5036666666667,240.98177777777778,-2.9700000000000273,12.300000000000011,346.0,320.72,350.0,0.044314617989250786,0.06015108395546185,-7.970000000000027,0
2024-11-21,339.64,347.99,335.28,343.81,58011700,-0.006987691138204212,332.65000000000003,272.86600000000004,241.99444444444444,-4.170000000000016,12.710000000000036,342.03,338.74,328.49,0.036276610347039585,0.060120437285211575,11.149999999999977,0
2024-11-22,352.56,361.53,337.7,341.09,89140700,0.03804027794134971,335.8385714285714,277.358,243.14255555555553,11.470000000000027,23.829999999999984,339.64,346.0,330.24,0.03832309174068926,0.05712660907651681,22.319999999999993,1
2024-11-25,338.59,361.93,338.2,360.14,95890900,-0.03962446108463815,339.75428571428574,281.339,244.24688888888886,-21.55000000000001,23.730000000000018,352.56,342.03,311.18,0.033270775240585956,0.05804860405520928,27.409999999999968,0
2024-11-26,338.23,346.96,335.66,341.0,62295900,-0.0010632328184528687,342.2557142857143,285.2943333333333,245.21044444444448,-2.769999999999982,11.299999999999955,338.59,339.64,320.72,0.03255458684045953,0.058075894551611947,17.50999999999999,0
2024-11-27,332.89,342.55,326.59,341.8,57896400,-0.015788073204624165,341.42,289.01300000000003,246.17166666666668,-8.910000000000025,15.960000000000036,338.23,352.56,338.74,0.02540739802952573,0.058350934255379586,-5.850000000000023,0
2024-11-29,345.16,345.45,334.65,336.08,37167600,0.036859022499925016,341.3,293.1553333333333,247.60688888888893,9.080000000000041,10.800000000000011,332.89,338.59,346.0,0.028303774635095404,0.05838684754626098,-0.839999999999975,1
2024-12-02,357.09,360.0,351.15,352.38,77986500,0.03456368061188999,343.45142857142855,297.7016666666667,249.12733333333335,4.7099999999999795,8.850000000000023,345.16,338.23,342.03,0.03046128232017256,0.058381476041736505,15.060000000000002,1
2024-12-03,351.42,355.69,348.2,351.8,58267200,-0.015878349995799266,345.13428571428574,302.1206666666667,250.58977777777775,-0.37999999999999545,7.490000000000009,357.09,332.89,339.64,0.03129480246578022,0.058512842418284805,11.78000000000003,0
2024-12-04,357.93,358.1,348.6,353.0,50810900,0.018524842069318738,345.90142857142854,306.78600000000006,251.98788888888888,4.930000000000007,9.5,351.42,345.16,352.56,0.028649609007807508,0.058372194430821006,5.3700000000000045,1
2024-12-05,369.49,375.43,359.5,359.87,81403600,0.032296817813538964,350.3157142857143,311.98066666666665,253.6197777777778,9.620000000000005,15.930000000000007,357.93,357.09,338.59,0.02344251107121036,0.05797583982850793,30.900000000000034,1
2024-12-06,389.22,389.49,370.8,377.42,81455800,0.053397926872175205,357.59999999999997,316.272,255.3658888888889,11.800000000000011,18.689999999999998,369.49,351.42,338.23,0.026866710308552522,0.04471231008996061,50.99000000000001,1
2024-12-09,389.79,404.8,378.01,397.61,96359200,0.001464467396331106,365.7285714285714,320.29200000000003,257.2873333333333,-7.819999999999993,26.79000000000002,389.22,357.93,332.89,0.02356402923283558,0.04462412000863348,56.900000000000034,1
2024-12-10,400.99,409.73,390.85,392.68,97563600,0.028733420559788572,373.70428571428573,324.9080000000001,259.43533333333335,8.310000000000002,18.879999999999995,389.79,369.49,345.16,0.022961847044724346,0.04411310397640954,55.829999999999984,1
2024-12-11,424.77,424.88,402.38,409.7,104287600,0.05930322451931463,383.3728571428572,330.41633333333334,261.94522222222224,15.069999999999993,22.5,400.99,389.22,357.09,0.02682060703479338,0.04453372070466072,67.68,1
2024-12-12,418.1,429.3,415.0,424.84,87752200,-0.015702615533111943,392.8985714285714,335.768,264.36144444444443,-6.739999999999952,14.300000000000011,424.77,389.79,351.42,0.02677556739961264,0.04471548746205145,66.68,0
2024-12-13,436.23,436.3,415.71,420.0,89000200,0.043362831858407065,404.0842857142857,341.98066666666665,267.0777777777778,16.230000000000018,20.590000000000032,418.1,400.99,357.93,0.02734746086696277,0.04404926627463927,78.30000000000001,1
2024-12-16,463.02,463.19,436.15,441.09,114083800,0.06141255759576362,417.44571428571425,349.1153333333333,270.01311111111113,21.930000000000007,27.04000000000002,436.23,424.77,369.49,0.03001971605808202,0.044465145868308596,93.52999999999997,1
2024-12-17,479.86,483.99,457.51,475.9,131223000,0.03636991922595143,430.39428571428573,357.01599999999996,273.1226666666667,3.9600000000000364,26.480000000000018,463.02,418.1,389.22,0.028768290405624085,0.04365389414535055,90.63999999999999,1
2024-12-18,440.13,488.54,427.01,466.5,149340800,-0.08279498186971203,437.58571428571435,363.3056666666667,275.8186666666667,-26.370000000000005,61.53000000000003,479.86,436.23,389.79,0.05160571661434119,0.047720192439098925,50.339999999999975,0
2024-12-19,436.17,456.36,420.02,451.88,118566100,-0.008997341694499306,442.6114285714285,368.227,278.3557777777778,-15.70999999999998,36.34000000000003,440.13,463.02,400.99,0.05234449275371736,0.04143061887948206,35.18000000000001,0
2024-12-20,421.06,447.08,417.64,425.51,132216200,-0.03464245592314926,442.0814285714286,372.36533333333335,280.7966666666667,-4.449999999999989,29.439999999999998,436.17,479.86,424.77,0.05059166746944508,0.04229289408195704,-3.7099999999999795,0
2024-12-23,430.6,434.51,415.41,431.0,72698100,0.022657103500688787,443.8671428571429,376.0113333333333,283.20177777777775,-0.39999999999997726,19.099999999999966,421.06,440.13,418.1,0.050702624150566034,0.040280962397256787,12.5,1
2024-12-24,462.28,462.78,435.14,435.9,59551800,0.07357176033441697,447.5885714285714,379.754,285.93688888888886,26.379999999999995,27.639999999999986,430.6,436.17,436.23,0.05553394189458399,0.03929144607485893,26.049999999999955,1
2024-12-26,454.13,465.33,451.02,465.16,76366400,-0.017630007787488054,446.31857142857143,383.94199999999995,288.50811111111113,-11.03000000000003,14.310000000000002,462.28,421.06,463.02,0.051115907614934945,0.03730491066870032,-8.889999999999986,0
2024-12-27,431.66,450.0,426.5,449.52,82666800,-0.049479224010745754,439.43285714285713,387.3226666666667,290.84766666666667,-17.859999999999957,23.5,454.13,430.6,479.86,0.05077454881121973,0.03892584673362678,-48.19999999999999,0
2024-12-30,417.41,427.0,415.75,419.4,64941000,-0.03301209285085484,436.1871428571429,390.8636666666667,293.0047777777778,-1.9899999999999523,11.25,431.66,462.28,440.13,0.042295093992795456,0.037692243077065125,-22.71999999999997,0
2024-12-31,403.84,427.93,402.54,423.79,76825100,-0.03251000215615354,431.5685714285715,393.63433333333336,295.1512222222222,-19.950000000000045,25.389999999999986,417.41,454.13,436.17,0.0434183197717089,0.03828846007700669,-32.33000000000004,0
2025-01-02,379.28,392.73,373.04,390.1,109710700,-0.06081616481774961,425.59999999999997,394.98566666666665,296.9174444444444,-10.82000000000005,19.689999999999998,403.84,431.66,421.06,0.046869063464687985,0.039203204238512625,-41.78000000000003,0
2025-01-03,410.44,411.88,379.45,381.48,95423300,0.08215566336215996,422.71999999999997,397.13366666666667,299.1088888888889,28.95999999999998,32.43000000000001,379.28,417.41,430.6,0.05854259773284901,0.04160083108293786,-20.160000000000025,1
2025-01-06,411.05,426.43,401.7,423.2,85516500,0.0014862099210603587,415.40142857142865,399.4343333333333,301.35155555555554,-12.149999999999977,24.730000000000018,410.44,403.84,462.28,0.04766831469470231,0.041474373430101484,-51.22999999999996,1
2025-01-07,394.36,414.33,390.0,405.83,75699500,-0.04060333292786765,406.86285714285714,401.2583333333333,303.4472222222222,-11.46999999999997,24.329999999999984,411.05,379.28,454.13,0.04860604160079334,0.04231031156605108,-59.76999999999998,0
2025-01-08,394.94,402.5,387.4,392.95,73038800,0.0014707373973019172,401.6171428571429,402.67100000000005,305.54344444444445,1.990000000000009,15.100000000000023,394.36,410.44,431.66,0.04706607248057692,0.04187562924998168,-36.72000000000003,1
2025-01-10,394.74,399.28,377.29,391.4,62287300,-0.0005064060363599247,398.37857142857143,404.54266666666666,307.55044444444445,3.340000000000032,21.989999999999952,394.94,411.05,417.41,0.04620746166501978,0.04105081353945596,-22.670000000000016,0
2025-01-13,403.31,403.79,380.07,383.21,67580500,0.021710492982722786,398.3028571428572,406.71200000000005,309.69166666666666,20.100000000000023,23.720000000000027,394.74,394.36,403.84,0.04576996345960489,0.04112733615813375,-0.5299999999999727,1
2025-01-14,396.36,422.64,394.54,414.34,84565000,-0.01723240187448858,400.74285714285713,408.8276666666667,311.65777777777777,-17.97999999999996,28.099999999999966,403.31,394.94,379.28,0.03837390870878375,0.04115540377217944,17.08000000000004,0
2025-01-15,428.22,429.8,405.66,409.9,81375500,0.08038147138964581,403.28285714285715,411.5963333333333,313.85833333333335,18.32000000000005,24.139999999999986,396.36,394.74,410.44,0.037795711925387505,0.042983458253038245,17.78000000000003,1
2025-01-16,413.82,424.0,409.13,423.49,68335200,-0.033627574611181245,403.6785714285715,413.4873333333333,316.1148888888889,-9.670000000000016,14.870000000000005,428.22,403.31,411.05,0.040808794882350216,0.04333744016017371,2.769999999999982,0
2025-01-17,426.5,439.74,419.75,421.5,94991400,0.030641341646126353,408.27000000000004,415.98999999999995,318.4507777777778,5.0,19.99000000000001,413.82,396.36,394.36,0.03724090574512059,0.043366201656626864,32.139999999999986,1
2025-01-21,424.07,433.2,406.31,432.64,87320900,-0.005697538100820649,412.43142857142857,418.19466666666665,320.6496666666667,-8.569999999999993,26.889999999999986,426.5,428.22,394.94,0.03766945422567761,0.04337702819357047,29.129999999999995,0
2025-01-22,415.11,428.0,414.59,416.81,60963300,-0.021128587261536963,415.34142857142854,419.7153333333333,322.7272222222222,-1.6999999999999886,13.410000000000025,424.07,413.82,394.74,0.039465558612502984,0.04338117263968601,20.370000000000005,0
2025-01-23,412.38,420.73,408.95,416.06,50690600,-0.006576570065765744,416.63714285714286,420.48733333333337,324.7557777777778,-3.680000000000007,11.78000000000003,415.11,426.5,403.31,0.03925912184239921,0.042435582799386924,9.069999999999993,0
2025-01-24,406.58,418.88,405.78,414.45,56427100,-0.014064697609001434,418.0971428571429,421.04699999999997,326.71455555555553,-7.8700000000000045,13.100000000000023,412.38,424.07,396.36,0.038993330548081004,0.042546904499700326,10.21999999999997,0
2025-01-27,397.15,406.69,389.0,394.8,58125500,-0.02319346746027844,413.65857142857146,420.919,328.60755555555556,2.349999999999966,17.689999999999998,406.58,415.11,428.22,0.02062662762886497,0.042489591148262305,-31.07000000000005,0
2025-01-28,398.09,400.59,386.5,396.91,48910700,0.002366863905325438,411.41142857142853,420.0296666666667,330.4988888888889,1.17999999999995,14.089999999999975,397.15,412.38,413.82,0.018256711794422543,0.04102067068068698,-15.730000000000018,1
2025-01-29,389.1,398.59,384.48,395.21,68033600,-0.022582833027707184,406.0685714285714,419.06300000000005,332.29777777777775,-6.109999999999957,14.109999999999957,398.09,406.58,426.5,0.00994710779141306,0.04112276240112516,-37.39999999999998,0
2025-01-30,400.28,412.5,384.41,410.78,98092900,0.028732973528655743,402.67,417.86466666666666,334.0351111111111,-10.5,28.089999999999975,389.1,397.15,424.07,0.01875909441805107,0.04065546737504325,-23.79000000000002,1
2025-01-31,404.6,419.99,401.34,401.53,83283600,0.010792445288298317,401.1685714285714,415.9173333333334,335.8834444444445,3.07000000000005,18.650000000000034,400.28,398.09,415.11,0.018932880884310745,0.03894426068634522,-10.509999999999991,1
2025-02-03,383.68,389.17,374.36,386.68,93732100,-0.051705388037568,397.06857142857143,412.71133333333336,337.3687777777778,-3.0,14.810000000000002,404.6,389.1,412.38,0.026374696455985877,0.03913417449050006,-28.69999999999999,0
2025-02-04,392.21,394.0,381.4,382.63,57072200,0.0222320683903252,395.01571428571424,411.114,338.90144444444445,9.579999999999984,12.600000000000023,383.68,400.28,406.58,0.028880030972789312,0.036714551964484594,-14.370000000000005,1
2025-02-05,378.17,388.39,375.53,387.51,57223300,-0.035797149486244524,392.30428571428564,409.1806666666667,340.2475555555556,-9.339999999999975,12.860000000000014,392.21,404.6,397.15,0.03056419841459905,0.037183682160746793,-18.97999999999996,0
2025-02-06,374.32,375.4,363.18,373.03,77918200,-0.010180606605494942,388.90857142857146,407.6226666666666,341.582,1.2900000000000205,12.21999999999997,378.17,383.68,398.09,0.030319968389921705,0.0367562826709358,-23.769999999999982,0
2025-02-07,361.62,380.55,360.34,370.19,70298300,-0.03392818978414188,384.98285714285714,405.3233333333334,342.706,-8.569999999999993,20.210000000000036,374.32,392.21,389.1,0.031487816158761756,0.03683163735043177,-27.480000000000018,0
2025-02-10,350.73,362.7,350.51,356.21,77514900,-0.030114484818317532,377.9042857142857,401.60499999999996,343.69599999999997,-5.479999999999961,12.189999999999998,361.62,378.17,400.28,0.0269597984504802,0.03394045150856591,-49.549999999999955,0
2025-02-11,328.5,349.37,325.1,345.8,118543400,-0.06338208878624588,367.03285714285715,397.4173333333334,344.4791111111111,-17.30000000000001,24.269999999999982,350.73,374.32,404.6,0.028131492567205492,0.03535785728831252,-76.10000000000002,0
2025-02-12,336.51,346.4,329.12,329.94,105382700,0.024383561643835587,360.2942857142857,394.24566666666664,345.4512222222222,6.569999999999993,17.279999999999973,328.5,361.62,383.68,0.032282039810244516,0.03509467680572733,-47.170000000000016,1
2025-02-13,355.94,358.69,342.85,345.0,89441500,0.05773974027517758,355.1128571428572,392.19666666666666,346.7321111111111,10.939999999999998,15.839999999999975,336.51,350.73,392.21,0.04122810325978999,0.03670966295264006,-36.26999999999998,1
2025-02-14,355.84,362.0,347.5,360.62,68277300,-0.00028094622689223673,351.92285714285714,390.59666666666664,347.90722222222223,-4.78000000000003,14.5,355.94,328.5,378.17,0.040131526576004224,0.0363359716723843,-22.33000000000004,0
2025-02-18,354.11,359.1,350.02,355.01,51631700,-0.004861735611510683,349.0357142857143,389.75766666666664,349.1658888888889,-0.8999999999999773,9.080000000000041,355.84,336.51,374.32,0.04013296355910514,0.034695623788879984,-20.20999999999998,0
2025-02-19,360.56,367.34,353.67,354.0,67094400,0.018214679054531044,348.88428571428574,388.095,350.4554444444444,6.560000000000002,13.669999999999959,354.11,355.94,361.62,0.03917415125418634,0.031148567504408885,-1.0600000000000023,1
2025-02-20,354.4,362.3,348.0,361.51,45965400,-0.017084535167517265,349.40857142857146,386.2066666666667,351.7148888888889,-7.110000000000014,14.300000000000011,360.56,355.84,350.73,0.03777588646665843,0.031223432835111167,3.669999999999959,0
2025-02-21,337.8,354.98,334.42,353.44,74058600,-0.04683972911963873,350.7371428571428,384.3213333333333,352.8152222222222,-15.639999999999986,20.560000000000002,354.4,354.11,328.5,0.033241716726250585,0.03149195317479166,9.300000000000011,0
2025-02-24,330.53,342.4,324.7,338.14,76052300,-0.021521610420367196,349.8828571428571,382.1743333333333,354.06777777777774,-7.610000000000014,17.69999999999999,337.8,360.56,336.51,0.03318582736905284,0.03161687044420427,-5.980000000000018,0
2025-02-25,302.8,328.89,297.25,327.02,134228800,-0.0838955616736755,342.2914285714286,379.1096666666666,354.9971111111111,-24.21999999999997,31.639999999999986,330.53,354.4,355.94,0.03379937227814306,0.0346851885427726,-53.139999999999986,0
2025-02-26,290.8,309.0,288.04,303.71,100118300,-0.03963011889035667,333.0,375.3593333333334,355.78855555555555,-12.909999999999968,20.95999999999998,302.8,337.8,355.84,0.03277900963787128,0.03466815806644835,-65.03999999999996,0
2025-02-27,281.95,297.23,280.88,291.16,101748200,-0.030433287482806128,322.6914285714286,371.54566666666665,356.4621111111111,-9.210000000000036,16.350000000000023,290.8,330.53,354.11,0.031162728895274248,0.0348430257687415,-72.16000000000003,0
2025-02-28,292.98,293.88,273.6,279.5,115697000,0.039120411420464726,313.0371428571429,367.0376666666667,357.26311111111113,13.480000000000018,20.279999999999973,281.95,302.8,360.56,0.037157489058561366,0.03180567742871742,-67.57999999999998,1
2025-03-03,284.65,303.94,277.3,300.34,115551400,-0.028431974878831458,303.0728571428571,362.732,357.97366666666665,-15.689999999999998,26.639999999999986,292.98,290.8,354.4,0.03681672539166673,0.031698247506772324,-69.75,0
2025-03-04,272.04,284.35,261.84,270.93,126706600,-0.04430001756543108,293.67857142857144,357.5833333333333,358.56466666666665,1.1100000000000136,22.510000000000048,284.65,281.95,337.8,0.03663787731924011,0.031178486047979254,-65.75999999999999,0
2025-03-05,279.1,279.55,267.71,272.92,94042900,0.02595206587266579,286.3314285714286,352.75100000000003,359.2438888888889,6.180000000000007,11.840000000000032,272.04,292.98,330.53,0.04238411017185494,0.03200760163312829,-51.42999999999995,1
2025-03-06,263.45,272.65,260.02,272.06,98451600,-0.05607309208169127,280.71,347.6956666666667,359.7972222222222,-8.610000000000014,12.629999999999995,279.1,284.65,302.8,0.03664780346704975,0.03292331652767394,-39.35000000000002,0
2025-03-07,262.67,266.25,250.73,259.32,102369600,-0.002960713607895133,276.6914285714286,342.70533333333333,359.82155555555556,3.3500000000000227,15.52000000000001,263.45,272.04,290.8,0.03583823267105298,0.03295996510283486,-28.129999999999995,0
2025-03-10,222.15,253.37,220.0,252.54,189076900,-0.15426200175124685,268.1485714285715,336.55766666666665,359.2988888888889,-30.389999999999986,33.370000000000005,262.67,279.1,281.95,0.06448519570322508,0.041693900295140605,-59.79999999999998,0
2025-03-11,230.58,237.06,217.02,225.31,174896400,0.037947332883187065,259.2342857142857,331.00533333333334,358.9441111111111,5.27000000000001,20.039999999999992,222.15,263.45,292.98,0.0642720560440184,0.04296017023734558,-62.400000000000006,1
2025-03-12,248.09,251.84,241.1,247.22,142215700,0.07593893659467425,254.01142857142855,326.00533333333334,358.8171111111111,0.8700000000000045,10.740000000000009,230.58,262.67,284.65,0.07617028172969671,0.04609125048036993,-36.559999999999974,1
2025-03-13,240.68,248.29,232.6,248.13,114813500,-0.029868192994477797,249.53142857142856,321.058,358.6296666666667,-7.449999999999989,15.689999999999998,248.09,222.15,272.04,0.07549491491371656,0.0461540536681423,-31.360000000000014,0
2025-03-14,249.98,251.58,240.73,247.31,100242300,0.03864051853082925,245.37142857142857,316.048,358.6311111111111,2.6699999999999875,10.850000000000023,240.68,230.58,279.1,0.07677679459416302,0.046510484206945556,-29.120000000000033,1
2025-03-17,238.01,245.4,232.8,245.06,111900600,-0.047883830706456514,241.73714285714286,310.495,358.5092222222222,-7.050000000000011,12.599999999999994,249.98,248.09,263.45,0.07606928650266598,0.046644341444188275,-25.439999999999998,0
2025-03-18,225.31,230.1,222.28,228.16,111477600,-0.053359102558715975,236.4,305.216,358.31444444444446,-2.8499999999999943,7.819999999999993,238.01,240.68,262.67,0.07746781777973101,0.04668840850955566,-37.360000000000014,0
2025-03-19,235.86,241.41,229.2,231.61,111993800,0.046824375305135196,238.35857142857142,300.00433333333336,358.14133333333336,4.25,12.210000000000008,225.31,249.98,222.15,0.05205646732818111,0.047598873306895655,13.710000000000008,1
2025-03-20,236.26,238.0,230.05,233.35,99028300,0.0016959213092511542,239.17000000000002,295.27400000000006,357.56055555555554,2.9099999999999966,7.949999999999989,235.86,238.01,230.58,0.050565456456387395,0.04754457550078667,5.679999999999978,1
2025-03-21,248.71,249.52,234.55,234.99,132728700,0.05269618217218326,239.25857142857146,291.08700000000005,357.025,13.719999999999999,14.969999999999999,236.26,225.31,248.09,0.04561909761150895,0.049098746947851525,0.6200000000000045,1
2025-03-24,278.39,278.64,256.33,258.08,169079900,0.11933577258654648,244.6457142857143,288.31266666666664,356.54911111111113,20.310000000000002,22.310000000000002,248.71,235.86,240.68,0.06094045685635318,0.054455583968096605,37.70999999999998,1
2025-03-25,288.14,288.2,271.28,283.6,150361500,0.035022809727360896,250.09714285714284,286.22633333333334,355.8617777777778,4.539999999999964,16.920000000000016,278.39,236.26,249.98,0.06079656705382676,0.05480881596156328,38.16,1
2025-03-26,272.06,284.9,266.51,282.66,153629800,-0.05580620531685981,254.96142857142857,284.345,355.23477777777777,-10.600000000000023,18.389999999999986,288.14,248.71,238.01,0.062368764457148965,0.05454762486343415,34.05000000000001,0
2025-03-27,273.13,291.85,271.82,272.48,162572100,0.0039329559655958,261.79285714285714,282.2323333333333,354.6002222222222,0.6499999999999773,20.03000000000003,272.06,278.39,225.31,0.05422474059808218,0.05429756078273903,47.81999999999999,1
2025-03-28,263.55,276.1,260.57,275.58,123809400,-0.03507487277120779,265.7485714285714,279.1526666666667,354.07099999999997,-12.029999999999973,15.53000000000003,273.13,288.14,235.86,0.05843518597884667,0.05320432499746601,27.689999999999998,0
2025-03-31,259.16,260.56,243.36,249.31,134008900,-0.016657180800607043,269.02,275.93,353.387,9.850000000000023,17.19999999999999,263.55,272.06,236.26,0.05965622795444743,0.05320030514036228,22.900000000000034,0
2025-04-01,268.46,277.45,259.25,263.8,146486900,0.03588516746411465,271.84142857142854,273.075,352.60611111111115,4.659999999999968,18.19999999999999,259.16,273.13,248.71,0.05819587746008986,0.05382921568625822,19.74999999999997,1
2025-04-02,282.76,284.99,251.27,254.6,212787800,0.05326678089845792,272.4657142857143,270.4816666666667,351.90344444444446,28.159999999999997,33.72,268.46,263.55,278.39,0.04067914749758209,0.05478445332103264,4.3700000000000045,1
2025-04-03,267.28,276.3,261.51,265.29,136174300,-0.05474607440939319,269.48571428571427,267.5776666666667,351.0728888888889,1.9899999999999523,14.79000000000002,282.76,259.16,288.14,0.04296443642236535,0.05546046670469453,-20.860000000000014,0
2025-04-04,239.43,261.0,236.0,255.38,181229400,-0.1041978449565997,264.82428571428574,264.2986666666667,349.95944444444444,-15.949999999999989,25.0,267.28,268.46,272.06,0.05404815036326179,0.05779068672070727,-32.629999999999995,0
2025-04-07,233.29,252.0,214.25,223.78,183453800,-0.025644238399532282,259.1328571428572,261.05733333333336,348.63422222222226,9.509999999999991,37.75,239.43,282.76,273.13,0.053308352994175814,0.057824507399760465,-39.84,0
2025-04-08,221.86,250.44,217.8,245.0,171603500,-0.04899481332247408,253.17714285714285,258.3593333333333,347.33722222222224,-23.139999999999986,32.639999999999986,233.29,267.28,263.55,0.05417247247182539,0.05662304696574086,-41.69,0
2025-04-09,272.2,274.69,223.88,224.69,219433400,0.2268998467502027,255.04,257.7393333333333,346.60355555555554,47.50999999999999,50.81,221.86,239.43,259.16,0.10920126006123188,0.07075467585817993,13.039999999999964,1
2025-04-10,252.4,262.49,239.33,260.0,181722600,-0.07274063188831735,252.74571428571429,256.75433333333336,345.7092222222222,-7.599999999999994,23.159999999999997,272.2,233.29,268.46,0.11286185592079037,0.07179915632478892,-16.059999999999974,0
2025-04-11,252.31,257.74,241.36,251.84,128948100,-0.0003565768621236268,248.3957142857143,255.39866666666666,344.67755555555556,0.46999999999999886,16.379999999999995,252.4,221.86,282.76,0.1101347944812803,0.07139415305898245,-30.44999999999999,0
2025-04-14,252.35,261.8,245.93,258.36,100135200,0.00015853513534934026,246.26285714285714,254.322,343.51377777777776,-6.010000000000019,15.870000000000005,252.31,272.2,267.28,0.1084756513545268,0.07122775524594224,-14.929999999999978,1
2025-04-15,254.11,258.75,247.54,249.91,79594300,0.006974440261541586,248.35999999999999,253.7243333333333,342.43255555555555,4.200000000000017,11.210000000000008,252.35,252.4,239.43,0.09900991771794689,0.07078220198750881,14.680000000000007,1
2025-04-16,241.55,251.97,233.89,247.61,112378700,-0.049427413324938024,249.54,252.47266666666667,341.13944444444445,-6.060000000000002,18.080000000000013,254.11,252.31,233.29,0.10091978762999934,0.07116916139075471,8.26000000000002,0
2025-04-17,241.37,244.34,237.68,243.47,83404800,-0.0007451873318153874,252.32714285714286,251.73666666666668,339.7158888888889,-2.0999999999999943,6.659999999999997,241.55,252.35,221.86,0.09790686439468452,0.0704442572813182,19.50999999999999,0
2025-04-21,227.5,232.21,222.79,230.26,97768000,-0.05746364502630818,245.9414285714286,250.56433333333334,337.91900000000004,-2.759999999999991,9.420000000000016,241.37,254.11,272.2,0.03361642915930593,0.07120637510036205,-44.69999999999999,0
2025-04-22,237.97,242.79,229.85,230.96,120858500,0.046021978021978015,243.87999999999997,251.09166666666667,336.2321111111111,7.009999999999991,12.939999999999998,227.5,241.55,252.4,0.03531504332163724,0.06564945983828618,-14.430000000000007,1
2025-04-23,250.74,259.45,244.43,254.86,150381900,0.053662226331050174,243.65571428571428,251.76366666666667,334.56266666666664,-4.1200000000000045,15.019999999999982,237.97,241.37,252.31,0.04241054133829925,0.06598921253496161,-1.5699999999999932,1
2025-04-24,259.51,259.54,249.2,250.5,94464200,0.03497646964983641,244.67857142857142,252.14433333333332,332.72644444444444,9.009999999999991,10.340000000000032,250.74,227.5,252.35,0.04444137780539223,0.06488095826571844,7.159999999999997,1
2025-04-25,284.95,286.85,259.63,261.69,167560700,0.0980309043967477,249.0842857142857,253.62,331.247,23.25999999999999,27.220000000000027,259.51,237.97,254.11,0.05677828835443412,0.06679118762525073,30.839999999999975,1
2025-04-28,285.88,294.86,272.42,288.98,151731800,0.0032637304790314333,255.41714285714286,254.81666666666666,329.57644444444446,-3.1000000000000227,22.439999999999998,284.95,250.74,241.55,0.04938107762744252,0.06653785430559075,44.329999999999984,1
2025-04-29,292.03,293.32,279.47,285.5,108906600,0.02151252273681257,262.6542857142857,256.6173333333333,327.6765555555555,6.529999999999973,13.849999999999966,285.88,259.51,241.37,0.04811800557356607,0.06578334219458735,50.65999999999997,1
2025-04-30,282.16,284.45,270.78,279.9,128961100,-0.033797897476286504,270.4628571428571,258.51233333333334,325.47988888888887,2.2600000000000477,13.670000000000016,292.03,284.95,227.5,0.04143250684058272,0.0652403599960863,54.660000000000025,0
2025-05-01,280.52,290.87,279.81,280.01,99659000,-0.005812305075134828,276.5414285714286,260.001,323.7064444444444,0.5099999999999909,11.060000000000002,282.16,285.88,237.97,0.04309747579708598,0.06490845275667137,42.54999999999998,0
2025-05-02,287.21,294.78,279.81,284.9,114454700,0.023848566947098238,281.75142857142856,261.69933333333336,322.05133333333333,2.3100000000000023,14.96999999999997,280.52,292.03,250.74,0.041170829875933256,0.06496343596115753,36.46999999999997,1
2025-05-05,280.26,284.85,274.4,284.57,94618900,-0.024198321785453114,284.7157142857143,262.751,320.48688888888887,-4.310000000000002,10.450000000000045,287.21,282.16,259.51,0.04365273916527053,0.06467450989100407,20.75,0
2025-05-06,275.35,277.73,271.35,273.11,76715800,-0.017519446228501993,283.3442857142857,262.64966666666663,318.7618888888889,2.240000000000009,6.3799999999999955,280.26,280.52,284.95,0.0222035286407292,0.0611269567561307,-9.599999999999966,0
2025-05-07,276.22,277.92,271.0,276.88,71592600,0.003159615035409495,281.9642857142857,262.25233333333335,316.69455555555555,-0.6599999999999682,6.920000000000016,275.35,287.21,285.88,0.02219736079328365,0.06079749751930446,-9.659999999999968,1
2025-05-08,284.82,289.8,279.41,279.63,97539400,0.031134602852798367,280.9342857142857,262.67766666666665,314.81333333333333,5.189999999999998,10.389999999999986,276.22,280.26,292.03,0.02428949732709093,0.06009993357906927,-7.2099999999999795,1
2025-05-09,298.26,307.04,290.0,290.21,132387800,0.04718769749315357,283.2342857142857,263.51533333333333,313.3311111111111,8.050000000000011,17.04000000000002,284.82,275.35,282.16,0.02653231567453333,0.060635127503463136,16.099999999999966,1
2025-05-12,318.38,322.21,311.5,321.99,112826700,0.06745792261785022,288.64285714285717,265.343,312.2307777777778,-3.6100000000000136,10.70999999999998,298.26,276.22,280.52,0.03357485348335975,0.06120750058409265,37.860000000000014,1
2025-05-13,334.07,337.59,316.8,320.0,136992600,0.049280733714429294,295.33714285714285,267.84,311.4555555555556,14.069999999999993,20.789999999999964,318.38,284.82,287.21,0.03554025662474937,0.06147345162519572,46.860000000000014,1
2025-05-14,347.68,350.0,337.0,342.5,136997300,0.04073996467806153,304.96857142857147,270.48066666666665,311.1044444444445,5.180000000000007,13.0,334.07,298.26,280.26,0.02928793270370557,0.061549643456884406,67.42000000000002,1
2025-05-15,342.82,346.14,334.72,340.34,97882600,-0.013978370915784669,314.60714285714283,272.48266666666666,310.3531111111111,2.480000000000018,11.419999999999959,347.68,318.38,275.35,0.028311748662567134,0.06115782555948126,67.46999999999997,0
2025-05-16,349.98,351.62,342.33,346.24,95895700,0.020885595939560193,325.1442857142857,275.2393333333333,309.67455555555557,3.740000000000009,9.29000000000002,342.82,334.07,276.22,0.0259847115467255,0.06002378090180403,73.75999999999999,1
2025-05-19,342.09,343.0,333.37,336.3,88869900,-0.02254414537973611,333.32571428571424,278.66133333333335,309.09377777777775,5.789999999999964,9.629999999999995,349.98,347.68,284.82,0.03391371255285152,0.05637555629194614,57.26999999999998,0
2025-05-20,343.82,354.99,341.63,347.87,131715500,0.005057148703557597,339.8342857142857,282.34566666666666,308.52577777777776,-4.050000000000011,13.360000000000014,342.09,342.82,298.26,0.03347030983267353,0.05591917969810434,45.56,1
2025-05-21,334.62,347.35,332.2,344.43,102354800,-0.026758187423651877,342.1542857142857,286.1043333333334,307.8577777777778,-9.810000000000002,15.150000000000034,343.82,349.98,318.38,0.03047746814302538,0.055192233986146935,16.24000000000001,0
2025-05-22,341.04,347.27,331.39,331.9,97113400,0.019185942262865387,343.15000000000003,288.399,307.1658888888889,9.140000000000043,15.879999999999995,334.62,342.09,334.07,0.025286274271256758,0.03809475623187321,6.970000000000027,1
2025-05-23,339.34,343.18,333.21,337.92,84654800,-0.004984752521698468,341.9585714285714,291.29699999999997,306.5323333333333,1.419999999999959,9.970000000000027,341.04,343.82,347.68,0.019139366398374675,0.03501188062842317,-8.340000000000032,0
2025-05-27,362.89,363.79,347.32,347.35,120146400,0.0693994224082042,344.8257142857143,294.983,305.8064444444444,15.539999999999964,16.470000000000027,339.34,334.62,342.82,0.03260067502275284,0.036548703180624725,20.069999999999993,1
2025-05-28,356.9,365.0,355.91,364.84,91404300,-0.01650637934360277,345.81428571428575,298.468,305.174,-7.939999999999998,9.089999999999975,362.89,341.04,349.98,0.033308956873104964,0.0368730395457222,6.919999999999959,0
2025-05-29,358.43,367.71,356.0,365.29,88087800,0.0042869151022696264,348.1485714285714,301.94533333333334,304.41766666666666,-6.860000000000014,11.70999999999998,356.9,339.34,342.09,0.03132904379101932,0.03688960516685451,16.340000000000032,1
2025-05-30,346.46,363.68,345.29,355.52,123474900,-0.03339564210585059,348.5257142857143,305.44233333333335,303.55533333333335,-9.060000000000002,18.389999999999986,358.43,362.89,343.82,0.034912576887072555,0.03607348427167627,2.6399999999999864,0
2025-06-02,342.69,348.02,333.33,343.5,81873800,-0.010881487040350926,349.67857142857144,308.81966666666665,302.7506666666667,-0.8100000000000023,14.689999999999998,346.46,356.9,334.62,0.03323851934006077,0.03625091788719446,8.069999999999993,0
2025-06-03,344.27,355.4,343.04,346.6,99324500,0.0046105809915666755,350.14,312.71200000000005,301.9938888888889,-2.330000000000041,12.359999999999957,342.69,358.43,341.04,0.03256909328208126,0.0338170260223738,3.2299999999999613,1
2025-06-04,332.05,345.6,327.33,345.1,98912100,-0.035495396055421534,349.09857142857135,315.848,301.1657777777778,-13.050000000000011,18.27000000000004,344.27,346.46,339.34,0.0355335080906435,0.034461096767173925,-7.289999999999964,0
2025-06-05,284.7,324.55,273.21,322.49,287499800,-0.14259900617376908,337.92857142857144,316.9800000000001,299.9163333333333,-37.79000000000002,51.34000000000003,332.05,342.69,362.89,0.050964554935980025,0.043633832690880905,-78.19,0
2025-06-06,295.14,305.5,291.14,298.83,164747700,0.036670179135932554,329.10571428571427,318.16766666666666,298.77244444444443,-3.6899999999999977,14.360000000000014,284.7,344.27,356.9,0.05736833455992305,0.04367478514329959,-61.75999999999999,1
2025-06-09,308.58,309.83,281.85,285.96,140908900,0.04553771091685301,321.9842857142857,318.95533333333333,297.8777777777778,22.620000000000005,27.97999999999996,295.14,332.05,358.43,0.06277309738664409,0.040785039392488974,-49.85000000000002,1
2025-06-10,326.09,327.83,310.67,314.94,151256500,0.05674379415386607,319.07428571428574,320.2956666666667,297.05344444444444,11.149999999999977,17.159999999999968,308.58,284.7,346.46,0.06840769823857012,0.04192751234735589,-20.370000000000005,1
2025-06-11,326.43,335.5,322.5,334.4,122611400,0.001042656935202036,316.75142857142856,321.44233333333335,296.1848888888889,-7.96999999999997,13.0,326.09,295.14,342.69,0.06842851119715798,0.041820565087276315,-16.25999999999999,1
2025-06-12,319.11,332.56,316.86,323.08,105127500,-0.022424409521183693,313.15714285714284,322.674,295.4674444444444,-3.9699999999999704,15.699999999999989,326.43,308.58,344.27,0.06857267236599694,0.04151095504671267,-25.159999999999968,0
2025-06-13,325.31,332.99,313.3,313.97,128964300,0.01942903700918175,312.1942857142857,324.16700000000003,294.7241111111111,11.339999999999975,19.689999999999998,319.11,326.09,332.05,0.06812937274654149,0.04154064810815195,-6.740000000000009,1
2025-06-16,329.13,332.05,326.41,331.29,83925900,0.011742645476622278,318.5414285714286,325.56433333333337,294.17922222222217,-2.160000000000025,5.639999999999986,325.31,326.43,284.7,0.027376938885874082,0.04141801945513021,44.43000000000001,1
2025-06-17,316.35,327.26,314.74,326.09,88282700,-0.03882964178288206,321.57142857142856,326.76733333333334,293.5351111111111,-9.739999999999952,12.519999999999982,329.13,319.11,295.14,0.03428863676673693,0.0418624358438462,21.210000000000036,0
2025-06-18,322.05,329.32,315.45,317.31,95137700,0.01801801801801798,323.4957142857143,328.32399999999996,293.09544444444447,4.740000000000009,13.870000000000005,316.35,325.31,308.58,0.031018602903000448,0.0417080539474282,13.470000000000027,1
2025-06-20,322.16,332.36,317.78,327.95,108688000,0.00034156186927499963,322.9342857142857,329.8553333333333,292.778,-5.789999999999964,14.580000000000041,322.05,329.13,326.09,0.0217390975172904,0.0417180902824566,-3.92999999999995,1
2025-06-23,348.68,357.54,327.48,327.54,190716800,0.08231934442513031,326.11285714285714,331.984,293.00222222222226,21.139999999999986,30.060000000000002,322.16,316.35,326.43,0.03854700719031885,0.04377683495121744,22.25,1
2025-06-24,340.47,356.26,340.44,356.17,114736200,-0.02354594470574733,329.1642857142857,333.391,293.04622222222224,-15.699999999999989,15.819999999999993,348.68,322.05,319.11,0.038706653435838456,0.043481556445112035,21.360000000000014,0
2025-06-25,327.55,343.0,320.4,342.7,119845100,-0.03794754310218232,329.48428571428576,333.69666666666666,292.7307777777778,-15.149999999999977,22.600000000000023,340.47,322.16,325.31,0.04226974514072346,0.042539156472586485,2.240000000000009,0
2025-06-26,325.78,331.05,323.61,324.61,80440900,-0.005403755151885326,329.0057142857143,333.42033333333336,292.39677777777774,1.169999999999959,7.439999999999998,327.55,348.68,329.13,0.042089129678627026,0.04159770988026334,-3.3500000000000227,0
2025-06-27,323.63,329.34,317.5,324.51,89067000,-0.006599545705690888,330.0457142857143,332.6186666666666,292.0581111111111,-0.8799999999999955,11.839999999999975,325.78,340.47,316.35,0.03886487183094413,0.040891817779763875,7.279999999999973,0
2025-06-30,317.66,325.58,316.6,319.9,76695100,-0.01844699193523459,329.41857142857145,331.78,291.58144444444446,-2.2399999999999523,8.979999999999961,323.63,327.55,322.05,0.0390976438007541,0.04094673729370091,-4.389999999999986,0
2025-07-01,300.71,305.89,293.21,298.46,145085700,-0.05335893722848342,326.3542857142857,330.1376666666667,290.98488888888886,2.25,12.680000000000007,317.66,325.78,322.16,0.043711980646558304,0.04176979678931142,-21.450000000000045,0
2025-07-02,315.65,316.83,303.82,312.63,119483700,0.049682418276745036,321.63571428571424,329.2563333333334,290.7387777777778,3.019999999999982,13.009999999999991,300.71,323.63,348.68,0.032702739713189787,0.04274482689576307,-33.03000000000003,1
2025-07-03,315.35,318.45,312.76,317.99,58042300,-0.0009504197687310456,318.04714285714283,328.30733333333336,290.57011111111115,-2.6399999999999864,5.689999999999998,315.65,317.66,340.47,0.03267945773791832,0.04272580629546758,-25.120000000000005,0
2025-07-07,293.94,296.15,288.77,291.37,131177900,-0.06789281750436031,313.24571428571426,326.9513333333333,290.47166666666664,2.569999999999993,7.3799999999999955,315.35,300.71,327.55,0.03834973441241831,0.044183884580590985,-33.610000000000014,0
2025-07-08,297.81,304.05,294.35,297.0,103246700,0.013165952235150047,309.25,325.5103333333334,290.54955555555557,0.8100000000000023,9.699999999999989,293.94,315.65,325.78,0.0397186218968228,0.044091618317713036,-27.96999999999997,1
2025-07-09,295.88,300.15,293.55,297.55,75586800,-0.0064806420200799394,305.2857142857143,324.06166666666667,290.70433333333335,-1.670000000000016,6.599999999999966,297.81,315.35,323.63,0.03972137027490001,0.04409415147045353,-27.75,0
2025-07-10,309.87,310.48,300.0,300.05,104365300,0.0472826821684467,304.17285714285714,322.2943333333333,290.892,9.819999999999993,10.480000000000018,295.88,293.94,317.66,0.04532784838978762,0.04300308725339489,-7.7900000000000205,1
2025-07-11,313.51,314.09,305.65,307.89,79236400,0.011746861587117133,306.0014285714286,320.848,291.2126666666667,5.6200000000000045,8.439999999999998,309.87,297.81,300.71,0.03949272357915783,0.04303657819842956,12.800000000000011,1
2025-07-14,316.9,322.6,312.67,317.73,78043400,0.0108130522152403,306.17999999999995,319.46366666666665,291.7111111111111,-0.8300000000000409,9.930000000000007,313.51,295.88,315.65,0.034899392470550204,0.043093165771302254,1.25,1
2025-07-15,310.78,321.2,310.5,319.68,77556300,-0.0193120858314926,305.52714285714285,318.27433333333335,292.06311111111114,-8.900000000000034,10.699999999999989,316.9,309.87,315.35,0.035758471650355034,0.04282843819523832,-4.57000000000005,0
2025-07-16,321.67,323.5,312.62,312.8,97284800,0.0350408649205227,309.48857142857145,317.5736666666666,292.71000000000004,8.870000000000005,10.879999999999995,310.78,313.51,293.94,0.022696634683635898,0.043343530287277804,27.730000000000018,1
2025-07-17,319.41,324.34,317.06,323.15,73922900,-0.007025833929182052,312.57428571428574,316.74499999999995,293.3404444444444,-3.7399999999999523,7.279999999999973,321.67,316.9,297.81,0.0239472883908412,0.0433420832467239,21.600000000000023,0
2025-07-18,329.65,330.9,321.42,321.66,94255000,0.03205910898218575,317.3985714285714,316.665,294.5348888888889,7.989999999999952,9.479999999999961,319.41,310.78,295.88,0.023877826626451736,0.04327290099867885,33.76999999999998,1
2025-07-21,328.49,338.0,326.88,334.4,75768800,-0.0035188836644925474,320.0585714285714,318.12466666666666,295.62277777777774,-5.909999999999968,11.120000000000005,329.65,321.67,309.87,0.0201425980062446,0.033806690447757644,18.620000000000005,0
2025-07-22,332.11,335.41,321.55,329.74,77370400,0.0110201223781546,322.71571428571434,319.35699999999997,296.5563333333333,2.3700000000000045,13.860000000000014,328.49,319.41,313.51,0.02012519944270044,0.033307405408117025,18.600000000000023,1
2025-07-23,332.56,336.2,328.67,330.9,92553800,0.001354972749992438,324.95285714285717,320.15633333333335,297.5772222222222,1.660000000000025,7.529999999999973,332.11,329.65,316.9,0.020256352704525277,0.03239339411522771,15.660000000000025,1
2025-07-24,305.3,310.15,300.41,310.0,156966000,-0.08197017079624727,324.17,319.4633333333333,298.1918888888889,-4.699999999999989,9.739999999999952,332.56,328.49,310.78,0.03902027364582905,0.03430159519739088,-5.479999999999961,0
2025-07-25,316.06,323.63,308.01,308.74,148227000,0.03524402227317389,323.36857142857144,319.11766666666665,299.0591111111111,7.319999999999993,15.620000000000005,305.3,332.11,321.67,0.03905235892068852,0.03495532568786992,-5.610000000000014,1
2025-07-28,325.59,330.49,315.69,318.45,112673800,0.030152502689362693,324.2514285714286,319.33366666666666,300.1733333333333,7.139999999999986,14.800000000000011,316.06,332.56,319.41,0.04072105553002004,0.03513480558445401,6.17999999999995,1
2025-07-29,321.2,326.25,318.25,325.55,87358900,-0.013483215086458389,323.0442857142857,319.19666666666666,301.1215555555555,-4.350000000000023,8.0,325.59,305.3,329.65,0.03899502629884935,0.03506203742490652,-8.449999999999989,0
2025-07-30,319.04,324.45,311.62,322.18,83931900,-0.006724782067247722,321.69428571428574,318.8603333333333,302.04133333333334,-3.1399999999999864,12.829999999999984,321.2,316.06,328.49,0.03902056118993073,0.035014005175210125,-9.449999999999989,0
2025-07-31,308.27,321.37,306.1,319.61,85270900,-0.03375752256770323,318.2885714285714,318.591,302.7031111111111,-11.340000000000032,15.269999999999982,319.04,325.59,332.11,0.03990628721419171,0.034834034177604035,-23.840000000000032,0
2025-08-01,302.63,309.31,297.82,306.21,89121400,-0.018295649917280263,314.0128571428572,317.94366666666673,302.9724444444444,-3.579999999999984,11.490000000000009,308.27,321.2,332.56,0.03967444480500443,0.03480745890480771,-29.930000000000007,0
2025-08-04,309.26,312.12,303.0,309.08,78683900,0.02190794038925419,314.57857142857137,317.51366666666667,303.2071111111111,0.18000000000000682,9.120000000000005,302.63,319.04,305.3,0.02677145437856034,0.03506817102023331,3.9599999999999795,1
2025-08-05,308.72,312.45,305.5,308.95,57961300,-0.0017461036021469431,313.53000000000003,316.1816666666667,303.6144444444445,-0.22999999999996135,6.949999999999989,309.26,308.27,316.06,0.022452512912252764,0.031363305079660384,-7.339999999999975,0
2025-08-06,319.91,320.47,306.93,307.89,78523600,0.03624643690075148,312.71857142857147,315.4963333333333,304.13422222222226,12.020000000000039,13.54000000000002,308.72,302.63,325.59,0.02402162148399964,0.031944322505670406,-5.67999999999995,1
2025-08-07,322.27,322.4,316.16,319.79,66658700,0.007377074802288008,312.87142857142857,315.32033333333334,304.78666666666663,2.4799999999999613,6.239999999999952,319.91,309.26,321.2,0.023689568664407065,0.031228466023635493,1.0699999999999932,1
2025-08-08,329.65,335.15,320.98,321.43,91200300,0.022900052750799007,314.38714285714286,315.4493333333333,305.5698888888889,8.21999999999997,14.169999999999959,322.27,308.72,319.04,0.024760869978390342,0.0314880047195425,10.609999999999957,1
2025-08-11,339.03,346.64,334.15,335.0,105320200,0.028454421355983608,318.78142857142853,315.9626666666667,306.354,4.029999999999973,12.490000000000009,329.65,319.91,308.27,0.01906218675796171,0.031849166805189746,30.75999999999999,1
2025-08-12,340.84,345.26,332.94,345.0,80522100,0.005338760581659448,324.23999999999995,316.7353333333333,306.9993333333333,-4.160000000000025,12.319999999999993,339.03,322.27,302.63,0.013785359880668636,0.031616543346061794,38.20999999999998,1
2025-08-13,339.38,348.98,338.2,341.5,67838900,-0.004283534796385341,328.54285714285714,318.02433333333335,307.80044444444445,-2.1200000000000045,10.78000000000003,340.84,329.65,309.26,0.015717206354271946,0.02982736728080271,30.120000000000005,0
2025-08-14,335.58,340.47,330.4,335.76,75000700,-0.01119688844363254,332.38,318.6886666666667,308.8687777777778,-0.18000000000000682,10.07000000000005,339.38,339.03,308.72,0.017542052340629895,0.028695323237174965,26.859999999999957,0
2025-08-15,330.56,339.3,327.02,337.66,74319800,-0.014959175159425419,333.90142857142854,319.1956666666666,309.94955555555555,-7.100000000000023,12.28000000000003,335.58,340.84,319.91,0.016446433500338368,0.028866021798578168,10.649999999999977,0
2025-08-18,335.16,336.27,329.59,329.62,56956600,0.013915779283639953,335.74285714285713,320.56966666666665,311.2084444444444,5.5400000000000205,6.680000000000007,330.56,339.38,322.27,0.016798819324363425,0.02573138394743976,12.890000000000043,1
2025-08-19,329.31,340.55,327.85,335.79,75956000,-0.017454350161117144,335.6942857142857,321.61966666666666,311.84299999999996,-6.480000000000018,12.699999999999989,335.16,335.58,329.65,0.01685205588780794,0.02599035111053856,-0.339999999999975,0
2025-08-20,323.9,331.37,314.6,329.22,77481800,-0.01642828945370631,333.53285714285715,322.5536666666667,312.6374444444445,-5.32000000000005,16.769999999999982,329.31,330.56,339.03,0.012069475550496377,0.026187270750108464,-15.129999999999995,0
2025-08-21,320.11,324.9,318.68,322.08,55744400,-0.011701142327878864,330.57142857142856,322.8949999999999,313.39077777777777,-1.9699999999999704,6.21999999999997,323.9,335.16,340.84,0.010966266413845356,0.02496113336868963,-20.72999999999996,0
2025-08-22,340.01,340.25,319.69,321.66,94016300,0.062166130392677446,330.6614285714286,323.7783333333333,314.3647777777778,18.349999999999966,20.560000000000002,320.11,329.31,339.38,0.029200999751458904,0.02727280801854119,0.6299999999999955,1
2025-08-25,346.6,349.53,335.03,338.9,86670000,0.01938178288873866,332.2357142857143,324.7683333333333,315.39244444444444,7.7000000000000455,14.5,340.01,323.9,335.58,0.02942492884155693,0.027401251180876218,11.020000000000039,1
2025-08-26,351.67,351.9,343.72,344.93,76651600,0.014627813040969396,335.2514285714286,326.1313333333334,316.61600000000004,6.740000000000009,8.17999999999995,346.6,320.11,330.56,0.02818066445840185,0.02713236538562416,21.110000000000014,1
2025-08-27,349.6,355.39,349.16,351.94,65519000,-0.0058862001308044275,337.3142857142857,327.06233333333336,317.8185555555555,-2.339999999999975,6.229999999999961,351.67,340.01,335.16,0.028620640897891785,0.026566189773476072,14.439999999999998,0
2025-08-28,345.98,353.55,340.26,350.91,67903200,-0.010354691075514887,339.69571428571425,327.94800000000004,319.135,-4.930000000000007,13.29000000000002,349.6,346.6,329.31,0.02774745220192052,0.02661694836747201,16.670000000000016,0
2025-08-29,333.87,348.75,331.7,347.23,81145700,-0.03500202323833752,341.12,328.08866666666665,320.2005555555555,-13.360000000000014,17.05000000000001,345.98,351.67,323.9,0.031092378818038297,0.026907849680677765,9.970000000000027,0
2025-09-02,329.36,333.33,325.6,328.23,58392000,-0.013508251714739242,342.4414285714286,328.11766666666665,321.0741111111111,1.1299999999999955,7.729999999999961,333.87,349.6,320.11,0.03125876893031018,0.027024405652690004,9.25,0
2025-09-03,334.09,343.33,328.51,335.2,88733300,0.01436118532912303,341.5957142857143,328.1836666666667,321.90277777777777,-1.1100000000000136,14.819999999999993,329.36,345.98,340.01,0.019608758839799265,0.027076325448682576,-5.920000000000016,1
2025-09-04,338.53,338.89,331.48,336.15,60711000,0.013289832081175726,340.4428571428572,328.38266666666664,322.49811111111114,2.3799999999999955,7.409999999999968,334.09,333.87,346.6,0.018592892788887302,0.027175966287394385,-8.07000000000005,1
2025-09-05,350.84,355.87,344.68,348.0,108989800,0.036363099282190656,340.32428571428574,329.90066666666667,323.2198888888889,2.839999999999975,11.189999999999998,338.53,329.36,351.67,0.023289991193059353,0.022990368106369827,-0.8300000000000409,1
2025-09-08,346.4,358.44,344.84,354.64,75208300,-0.012655341466195411,339.8671428571428,330.91200000000003,323.824,-8.240000000000009,13.600000000000023,350.84,334.09,349.6,0.023706824174012025,0.022467547618511458,-3.2000000000000455,0
2025-09-09,346.97,350.77,343.82,348.44,53816000,0.0016454965357969112,340.00857142857143,331.62466666666666,324.54411111111114,-1.4699999999999704,6.949999999999989,346.4,338.53,345.98,0.02335498857470679,0.02188812393214684,0.9900000000000091,1
2025-09-10,347.79,356.33,346.07,350.55,72121700,0.0023633167132604926,341.9971428571429,332.511,325.2915555555556,-2.759999999999991,10.259999999999991,346.97,350.84,333.87,0.017348135631056437,0.02168306771609227,13.920000000000016,1
2025-09-11,368.81,368.99,347.6,350.17,103756000,0.06043877052244165,347.6328571428571,334.17,326.1982222222222,18.639999999999986,21.389999999999986,347.79,346.4,329.36,0.02453079897439433,0.024000696241358723,39.44999999999999,1
2025-09-12,395.94,396.69,370.24,370.94,168156400,0.07356091212277323,356.46857142857147,337.09233333333333,327.48355555555554,25.0,26.44999999999999,368.81,346.97,334.09,0.03254764123109988,0.02592703587065029,61.85000000000002,1
2025-09-15,410.04,425.7,402.43,423.13,163823700,0.03561145628125479,366.6842857142857,340.6726666666666,328.9801111111111,-13.089999999999975,23.269999999999982,395.94,347.79,338.53,0.03230157525768721,0.025859832629848593,71.51000000000005,1
2025-09-16,421.62,423.25,411.43,414.5,104285700,0.028241147205150675,376.79571428571427,344.41799999999995,330.59566666666666,7.1200000000000045,11.819999999999993,410.04,368.81,350.84,0.032104321114839136,0.02598179925861363,70.78000000000003,1
2025-09-17,425.86,428.31,409.67,415.75,106133500,0.010056448935060028,388.1471428571429,348.3226666666667,332.16277777777776,10.110000000000014,18.639999999999986,421.62,395.94,346.4,0.028353829532660243,0.025875926532679065,79.46000000000004,1
2025-09-18,416.85,432.22,416.56,428.87,90454500,-0.021157187808199855,398.13,351.55400000000003,333.48044444444446,-12.019999999999982,15.660000000000025,425.86,410.04,346.97,0.03310319842619094,0.02607373034258469,69.88,0
2025-09-19,426.07,429.47,421.72,421.82,93131000,0.022118267962096604,409.3128571428571,355.014,334.677,4.25,7.75,416.85,421.62,347.79,0.0314520697255598,0.026177209915363382,78.27999999999997,1
2025-09-22,434.21,444.98,429.13,431.11,97108800,0.019104841927382793,418.6557142857143,358.4993333333333,335.7896666666667,3.099999999999966,15.850000000000023,426.07,425.86,368.81,0.028490244530625417,0.02612020120548929,65.39999999999998,1
2025-09-23,425.85,440.97,423.72,439.88,83422700,-0.019253356670735258,422.92857142857144,361.3933333333333,336.65822222222226,-14.029999999999973,17.25,434.21,416.85,395.94,0.022515862236528444,0.026380452178358056,29.910000000000025,0
2025-09-24,442.79,444.21,429.03,429.83,93133600,0.03977926499941293,427.60714285714283,364.7916666666667,337.769,12.960000000000036,15.180000000000007,425.85,426.07,410.04,0.023325730470189498,0.02700453543528773,32.75,1
2025-09-25,423.39,435.35,419.08,435.24,96746400,-0.04381309424332084,427.86000000000007,367.592,338.5846666666667,-11.850000000000023,16.27000000000004,442.79,434.21,421.62,0.02963378186923011,0.028597794256507113,1.7699999999999818,0
2025-09-26,440.4,440.47,421.02,428.3,101628200,0.04017572450931763,429.9371428571429,371.086,339.677,12.099999999999966,19.450000000000045,423.39,425.85,425.86,0.033149929068677364,0.028957576093295398,14.539999999999964,1
2025-09-29,443.21,450.98,439.5,444.35,79491500,0.00638056312443234,433.70285714285717,374.841,340.78133333333335,-1.1400000000000432,11.480000000000018,440.4,442.79,416.85,0.03105775312273213,0.028595849269318005,26.359999999999957,1
2025-09-30,444.72,445.0,433.12,441.52,74358000,0.003406962839286225,436.3671428571429,378.49300000000005,342.00466666666665,3.2000000000000455,11.879999999999995,443.21,423.39,426.07,0.030563209483786276,0.028613277711993616,18.650000000000034,1
2025-10-01,459.46,462.29,440.75,443.8,98122300,0.03314445044072664,439.97428571428566,382.8313333333333,343.32044444444443,15.659999999999968,21.54000000000002,444.72,440.4,434.21,0.031954180425305,0.028438331029964938,25.25,1
2025-10-02,436.0,470.75,435.57,470.54,137009000,-0.05105993992948239,441.42428571428576,386.568,344.39444444444445,-34.54000000000002,35.18000000000001,459.46,443.21,425.85,0.03821418923091886,0.030257837844578223,10.149999999999977,0
2025-10-03,429.83,446.77,416.58,443.29,133188200,-0.014151376146789027,439.5728571428572,390.22533333333337,345.1382222222222,-13.460000000000036,30.189999999999998,436.0,444.72,442.79,0.03510929332473667,0.030322773308853995,-12.960000000000036,0
2025-10-06,453.25,453.55,436.69,440.75,85324900,0.05448665751576209,443.8385714285714,394.0,346.2087777777778,12.5,16.860000000000014,429.83,459.46,423.39,0.03603855587872091,0.029899393815008904,29.860000000000014,1
2025-10-07,433.09,452.68,432.45,447.82,102296100,-0.04447876447876453,442.7942857142857,396.883,347.03833333333336,-14.730000000000018,20.230000000000018,453.25,436.0,440.4,0.038479206932463976,0.031445870554711056,-7.310000000000002,0
2025-10-08,438.69,441.33,425.23,437.57,71192100,0.012930337805075211,442.1485714285714,399.78366666666665,348.06311111111114,1.1200000000000045,16.099999999999966,433.09,429.83,443.21,0.03878834465363265,0.03143492449395221,-4.519999999999982,1
2025-10-09,435.54,436.35,426.18,431.81,69339900,-0.007180469123982715,440.8371428571428,402.64833333333337,349.0947777777778,3.730000000000018,10.170000000000016,438.69,453.25,444.72,0.03880258688216793,0.031455338302545245,-9.180000000000007,0
2025-10-10,413.49,443.13,411.45,436.54,112107900,-0.05062680810028932,434.27,404.8986666666667,349.8638888888889,-23.05000000000001,31.680000000000007,435.54,433.09,459.46,0.03895615761952195,0.03307567873863627,-45.96999999999997,0
2025-10-13,435.9,436.89,419.7,423.53,79552800,0.054197199448596016,434.2557142857143,408.29966666666667,351.0177777777778,12.370000000000005,17.189999999999998,413.49,438.69,436.0,0.04254948540896905,0.03322646836822808,-0.10000000000002274,1
2025-10-14,429.24,434.2,417.86,426.79,72669400,-0.015278733654507843,434.1714285714285,411.629,352.62377777777783,2.4499999999999886,16.339999999999975,435.9,435.54,429.83,0.042617321195848046,0.03327021257228024,-0.589999999999975,0
2025-10-15,435.15,440.51,426.33,434.9,71558200,0.013768521107072891,431.5857142857143,414.9976666666667,354.1794444444444,0.25,14.180000000000007,429.24,413.49,453.25,0.0363511813010569,0.0332673409466209,-18.100000000000023,1
2025-10-16,428.75,439.35,421.31,434.73,77189900,-0.014707572101574118,430.96571428571434,418.005,355.51466666666664,-5.980000000000018,18.04000000000002,435.15,435.9,433.09,0.03253636658254204,0.03354542694341864,-4.339999999999975,0
2025-10-17,439.31,441.46,423.6,425.5,89331600,0.02462973760932945,431.05428571428575,420.95399999999995,356.7726666666667,13.810000000000002,17.859999999999957,428.75,429.24,438.69,0.033651705726872184,0.033276044171894434,0.6200000000000045,1
2025-10-20,447.43,449.8,440.61,443.87,63719000,0.018483530991782578,432.7528571428571,424.32166666666666,358.1171111111111,3.5600000000000023,9.189999999999998,439.31,435.15,435.54,0.03404752541348179,0.03309287684643585,11.889999999999986,1
2025-10-21,442.6,449.3,442.05,445.76,54412200,-0.010794984690342587,436.9114285714286,427.50933333333336,359.4892222222222,-3.159999999999968,7.25,447.43,428.75,413.49,0.02561084058556504,0.03326691741445817,29.110000000000014,0
2025-10-22,438.97,445.54,429.0,443.45,84023500,-0.008201536375960224,437.35,430.54866666666663,360.75211111111116,-4.479999999999961,16.54000000000002,442.6,439.31,435.9,0.017139005052702345,0.03339176764739792,3.07000000000005,0
2025-10-23,448.98,449.4,413.9,420.0,126709800,0.02280338064104606,440.17,433.22100000000006,362.0837777777778,28.980000000000018,35.5,438.97,447.43,429.24,0.01710703432189052,0.032046308935077726,19.74000000000001,1
2025-10-24,433.72,451.68,430.17,446.83,94727800,-0.03398815091986278,439.96571428571434,434.4803333333333,363.3878888888889,-13.109999999999957,21.50999999999999,448.98,442.6,435.15,0.02244665024655258,0.030321111243249564,-1.42999999999995,0
2025-10-27,452.42,460.16,438.69,439.98,105867500,0.043115373973992406,443.34714285714284,435.89300000000003,364.83644444444445,12.439999999999998,21.470000000000027,433.72,438.97,428.75,0.026512348979809388,0.03062468349335356,23.670000000000016,1
2025-10-28,460.55,467.0,451.6,454.78,80185700,0.017970027850227655,446.38142857142856,437.19066666666663,366.3741111111111,5.770000000000039,15.399999999999977,452.42,448.98,439.31,0.0259295047826189,0.030397872684564658,21.24000000000001,1
2025-10-29,461.51,465.7,452.65,462.5,67983500,0.002084464227553967,448.39285714285717,438.37899999999996,367.6277777777778,-0.9900000000000091,13.050000000000011,460.55,433.72,447.43,0.02546148760693495,0.03037246846817099,14.079999999999984,1
2025-10-30,440.1,455.06,439.61,451.05,72447900,-0.046391194123637555,448.0357142857143,439.15399999999994,368.7347777777778,-10.949999999999989,15.449999999999989,461.51,452.42,442.6,0.03183244579984962,0.03140028172592768,-2.5,0
2025-10-31,456.56,458.0,443.69,446.75,83135800,0.037400590774823855,450.54857142857145,440.1703333333333,370.1682222222222,9.810000000000002,14.310000000000002,440.1,460.55,438.97,0.03451633145370692,0.0318537655588735,17.589999999999975,1
2025-11-03,468.37,474.07,453.8,455.99,84595200,0.025867355878745404,453.31857142857143,441.309,371.7525555555556,12.379999999999995,20.269999999999982,456.56,461.51,448.98,0.034781243306888136,0.031996750206806195,19.389999999999986,1
2025-11-04,444.26,460.22,443.6,454.46,87756600,-0.051476396865725846,454.8242857142858,441.92266666666666,373.0928888888889,-10.199999999999989,16.620000000000005,468.37,440.1,433.72,0.03859939714080331,0.03328524764238173,10.539999999999964,0
2025-11-05,462.07,466.33,440.71,452.05,85573000,0.040089136991851626,456.20285714285717,442.5653333333333,374.6974444444444,10.019999999999982,25.620000000000005,444.26,456.56,452.42,0.03810310315454957,0.03329743771913855,9.649999999999977,1
2025-11-06,445.91,467.45,435.09,461.96,109622900,-0.0349730560304715,454.1114285714286,443.316,376.3107777777778,-16.049999999999955,32.360000000000014,462.07,468.37,460.55,0.03999425122156493,0.032915324928558705,-14.639999999999986,0
2025-11-07,429.52,439.36,421.88,437.92,103471500,-0.03675629611356561,449.54142857142864,442.9533333333333,377.57599999999996,-8.400000000000034,17.480000000000018,445.91,444.26,461.51,0.04168202745379383,0.03285581202990282,-31.99000000000001,0
2025-11-10,445.23,449.67,433.36,439.6,76515900,0.036575712423170134,450.2742857142857,443.02066666666667,379.0191111111111,5.6299999999999955,16.310000000000002,429.52,462.07,440.1,0.04122465834640475,0.03352355928348368,5.1299999999999955,1
2025-11-11,439.62,442.49,432.36,439.4,60533200,-0.012600229095074486,447.8542857142857,442.85066666666665,380.6377777777777,0.22000000000002728,10.129999999999995,445.23,445.91,456.56,0.038380992434093854,0.0336062134423467,-16.939999999999998,0
2025-11-12,430.6,442.33,426.56,442.15,58513500,-0.020517719848960423,442.4585714285714,441.88866666666667,382.11322222222225,-11.549999999999955,15.769999999999982,439.62,429.52,468.37,0.036152729354105045,0.03321603583134338,-37.76999999999998,0
2025-11-13,401.99,424.5,396.34,423.13,118948000,-0.06644217371110082,436.42,440.75500000000005,383.2922222222223,-21.139999999999986,28.160000000000025,430.6,445.23,444.26,0.039230620567063654,0.034112076775859174,-42.26999999999998,0
2025-11-14,404.35,412.19,382.78,386.3,105506700,0.0058707928057912225,428.17428571428576,439.90566666666666,384.342,18.05000000000001,29.410000000000025,401.99,439.62,462.07,0.03308875036444037,0.03406477987219925,-57.71999999999997,1
2025-11-17,408.92,423.96,398.74,398.74,102214300,0.011302089773710876,422.89,438.428,385.4021111111111,10.180000000000007,25.21999999999997,404.35,430.6,445.91,0.03384128579215344,0.03249486113060733,-36.99000000000001,1
2025-11-18,401.25,408.9,393.71,405.38,80688600,-0.018756725031791096,418.8514285714286,437.3666666666667,386.3393333333333,-4.1299999999999955,15.189999999999998,408.92,401.99,429.52,0.03227621949562559,0.0316896103385706,-28.269999999999982,0
2025-11-19,403.99,411.78,398.5,406.18,72047700,0.006828660436137095,412.96,436.21,387.375,-2.1899999999999977,13.279999999999973,401.25,404.35,445.23,0.02672135764975585,0.03160960545454871,-41.24000000000001,1
2025-11-20,395.23,428.94,394.74,414.63,113548800,-0.02168370504220399,406.61857142857144,434.86633333333333,388.1923333333333,-19.399999999999977,34.19999999999999,403.99,408.92,439.62,0.02689188671893253,0.031797851147724585,-44.389999999999986,0
2025-11-21,391.09,402.8,383.76,402.32,100460600,-0.010474913341598672,400.9742857142857,434.11966666666666,388.98877777777784,-11.230000000000018,19.04000000000002,395.23,401.25,430.6,0.0268019583496956,0.03053260746304225,-39.51000000000005,0
2025-11-24,417.78,421.72,401.09,402.17,96806400,0.06824516096039275,403.22999999999996,433.5156666666666,389.968,15.609999999999957,20.630000000000052,391.09,403.99,401.99,0.030424544510318265,0.03150688940919624,15.789999999999964,1
2025-11-25,419.4,420.48,405.95,414.42,71915600,0.0038776389487290073,405.38,433.18766666666664,390.97811111111116,4.979999999999961,14.53000000000003,417.78,395.23,404.35,0.030434237515545505,0.03140007267370382,15.049999999999955,1
2025-11-26,426.58,426.94,416.89,423.95,63463000,0.017119694802098254,407.9028571428571,432.90200000000004,392.02777777777777,2.6299999999999955,10.050000000000011,419.4,391.09,408.92,0.030693598038842546,0.03145773712772272,17.659999999999968,1
2025-11-28,430.17,432.93,426.2,426.59,36252900,0.008415771953678167,412.03428571428566,432.9493333333333,393.11233333333337,3.580000000000041,6.730000000000018,426.58,417.78,401.25,0.028622672007979418,0.03137276310099424,28.920000000000016,1
2025-12-01,430.14,433.66,425.29,425.32,57463600,-6.973987028390998e-05,415.77,432.6436666666667,394.4994444444445,4.819999999999993,8.370000000000005,430.17,419.4,403.99,0.028881012039605705,0.031042418198622832,26.149999999999977,0
2025-12-02,429.24,436.8,422.12,430.81,69336600,-0.00209234202817682,420.62857142857143,432.0373333333334,395.75699999999995,-1.5699999999999932,14.680000000000007,430.14,426.58,395.23,0.02619730997901074,0.030841215461211144,34.00999999999999,0
2025-12-03,446.74,447.92,431.11,432.1,87483000,0.040769732550554466,428.57857142857137,432.17533333333336,397.1031111111111,14.639999999999986,16.810000000000002,429.24,430.17,391.09,0.025981636123419565,0.03169700716566537,55.650000000000034,1
2025-12-04,454.53,454.63,445.39,449.94,71906500,0.01743743564489404,433.8285714285715,432.6940000000001,398.5845555555555,4.589999999999975,9.240000000000009,446.74,430.14,417.78,0.01475501550796116,0.031791521194330874,36.75,1
2025-12-05,455.0,458.87,451.66,453.03,56427500,0.0010340351571954047,438.9142857142857,432.8946666666667,400.0952222222222,1.9700000000000273,7.2099999999999795,454.53,429.24,419.4,0.01505861933228617,0.031539528551523754,35.60000000000002,1
2025-12-08,439.58,449.75,435.25,447.45,69165800,-0.033890109890109925,440.7714285714286,433.09000000000003,401.55422222222217,-7.8700000000000045,14.5,455.0,446.74,426.58,0.02254017667558781,0.03153579095446636,13.0,0
2025-12-09,445.17,452.39,435.7,437.54,62367400,0.012716684107557287,442.9142857142857,432.84833333333336,403.138,7.6299999999999955,16.689999999999998,439.58,454.53,430.17,0.02272211369440819,0.030608288420789307,15.0,1
2025-12-10,451.45,456.88,443.61,446.07,63257500,0.014106970370869493,445.9585714285714,432.545,404.7178888888889,5.3799999999999955,13.269999999999982,445.17,455.0,430.14,0.02281308666646248,0.030537761055634854,21.310000000000002,1
2025-12-11,446.89,449.27,440.33,448.95,55979500,-0.010100786355078087,448.47999999999996,432.0576666666667,406.2531111111111,-2.0600000000000023,8.939999999999998,451.45,439.58,429.24,0.023543230673968532,0.03058714923032876,17.649999999999977,0
2025-12-12,458.96,463.01,441.67,448.09,95656700,0.027008883617892533,450.2257142857143,432.6863333333333,407.79811111111115,10.870000000000005,21.339999999999975,446.89,445.17,446.74,0.02054012487416678,0.02972300140780831,12.21999999999997,1
2025-12-15,475.31,481.77,467.66,469.44,114542200,0.03562401952239852,453.1942857142857,433.3113333333333,409.4985555555555,5.8700000000000045,14.109999999999957,458.96,451.45,454.53,0.02345924503496823,0.029651366865614436,20.78000000000003,1
2025-12-16,489.88,491.5,465.83,472.21,107608100,0.030653678651827214,458.1771428571428,434.02833333333336,411.2788888888889,17.670000000000016,25.670000000000016,475.31,446.89,455.0,0.024905649968327823,0.029798020085002066,34.879999999999995,1
2025-12-17,467.26,495.28,466.2,488.22,106490400,-0.0461745733649057,462.13142857142856,434.795,412.7036666666666,-20.960000000000036,29.079999999999984,489.88,458.96,439.58,0.028725450394590065,0.02948443676964896,27.680000000000007,0
2025-12-18,483.37,490.86,473.12,478.16,95168400,0.03447759277490051,467.5885714285714,435.505,414.2873333333333,5.2099999999999795,17.74000000000001,467.26,475.31,445.17,0.03031326460981874,0.029252035852177505,38.19999999999999,1
2025-12-19,481.2,490.49,474.72,488.12,103305400,-0.004489314603719751,471.8385714285714,436.6813333333333,415.8631111111111,-6.920000000000016,15.769999999999982,483.37,489.88,451.45,0.030929753442656176,0.02844468964937988,29.75,0
2025-12-22,488.73,498.83,485.33,489.88,86916100,0.01564837905236914,477.81571428571425,438.655,417.5647777777778,-1.1499999999999773,13.5,481.2,467.26,446.89,0.029707231941251036,0.027517216619317785,41.84000000000003,1
2025-12-23,485.56,491.97,482.84,489.4,58223600,-0.006486198923741158,481.6157142857143,439.9993333333333,419.2869999999999,-3.839999999999975,9.130000000000052,488.73,483.37,458.96,0.029819013264851684,0.02691257546920366,26.600000000000023,0
2025-12-24,485.4,490.9,476.8,488.48,41285400,-0.0003295164346322288,483.0571428571428,441.52533333333326,420.9563333333333,-3.080000000000041,14.099999999999966,485.56,481.2,475.31,0.02735596426688011,0.026756239745358578,10.089999999999975,0
2025-12-26,475.19,489.09,473.82,485.23,58780700,-0.02103419859909349,480.9585714285714,443.01166666666666,422.57722222222225,-10.04000000000002,15.269999999999982,485.4,488.73,489.88,0.02567526073084157,0.02677249047173142,-14.689999999999998,0
2025-12-29,459.64,469.4,459.0,469.0,66263000,-0.032723752604221494,479.86999999999995,444.93333333333334,424.0854444444445,-9.360000000000014,10.399999999999977,475.19,485.56,467.26,0.022275986715525792,0.024324906048793164,-7.6200000000000045,0
2025-12-30,454.43,463.12,453.83,461.09,59238500,-0.01133495779305539,475.7357142857143,446.60266666666666,425.57788888888894,-6.659999999999968,9.29000000000002,459.64,485.4,483.37,0.015393463212106993,0.024500043916761506,-28.939999999999998,0
2025-12-31,449.72,456.55,449.3,456.1,49078000,-0.010364632616684593,471.23857142857145,447.9626666666667,426.79688888888893,-6.3799999999999955,7.25,454.43,475.19,481.2,0.01528678399215116,0.02460222320471426,-31.47999999999996,0
2026-01-02,438.07,458.34,435.3,457.8,85535400,-0.02590500756025979,464.0014285714286,449.19,427.81322222222224,-19.730000000000018,23.039999999999964,449.72,459.64,488.73,0.011479301363456231,0.02485815307572528,-50.660000000000025,0
2026-01-05,451.67,457.55,444.57,447.99,67940800,0.03104526673819258,459.15999999999997,450.7793333333333,428.9243333333334,3.680000000000007,12.980000000000018,438.07,454.43,485.56,0.02109968094456513,0.02536712532909086,-33.889999999999986,1
2026-01-06,432.96,448.25,428.78,446.38,89093800,-0.04142404853100723,451.66857142857145,452.037,429.8505555555555,-13.420000000000016,19.470000000000027,451.67,449.72,485.4,0.023509877439986587,0.02629625271444597,-52.44,0
2026-01-07,431.41,438.37,431.29,435.9,59828800,-0.003580007390982896,445.4142857142857,453.381,430.7997777777778,-4.489999999999952,7.079999999999984,432.96,438.07,475.19,0.02380611920236435,0.026200977034240364,-43.77999999999997,0
2026-01-08,435.8,436.89,424.37,427.89,57041100,0.010175934725666967,442.0085714285715,453.9816666666667,431.9323333333333,7.910000000000025,12.519999999999982,431.41,451.67,459.64,0.023543803744554226,0.023238488644938844,-23.839999999999975,1
2026-01-09,445.01,449.05,430.39,435.95,67331500,0.02113354749885264,440.66285714285715,454.8353333333334,433.21733333333333,9.060000000000002,18.660000000000025,435.8,432.96,454.43,0.02572325787443154,0.023507012401472283,-9.420000000000016,1
2026-01-12,448.96,454.3,438.0,441.23,61649600,0.008876205029100444,440.55428571428575,455.5813333333333,434.4936666666667,7.729999999999961,16.30000000000001,445.01,431.41,449.72,0.025795978189046807,0.023374957589833413,-0.7600000000000477,1
2026-01-13,447.2,451.81,443.95,450.2,53719200,-0.003920171062009959,441.8585714285714,456.14900000000006,435.7011111111112,-3.0,7.860000000000014,448.96,435.8,438.07,0.02333032281202477,0.0233661741734834,9.129999999999995,0
2026-01-14,439.2,443.91,434.22,442.81,57259500,-0.017889087656529516,440.07714285714286,456.45099999999996,436.6828888888889,-3.6100000000000136,9.689999999999998,447.2,445.01,451.67,0.020783923530474202,0.023633974934450647,-12.470000000000027,0
2026-01-15,438.57,445.36,437.65,441.13,49465800,-0.0014344262295081865,440.8785714285714,456.762,437.707,-2.5600000000000023,7.710000000000036,439.2,448.96,432.96,0.01260766032539662,0.023631344599675034,5.610000000000014,0
2026-01-16,437.5,447.25,435.26,439.5,60220600,-0.002439747360740573,441.7485714285714,456.454,438.7128888888889,-2.0,11.990000000000009,438.57,447.2,431.41,0.012532062748207303,0.022408176688588608,6.089999999999975,0
2026-01-20,419.25,430.73,417.44,429.36,63187300,-0.04171428571428572,439.3842857142857,455.278,439.5068888888889,-10.110000000000014,13.29000000000002,437.5,439.2,435.8,0.02003828977165309,0.023361840502624645,-16.55000000000001,0
2026-01-21,431.44,438.2,419.62,421.66,68124000,0.0290757304710793,437.44571428571425,454.49266666666665,440.2027777777778,9.779999999999973,18.579999999999984,419.25,438.57,445.01,0.021923347608970623,0.024055669215337687,-13.569999999999993,1
2026-01-22,449.36,449.5,432.63,435.16,71546700,0.04153532356758765,437.5028571428571,454.8186666666667,440.7963333333334,14.199999999999989,16.870000000000005,431.44,437.5,448.96,0.02784655845760295,0.02449019437068177,0.4000000000000341,1
2026-01-23,449.06,452.43,444.04,447.43,56771400,-0.0006676161652127723,437.7685714285714,454.9483333333333,441.2298888888889,1.6299999999999955,8.389999999999986,449.36,419.25,447.2,0.027788383119035268,0.024391563284994325,1.8600000000000136,0
2026-01-26,435.2,445.04,434.28,445.0,49397400,-0.03086447245356971,437.19714285714286,454.4066666666667,441.3807777777777,-9.800000000000011,10.760000000000048,449.06,431.44,439.2,0.02962454162023831,0.024907907410669113,-4.0,0
2026-01-27,430.9,437.52,430.69,437.41,37733100,-0.009880514705882379,436.1014285714286,453.8736666666666,441.43677777777776,-6.510000000000048,6.829999999999984,435.2,449.36,438.57,0.02981987136816395,0.02490514030222947,-7.670000000000016,0
2026-01-28,431.46,438.26,430.1,431.91,54857400,0.001299605476908801,435.23857142857145,452.957,441.5991111111111,-0.4500000000000455,8.159999999999968,430.9,449.06,437.5,0.029847014879412024,0.024347290214887383,-6.0400000000000205,1
2026-01-29,416.56,440.23,414.62,437.8,81686100,-0.034533908125898065,434.8542857142857,450.9986666666667,441.4934444444445,-21.24000000000001,25.610000000000014,431.46,435.2,419.25,0.028323194445601864,0.02399853652270467,-2.6899999999999977,0
2026-01-30,430.41,439.88,422.7,425.35,82626100,0.03324851161897451,434.7071428571429,449.0163333333333,441.4512222222222,5.060000000000002,17.180000000000007,416.56,430.9,431.44,0.029084960824864968,0.024132449300160008,-1.0299999999999727,1
2026-02-02,421.81,427.15,414.5,421.29,58739500,-0.01998094839803913,430.7714285714286,447.5013333333333,441.40633333333335,0.5199999999999818,12.649999999999977,430.41,431.46,449.36,0.023135341516577833,0.023002160021006218,-27.55000000000001,0
2026-02-03,421.96,428.56,413.69,424.27,56886500,0.00035561034589027586,426.90000000000003,445.45433333333335,441.17488888888886,-2.3100000000000023,14.870000000000005,421.81,416.56,449.06,0.023198202577297333,0.021894392852995527,-27.100000000000023,1
2026-02-04,406.01,423.9,399.18,420.46,74606900,-0.03779979144942646,422.73,442.948,440.9817777777778,-14.449999999999989,24.71999999999997,421.96,430.41,435.2,0.024422258020415224,0.022733588188312226,-29.189999999999998,0
2026-02-05,397.21,402.1,387.53,397.02,72819800,-0.021674342996477948,417.9171428571429,439.89733333333334,440.50188888888886,0.18999999999999773,14.57000000000005,406.01,421.81,430.9,0.024846906106915423,0.022562761575766196,-33.69,0
2026-02-06,411.11,414.55,397.75,400.87,62677100,0.03499408373404505,415.01000000000005,437.4156666666667,440.14522222222223,10.240000000000009,16.80000000000001,397.21,421.96,431.46,0.030348735434283996,0.023809145472014317,-20.349999999999966,1
2026-02-09,417.32,421.25,407.29,409.91,54484300,0.01510544623093571,415.11857142857144,435.1463333333333,439.84077777777776,7.409999999999968,13.95999999999998,411.11,406.01,416.56,0.028441786871765493,0.024084507558414767,0.7599999999999909,1
2026-02-10,425.21,427.25,417.0,418.08,64450200,0.018906354835617718,414.37571428571425,433.4803333333333,439.4602222222222,7.1299999999999955,10.25,417.32,397.21,430.41,0.02612030637900923,0.024256273378471856,-5.2000000000000455,1
2026-02-11,428.27,436.35,420.03,427.96,57362000,0.007196444109969198,415.2985714285714,432.43466666666666,439.37433333333337,0.3100000000000023,16.32000000000005,425.21,411.11,421.81,0.02489656445624185,0.023681019714000003,6.4599999999999795,1
2026-02-12,417.07,436.23,414.0,430.3,61933400,-0.026151726714455807,414.59999999999997,431.18933333333337,439.23255555555556,-13.230000000000018,22.230000000000018,428.27,417.32,421.96,0.027177893940247503,0.024032554696000238,-4.889999999999986,0
2026-02-13,417.44,424.06,410.88,414.31,51434100,0.000887141247272651,416.23285714285714,430.11333333333334,438.8346666666667,3.1299999999999955,13.180000000000007,417.07,425.21,406.01,0.021962624341899467,0.023994579016143366,11.430000000000007,1
2026-02-17,410.63,413.72,400.51,412.36,59678800,-0.01631372173246455,418.15000000000003,429.1986666666666,438.58511111111113,-1.7300000000000182,13.210000000000036,417.44,428.27,397.21,0.02098243868244491,0.02373029062007771,13.420000000000016,0
2026-02-18,411.32,416.9,409.58,411.11,45921400,0.0016803448359837268,418.17999999999995,427.85366666666664,438.281,0.20999999999997954,7.319999999999993,410.63,417.07,411.11,0.01628306486864522,0.022916992545845078,0.20999999999997954,1
2026-02-19,411.71,415.25,404.11,407.25,51019600,0.000948166877370384,417.37857142857143,427.1453333333333,438.0162222222222,4.4599999999999795,11.139999999999986,411.32,417.44,417.32,0.014945573948073228,0.021733442531238333,-5.610000000000014,1
2026-02-20,411.82,414.7,405.5,408.3,57912200,0.00026717835369559557,415.46571428571434,426.49233333333336,437.9976666666667,3.519999999999982,9.199999999999989,411.71,410.63,425.21,0.012005516324342672,0.021731776126087177,-13.389999999999986,1
2026-02-23,399.83,407.7,394.04,407.29,69680000,-0.02911466174542278,411.40285714285716,425.2933333333333,437.5968888888889,-7.460000000000036,13.659999999999968,411.82,411.32,428.27,0.013818201287393313,0.02219414004396891,-28.439999999999998,0
2026-02-24,409.38,410.82,397.64,399.5,58579500,0.023885151189255462,410.30428571428575,424.10566666666665,437.3762222222222,9.879999999999995,13.180000000000007,399.83,411.71,417.07,0.016552043095867067,0.02230115571369319,-7.689999999999998,1
2026-02-25,417.4,420.34,412.15,412.15,54809700,0.019590600420147496,410.2985714285714,423.0536666666667,437.17900000000003,5.25,8.189999999999998,409.38,411.82,417.44,0.018582070344311665,0.022574362544576104,-0.040000000000020464,1
2026-02-26,408.58,416.81,403.66,414.42,53602500,-0.021130809774796342,410.0057142857143,421.7663333333333,436.9548888888889,-5.840000000000032,13.149999999999977,417.4,399.83,410.63,0.01936541879482456,0.022837265873981112,-2.0500000000000114,0
2026-02-27,402.51,407.12,398.11,402.94,56890100,-0.014856331685349243,408.7471428571429,420.54333333333335,436.546,-0.4300000000000068,9.009999999999991,408.58,409.38,411.32,0.020044258822787046,0.02277458390818878,-8.810000000000002,0
2026-03-02,403.32,404.54,388.25,390.6,55088300,0.002012372363419548,407.54857142857145,419.3683333333333,436.05588888888894,12.71999999999997,16.29000000000002,402.51,417.4,411.71,0.020082449863877243,0.022789631133868397,-8.389999999999986,1
2026-03-03,392.43,396.34,385.39,395.09,62617300,-0.027000892591490595,404.7785714285714,417.866,435.4984444444444,-2.659999999999968,10.949999999999989,403.32,408.58,411.82,0.021953960371451964,0.02322303772479986,-19.389999999999986,0
2026-03-04,405.94,408.33,394.58,397.85,68305500,0.034426521927477485,405.65142857142854,417.42233333333326,435.13144444444447,8.089999999999975,13.75,392.43,402.51,399.83,0.024148385085325116,0.023046407021254905,6.110000000000014,1
2026-03-05,405.55,408.62,399.42,401.57,51925900,-0.000960733113267937,405.1042857142857,416.55933333333337,434.6488888888889,3.980000000000018,9.199999999999989,405.94,403.32,409.38,0.022215836442657743,0.02234467564611349,-3.829999999999984,0
2026-03-06,396.73,402.35,394.21,398.09,64054600,-0.021748243126618154,402.15142857142854,414.805,434.23788888888885,-1.3599999999999568,8.140000000000043,405.55,392.43,417.4,0.02126339152031822,0.021060867349376705,-20.66999999999996,0
2026-03-09,398.68,401.59,381.4,390.05,67018900,0.004915181609658933,400.7371428571429,413.1256666666667,433.64077777777777,8.629999999999995,20.189999999999998,396.73,405.94,408.58,0.020656274774843938,0.021115274584759473,-9.899999999999977,1
2026-03-10,399.24,406.59,398.19,402.22,59258700,0.0014046352964783844,400.27,411.92699999999996,432.95955555555554,-2.980000000000018,8.399999999999977,398.68,405.55,402.51,0.020047533917356804,0.020498956211939676,-3.269999999999982,1
2026-03-11,407.82,416.38,402.15,402.28,62559900,0.02149083258190558,400.91285714285715,411.15766666666667,432.36300000000006,5.5400000000000205,14.230000000000018,399.24,396.73,403.32,0.021808681571469618,0.020914272830056688,4.5,1
2026-03-12,395.01,406.5,394.65,405.18,60973800,-0.031410916580844495,401.28142857142853,409.9426666666667,431.86199999999997,-10.170000000000016,11.850000000000023,407.82,398.68,392.43,0.022819272512209436,0.021598206235197537,2.579999999999984,0
2026-03-13,391.2,400.2,389.95,399.17,58504100,-0.009645325434799125,399.17571428571426,409.0973333333333,431.1357777777778,-7.970000000000027,10.25,395.01,399.24,405.94,0.017592134164234684,0.02079687148542526,-14.740000000000009,0
2026-03-16,395.56,403.73,394.42,396.22,58068300,0.011145194274028665,397.74857142857144,407.93566666666663,430.32677777777775,-0.660000000000025,9.310000000000002,391.2,407.82,405.55,0.018635164850110658,0.019880709183681112,-9.990000000000009,1
2026-03-17,399.27,400.12,393.0,395.69,46890500,0.009379108099908938,398.1114285714286,407.18433333333337,429.82688888888885,3.579999999999984,7.1200000000000045,395.56,395.01,396.73,0.01718662457777804,0.019718565536151984,2.5399999999999636,1
2026-03-18,392.78,403.07,392.31,399.0,50853100,-0.01625466476319285,397.26857142857136,406.21166666666664,429.0570000000001,-6.220000000000027,10.759999999999991,399.27,391.2,398.68,0.018222411933972563,0.019893009747334756,-5.900000000000034,0
2026-03-19,380.3,387.27,378.73,387.27,67078300,-0.031773511889607316,394.5628571428571,405.35466666666673,428.328,-6.96999999999997,8.539999999999964,392.78,395.56,399.24,0.02125631114583525,0.019548516872855987,-18.939999999999998,0
2026-03-20,367.96,379.89,364.46,379.85,78628600,-0.032448067315277496,388.86857142857144,404.37966666666665,427.644,-11.890000000000043,15.430000000000007,380.3,399.27,407.82,0.01897799771998016,0.020015915748707636,-39.860000000000014,0
2026-03-23,380.85,385.33,372.73,373.09,74606000,0.03503098162843799,386.8457142857143,403.371,426.9286666666667,7.760000000000048,12.599999999999966,367.96,392.78,395.01,0.02479362327623549,0.020018290731768536,-14.159999999999968,1
2026-03-24,383.03,387.48,376.31,376.56,60004900,0.005724038335302481,385.67857142857144,402.228,426.299888888889,6.46999999999997,11.170000000000016,380.85,380.3,391.2,0.02498705864472849,0.01980836379743422,-8.170000000000016,1
2026-03-25,385.95,396.23,385.01,389.99,55157300,0.007623423752708707,384.30571428571426,400.9193333333333,425.8037777777777,-4.0400000000000205,11.220000000000027,383.03,367.96,395.56,0.02469457317248255,0.01948923212109998,-9.610000000000014,1
2026-03-26,372.11,384.44,371.87,381.6,55522900,-0.035859567301463856,380.42571428571426,399.0473333333333,425.4717777777778,-9.490000000000009,12.569999999999993,385.95,380.85,399.27,0.02667977792779605,0.020278758655258886,-27.159999999999968,0
2026-03-27,361.83,369.86,359.47,369.69,62065700,-0.02762623955282048,376.00428571428574,397.206,424.99933333333337,-7.860000000000014,10.389999999999986,372.11,383.03,392.78,0.027479052939946187,0.020334817812193273,-30.94999999999999,0
2026-03-30,355.28,367.29,352.14,365.86,67954400,-0.01810242379017774,372.42999999999995,395.134,424.40333333333336,-10.580000000000041,15.150000000000034,361.83,385.95,380.3,0.026242118914134412,0.020455752457914086,-25.02000000000004,0
2026-03-31,371.75,373.33,361.0,361.51,75534900,0.04635780229678008,372.97142857142853,393.838,424.0755555555556,10.240000000000009,12.329999999999984,355.28,372.11,367.96,0.031142726223706833,0.02238620772157681,3.7900000000000205,1
2026-04-01,381.26,383.14,374.08,378.63,58683800,0.025581708137188946,373.03000000000003,392.836,423.823,2.6299999999999955,9.060000000000002,371.75,361.83,380.85,0.029634472806293215,0.022978520987838362,0.40999999999996817,1
2026-04-02,360.59,370.28,359.03,364.2,83031200,-0.054214971410585996,369.8242857142856,391.13199999999995,423.43811111111114,-3.6100000000000136,11.25,381.26,355.28,383.03,0.03588363655131486,0.024843419604904306,-22.439999999999998,0
2026-04-06,352.82,367.72,346.64,362.59,77697600,-0.02154801852519477,365.09142857142854,389.1653333333333,423.0128888888888,-9.769999999999982,21.08000000000004,360.59,371.75,385.95,0.03545348955842224,0.02502943951923161,-33.129999999999995,0
2026-04-07,346.65,348.02,337.24,346.44,74515400,-0.017487670766963368,361.4542857142857,387.3926666666667,422.2225555555555,0.20999999999997954,10.779999999999973,352.82,381.26,372.11,0.034062998627945915,0.02472877329751536,-25.460000000000036,0
2026-04-08,343.25,364.5,339.67,363.79,78838600,-0.009808163854031379,358.8,385.18833333333333,421.3764444444444,-20.54000000000002,24.829999999999984,346.65,360.59,361.83,0.033142759269051095,0.02415598774133316,-18.579999999999984,0
2026-04-09,345.62,348.88,337.25,343.15,62164000,0.006904588492352526,357.42,382.79566666666665,420.47688888888894,2.4700000000000273,11.629999999999995,343.25,352.82,355.28,0.03309828091298576,0.023808833474044565,-9.659999999999968,1
2026-04-10,348.95,350.36,342.74,346.29,51336000,0.009634859093802395,354.1628571428572,380.808,419.5744444444444,2.659999999999968,7.6200000000000045,345.62,346.65,371.75,0.026044964123827893,0.02379703453985538,-22.80000000000001,1
2026-04-13,352.42,356.35,348.57,350.07,53617500,0.009944118068491267,350.0428571428571,379.1383333333333,418.71088888888886,2.3500000000000227,7.78000000000003,348.95,343.25,381.26,0.02312036188669525,0.023872419509589873,-28.839999999999975,1
2026-04-14,364.2,367.63,354.77,357.67,59979600,0.03342602576471248,350.5585714285715,377.8343333333333,417.98822222222225,6.529999999999973,12.860000000000014,352.42,345.62,360.59,0.01917259939925387,0.0248218337602604,3.6100000000000136,1
2026-04-15,391.95,394.65,362.5,366.83,113810400,0.07619439868204284,356.1485714285714,377.8183333333333,417.37944444444446,25.120000000000005,32.14999999999998,364.2,348.95,352.82,0.03128625163062954,0.028301497228216493,39.129999999999995,1
2026-04-16,388.9,394.06,381.8,393.81,63515100,-0.007781604796530199,362.1842857142857,377.25033333333334,416.6502222222223,-4.910000000000025,12.259999999999991,391.95,352.42,346.65,0.029755982971589615,0.02758886578421715,42.25,0
2026-04-17,400.62,409.28,391.65,395.92,90640000,0.030136281820519487,370.38,377.086,416.046,4.699999999999989,17.629999999999995,388.9,364.2,343.25,0.027519697393660624,0.028170918409113416,57.370000000000005,1
2026-04-20,392.5,406.8,388.33,402.58,64603900,-0.02026858369527234,377.07714285714286,376.945,415.5228888888889,-10.079999999999984,18.470000000000027,400.62,391.95,345.62,0.03170672163988686,0.02813284717615033,46.879999999999995,0
2026-04-21,386.42,393.95,385.22,393.0,50530600,-0.015490445859872571,382.43,376.53633333333335,414.87011111111116,-6.579999999999984,8.729999999999961,392.5,388.9,348.95,0.034232760467036445,0.028256871854875253,37.47000000000003,0
2026-04-22,387.51,393.01,385.3,387.57,62362800,0.0028207649707571426,387.4428571428572,376.1453333333333,414.1596666666666,-0.060000000000002274,7.7099999999999795,386.42,400.62,352.42,0.03451853499317475,0.02826161897363236,35.089999999999975,1
2026-04-23,373.72,386.0,368.39,375.28,93969500,-0.03558617842120194,388.80285714285714,375.00866666666667,413.34666666666664,-1.5599999999999454,17.610000000000014,387.51,392.5,364.2,0.03779474125810752,0.02864108960432481,9.520000000000039,0
2026-04-24,376.3,382.76,370.73,373.5,62893300,0.006903564165685497,386.56714285714287,374.385,412.42822222222225,2.8000000000000114,12.029999999999973,373.72,386.42,391.95,0.02129651056912522,0.02815825385331594,-15.649999999999977,1
2026-04-27,378.67,380.78,364.02,372.09,66735800,0.00629816635663036,385.10571428571427,373.9673333333333,411.3544444444445,6.580000000000041,16.75999999999999,376.3,387.51,388.9,0.021717893774993308,0.028144524429485465,-10.229999999999961,1
2026-04-28,376.02,382.29,372.54,374.68,50864400,-0.006998177832941701,381.5914285714286,373.316,410.08933333333334,1.339999999999975,9.75,378.67,373.72,400.62,0.015845929489148963,0.02807595829913757,-24.600000000000023,0
2026-04-29,372.8,376.4,370.04,375.4,45384800,-0.008563374288601593,378.77714285714285,372.4336666666666,409.0397777777778,-2.599999999999966,6.359999999999957,376.02,376.3,392.5,0.015043970230930574,0.02803148520374644,-19.69999999999999,0
2026-04-30,381.63,384.75,368.17,372.75,51076000,0.023685622317596522,378.09285714285716,372.062,407.9093333333334,8.879999999999995,16.579999999999984,372.8,378.67,386.42,0.018376971646018297,0.028274009691855163,-4.7900000000000205,1
2026-05-01,390.82,397.82,378.8,382.49,65338300,0.024080916070539523,378.5657142857143,372.41266666666667,406.9051111111111,8.329999999999984,19.019999999999982,381.63,376.02,387.51,0.020829185134234266,0.027986386447739407,3.3100000000000023,1
2026-05-04,392.51,394.64,384.8,390.23,48765100,0.004324241338723703,381.25,373.231,405.83599999999996,2.2799999999999727,9.839999999999975,390.82,372.8,373.72,0.013012305163638363,0.02725366595845605,18.789999999999964,1
2026-05-05,389.37,402.12,389.0,395.19,47780600,-0.007999796183536691,383.1171428571428,373.51500000000004,404.76722222222224,-5.819999999999993,13.120000000000005,392.51,381.63,376.3,0.0142143564356986,0.02660783551887168,13.069999999999993,0
2026-05-06,398.73,401.68,384.02,386.25,53465400,0.024038831959318933,385.9828571428571,374.0383333333333,403.8042222222223,12.480000000000018,17.660000000000025,389.37,390.82,378.67,0.015963456827200722,0.026926340045803618,20.060000000000002,1
2026-05-07,411.79,415.83,402.12,407.48,64294200,0.03275399393073007,391.0928571428571,374.89966666666663,403.0997777777777,4.310000000000002,13.70999999999998,398.73,392.51,376.02,0.016980555413485126,0.027502134343320918,35.77000000000004,1
2026-05-08,428.35,431.2,416.39,416.48,65050000,0.04021467252725904,399.02857142857147,376.77433333333335,402.75211111111116,11.870000000000005,14.810000000000002,411.79,389.37,372.8,0.016570017167361624,0.02734762031427813,55.55000000000001,1
2026-05-11,445.0,449.16,416.8,422.16,78376100,0.03887008287615262,408.0814285714286,379.5466666666667,402.64733333333334,22.839999999999975,32.360000000000014,428.35,398.73,381.63,0.01803785414571565,0.027301703099503992,63.370000000000005,1
2026-05-12,433.45,447.8,422.26,441.41,60569300,-0.025955056179775306,414.1714285714285,382.15233333333333,402.46655555555554,-7.960000000000036,25.54000000000002,445.0,411.79,390.82,0.025568608003659697,0.02758954799308315,42.629999999999995,0
2026-05-13,445.27,453.4,430.21,436.67,68283200,0.02726958126658206,421.7085714285714,384.60299999999995,402.5465555555555,8.599999999999966,23.189999999999998,433.45,428.35,392.51,0.025415564556615592,0.026861446472580843,52.75999999999999,1
2026-05-14,443.3,451.98,441.16,446.49,46070400,-0.004424281896377413,429.4128571428572,386.67100000000005,402.45355555555557,-3.1899999999999977,10.819999999999993,445.27,445.0,389.37,0.024824306074677546,0.026679811278762112,53.93000000000001,0
2026-05-15,422.24,434.66,422.0,433.98,52688700,-0.04750733137829912,432.7714285714286,388.726,402.33444444444444,-11.740000000000009,12.660000000000025,443.3,433.45,398.73,0.0350221393588805,0.02618671581841169,23.50999999999999,0
2026-05-18,409.99,421.13,405.33,419.27,52474200,-0.029011936339522544,432.5142857142858,390.6316666666667,402.09644444444444,-9.279999999999973,15.800000000000011,422.24,445.27,411.79,0.035738795842816126,0.02648729917890727,-1.8000000000000114,0
2026-05-19,404.11,405.63,393.63,403.16,46500600,-0.01434181321495645,429.0514285714285,392.54699999999997,401.7443333333334,0.9499999999999886,12.0,409.99,443.3,428.35,0.03114041214102796,0.026399834878573985,-24.24000000000001,0
2026-05-20,417.26,417.46,406.39,407.6,45294700,0.03254064487392041,425.0885714285714,395.014,401.436,9.659999999999968,11.069999999999993,404.11,422.24,445.0,0.029611354579830624,0.026686011239237674,-27.74000000000001,1
2026-05-21,417.85,426.95,412.9,422.18,42636900,0.0014139864832479314,422.86,397.4216666666667,401.0903333333333,-4.329999999999984,14.050000000000011,417.26,409.99,433.45,0.028759596742030512,0.02670459043111881,-15.599999999999966,1
2026-05-22,426.01,431.51,420.51,422.67,46104700,0.019528538949383674,420.10857142857145,399.9903333333333,400.8548888888888,3.339999999999975,11.0,417.85,404.11,445.27,0.027436367961684312,0.026803154564295443,-19.25999999999999,1
2026-05-26,433.59,435.2,426.12,430.26,45658900,0.017793009553766306,418.72142857142853,402.69599999999997,400.79255555555557,3.329999999999984,9.079999999999984,426.01,417.26,443.3,0.02889169160167594,0.02687093131318708,-9.710000000000036,1
2026-05-27,440.36,445.6,435.52,442.89,44656500,0.015613828732212549,421.31,405.23466666666667,400.81244444444445,-2.5299999999999727,10.080000000000041,433.59,417.85,422.24,0.02152226517187429,0.026467013887456974,18.120000000000005,1
2026-05-28,442.1,443.96,436.3,437.62,32435000,0.003951312562448926,425.8971428571428,406.90633333333335,400.8635555555556,4.480000000000018,7.659999999999968,440.36,426.01,409.99,0.01520918097020141,0.022981658296833327,32.110000000000014,1
2026-05-29,435.79,441.07,428.14,439.85,45176800,-0.014272788961773359,430.42285714285714,408.46933333333334,401.04733333333337,-4.060000000000002,12.930000000000007,442.1,433.59,404.11,0.01519007718480036,0.023129188825367065,31.680000000000007,0
2026-06-01,415.88,429.6,415.43,427.49,44937900,-0.0456871428899241,430.2257142857143,408.978,400.8744444444444,-11.610000000000014,14.170000000000016,435.79,440.36,417.26,0.023273708789603713,0.02429494080249363,-1.3799999999999955,0
2026-06-02,423.74,424.42,413.65,418.22,37596000,0.01889968260075025,431.06714285714287,410.01933333333335,400.5897777777777,5.519999999999982,10.770000000000039,415.88,442.1,417.85,0.02439194797648785,0.024134838045501046,5.889999999999986,1
2026-06-03,423.7,433.6,416.0,418.7,44500700,-9.439750790583958e-05,430.7371428571428,411.26199999999994,400.308,5.0,17.600000000000023,423.74,435.79,426.01,0.023173875724828718,0.023894137095913474,-2.3100000000000023,0
2026-06-04,418.45,426.35,417.16,419.84,35323300,-0.012390842577295256,428.57428571428574,412.2933333333333,400.1218888888889,-1.3899999999999864,9.189999999999998,423.7,415.88,433.59,0.021970510289689826,0.024066577751563876,-15.139999999999986,0
2026-06-05,391.0,424.68,388.59,420.5,63420200,-0.0655992352730314,421.5228571428571,412.8693333333333,399.67855555555553,-29.5,36.09000000000003,418.45,423.74,440.36,0.029509868228191575,0.026244494752123076,-49.360000000000014,0
2026-06-08,408.95,412.94,394.72,396.33,50328800,0.04590792838874677,416.7871428571429,413.95766666666674,399.42844444444444,12.620000000000005,18.21999999999997,391.0,423.7,442.1,0.037519622340372434,0.027442550133709342,-33.150000000000034,1
2026-06-09,396.68,418.5,384.24,411.03,59940200,-0.030003667930064756,411.2,414.558,399.2075555555556,-14.349999999999966,34.25999999999999,408.95,418.45,435.79,0.038249886625233195,0.028091384444817853,-39.110000000000014,0
2026-06-10,381.59,397.09,380.15,391.54,49695600,-0.03804073812644961,406.3014285714286,414.7436666666666,398.6651111111111,-9.950000000000045,16.939999999999998,396.68,391.0,415.88,0.037247191666157316,0.028989153919628887,-34.29000000000002,0
2026-06-11,399.15,399.54,380.66,388.28,45324300,0.0460179774103095,402.78857142857134,415.62200000000007,398.41333333333336,10.870000000000005,18.879999999999995,381.59,408.95,423.74,0.042050768129080006,0.030067483135724334,-24.590000000000032,1
2026-06-12,406.43,406.68,386.76,399.49,63514500,0.018238757359388777,400.32142857142856,416.4486666666666,398.24077777777785,6.939999999999998,19.920000000000016,399.15,396.68,423.7,0.04316277062283745,0.029952738351872756,-17.269999999999982,1
2026-06-15,411.15,416.0,407.1,412.37,45620500,0.011613315946165319,399.27857142857147,417.1263333333334,398.29788888888885,-1.2200000000000273,8.899999999999977,406.43,381.59,418.45,0.043441872285515416,0.029729181698439036,-7.300000000000011,1
2026-06-16,404.66,412.42,400.54,404.11,40255500,-0.015784993311443396,401.23,417.53133333333335,398.3806666666667,0.5500000000000114,11.879999999999995,411.15,399.15,391.0,0.034359543935190855,0.029904005080355563,13.660000000000025,0
2026-06-17,396.38,405.94,393.76,401.53,43534300,-0.020461622102505878,399.4342857142857,417.765,398.217,-5.149999999999977,12.180000000000007,404.66,406.43,408.95,0.03023503591013974,0.030125555278518814,-12.569999999999993,0
2026-06-18,400.49,402.52,384.7,398.1,58384700,0.010368837983752998,399.9785714285714,417.8236666666666,398.03000000000003,2.3899999999999864,17.819999999999993,396.38,411.15,396.68,0.02824660621063063,0.029867913447685406,3.8100000000000023,1
